report_date,symbol,instrument,dataset,spec_long,spec_short,comm_long,comm_short,net_spec,net_comm,open_interest
2010-01-05,AUD,AUSTRALIAN DOLLAR,tff,54636,7913,2983,84960,46723,-81977,108728
2010-01-05,CAD,CANADIAN DOLLAR,tff,52082,6474,663,76594,45608,-75931,107554
2010-01-05,CHF,SWISS FRANC,tff,10459,14581,12025,8765,-4122,3260,35161
2010-01-05,COPPER,COPPER,dis,51738,35210,76411,94843,16528,-18432,158539
2010-01-05,EUR,EURO FX,tff,21682,63783,56648,32532,-42101,24116,156155
2010-01-05,GBP,BRITISH POUND,tff,11039,43484,50806,856,-32445,49950,92891
2010-01-05,GOLD,GOLD,dis,263008,35241,98195,376746,227767,-278551,507643
2010-01-05,JPY,JAPANESE YEN,tff,12930,24062,41931,39813,-11132,2118,104231
2010-01-05,NZD,NEW ZEALAND DOLLAR,tff,16458,5133,1955,16068,11325,-14113,23053
2010-01-05,OIL,WTI CRUDE OIL,dis,36759,25864,142397,131789,10895,10608,208580
2010-01-05,SILVER,SILVER,dis,44312,4813,26098,83488,39499,-57390,125391
2010-01-05,USD,US DOLLAR INDEX,tff,11100,27268,34653,23893,-16168,10760,62056
2010-01-12,AUD,AUSTRALIAN DOLLAR,tff,65018,5458,2800,101290,59560,-98490,126970
2010-01-12,CAD,CANADIAN DOLLAR,tff,59232,3722,1160,86777,55510,-85617,117310
2010-01-12,CHF,SWISS FRANC,tff,16095,4648,6222,21892,11447,-15670,38204
2010-01-12,COPPER,COPPER,dis,51974,29433,66816,93719,22541,-26903,151321
2010-01-12,EUR,EURO FX,tff,21776,41932,55686,51172,-20156,4514,161287
2010-01-12,GBP,BRITISH POUND,tff,8607,35980,48555,2022,-27373,46533,89147
2010-01-12,GOLD,GOLD,dis,271260,41918,100451,382939,229342,-282488,523266
2010-01-12,JPY,JAPANESE YEN,tff,14801,26215,54221,43843,-11414,10378,120568
2010-01-12,NZD,NEW ZEALAND DOLLAR,tff,18956,4648,2112,18530,14308,-16418,25732
2010-01-12,OIL,WTI CRUDE OIL,dis,36424,25440,150324,140263,10984,10061,217533
2010-01-12,SILVER,SILVER,dis,48703,4175,26124,87870,44528,-61746,128675
2010-01-12,USD,US DOLLAR INDEX,tff,10636,20018,28028,21883,-9382,6145,52227
2010-01-19,AUD,AUSTRALIAN DOLLAR,tff,69045,6886,4223,107122,62159,-102899,133086
2010-01-19,CAD,CANADIAN DOLLAR,tff,61031,2697,2282,89246,58334,-86964,120271
2010-01-19,CHF,SWISS FRANC,tff,14408,2622,6738,24772,11786,-18034,37744
2010-01-19,COPPER,COPPER,dis,50762,23095,60389,91363,27667,-30974,143012
2010-01-19,EUR,EURO FX,tff,15107,48961,63245,44441,-33854,18804,164501
2010-01-19,GBP,BRITISH POUND,tff,17414,26293,32026,7617,-8879,24409,83337
2010-01-19,GOLD,GOLD,dis,261276,39807,109197,382844,221469,-273647,528924
2010-01-19,JPY,JAPANESE YEN,tff,18301,27078,49485,46703,-8777,2782,122367
2010-01-19,NZD,NEW ZEALAND DOLLAR,tff,19907,5068,2112,19064,14839,-16952,26917
2010-01-19,OIL,WTI CRUDE OIL,dis,34594,25500,153271,138650,9094,14621,220833
2010-01-19,SILVER,SILVER,dis,49357,5056,26749,88439,44301,-61690,131385
2010-01-19,USD,US DOLLAR INDEX,tff,9562,16894,25134,21592,-7332,3542,49139
2010-01-26,AUD,AUSTRALIAN DOLLAR,tff,51722,7917,5507,82518,43805,-77011,112867
2010-01-26,CAD,CANADIAN DOLLAR,tff,35776,9386,2643,54931,26390,-52288,91375
2010-01-26,CHF,SWISS FRANC,tff,9783,6116,10855,14005,3667,-3150,34075
2010-01-26,COPPER,COPPER,dis,48727,19957,58061,87467,28770,-29406,140683
2010-01-26,EUR,EURO FX,tff,16828,60431,88712,50278,-43603,38434,184978
2010-01-26,GBP,BRITISH POUND,tff,11486,26740,43786,10589,-15254,33197,86475
2010-01-26,GOLD,GOLD,dis,246223,34299,111492,360110,211924,-248618,507565
2010-01-26,JPY,JAPANESE YEN,tff,23212,18847,35214,53731,4365,-18517,119819
2010-01-26,NZD,NEW ZEALAND DOLLAR,tff,14152,7220,2579,12234,6932,-9655,21440
2010-01-26,OIL,WTI CRUDE OIL,dis,33793,27102,161164,141575,6691,19589,221689
2010-01-26,SILVER,SILVER,dis,41473,4404,29036,83747,37069,-54711,124895
2010-01-26,USD,US DOLLAR INDEX,tff,19627,22409,23310,25987,-2782,-2677,59330
2010-02-02,AUD,AUSTRALIAN DOLLAR,tff,36317,5744,4306,67326,30573,-63020,98426
2010-02-02,CAD,CANADIAN DOLLAR,tff,24727,10903,4477,40027,13824,-35550,82692
2010-02-02,CHF,SWISS FRANC,tff,8690,11519,15369,9338,-2829,6031,36263
2010-02-02,COPPER,COPPER,dis,40438,22166,59788,78511,18272,-18723,132113
2010-02-02,EUR,EURO FX,tff,12809,62929,93121,47301,-50120,45820,186878
2010-02-02,GBP,BRITISH POUND,tff,9463,30421,52950,8887,-20958,44063,95712
2010-02-02,GOLD,GOLD,dis,246048,35879,103361,347940,210169,-244579,480860
2010-02-02,JPY,JAPANESE YEN,tff,22794,10496,32939,59755,12298,-26816,116129
2010-02-02,NZD,NEW ZEALAND DOLLAR,tff,13744,9529,2506,8936,4215,-6430,21312
2010-02-02,OIL,WTI CRUDE OIL,dis,29867,24099,150288,132245,5768,18043,206542
2010-02-02,SILVER,SILVER,dis,36924,6047,32572,79135,30877,-46563,122261
2010-02-02,USD,US DOLLAR INDEX,tff,27657,28116,24870,29652,-459,-4782,67283
2010-02-09,AUD,AUSTRALIAN DOLLAR,tff,31042,11163,6879,54379,19879,-47500,99643
2010-02-09,CAD,CANADIAN DOLLAR,tff,23946,16861,8962,36133,7085,-27171,84317
2010-02-09,CHF,SWISS FRANC,tff,6253,15064,23378,9488,-8811,13890,42359
2010-02-09,COPPER,COPPER,dis,35897,22247,61623,73751,13650,-12128,124076
2010-02-09,EUR,EURO FX,tff,15651,72717,110303,45501,-57066,64802,197457
2010-02-09,GBP,BRITISH POUND,tff,11265,43475,72176,8803,-32210,63373,116362
2010-02-09,GOLD,GOLD,dis,222775,41256,110759,324186,181519,-213427,466905
2010-02-09,JPY,JAPANESE YEN,tff,31570,6383,20425,65963,25187,-45538,120060
2010-02-09,NZD,NEW ZEALAND DOLLAR,tff,12645,9431,2847,7765,3214,-4918,20171
2010-02-09,OIL,WTI CRUDE OIL,dis,29407,23876,154701,134216,5531,20485,211277
2010-02-09,SILVER,SILVER,dis,32438,9073,34830,72630,23365,-37800,118593
2010-02-09,USD,US DOLLAR INDEX,tff,21434,14664,23478,36317,6770,-12839,58939
2010-02-16,AUD,AUSTRALIAN DOLLAR,tff,38302,10218,5017,56827,28084,-51810,98449
2010-02-16,CAD,CANADIAN DOLLAR,tff,34318,13347,5643,51752,20971,-46109,93330
2010-02-16,CHF,SWISS FRANC,tff,5240,16256,23249,9459,-11016,13790,40881
2010-02-16,COPPER,COPPER,dis,37722,23642,59887,70916,14080,-11029,126363
2010-02-16,EUR,EURO FX,tff,17149,69041,107144,48409,-51892,58735,196042
2010-02-16,GBP,BRITISH POUND,tff,9956,44645,78162,7460,-34689,70702,119085
2010-02-16,GOLD,GOLD,dis,224715,35857,105334,325212,188858,-219878,466509
2010-02-16,JPY,JAPANESE YEN,tff,25649,8312,27063,64998,17337,-37935,119816
2010-02-16,NZD,NEW ZEALAND DOLLAR,tff,12599,6863,2646,9146,5736,-6500,19679
2010-02-16,OIL,WTI CRUDE OIL,dis,29516,23657,157273,135853,5859,21420,214169
2010-02-16,SILVER,SILVER,dis,34615,9237,35553,73779,25378,-38226,120166
2010-02-16,USD,US DOLLAR INDEX,tff,22012,14686,22610,36070,7326,-13460,58733
2010-02-23,AUD,AUSTRALIAN DOLLAR,tff,45863,7190,4335,73649,38673,-69314,108320
2010-02-23,CAD,CANADIAN DOLLAR,tff,40929,9553,2769,61647,31376,-58878,100629
2010-02-23,CHF,SWISS FRANC,tff,6017,19950,28328,9430,-13933,18898,45407
2010-02-23,COPPER,COPPER,dis,38991,23027,58116,72507,15964,-14391,126394
2010-02-23,EUR,EURO FX,tff,18369,81838,116804,44891,-63469,71913,208474
2010-02-23,GBP,BRITISH POUND,tff,11236,52572,83081,3848,-41336,79233,125106
2010-02-23,GOLD,GOLD,dis,233106,32484,97536,335580,200622,-238044,466572
2010-02-23,JPY,JAPANESE YEN,tff,20038,18043,36780,55909,1995,-19129,122919
2010-02-23,NZD,NEW ZEALAND DOLLAR,tff,12587,7810,3140,8949,4777,-5809,20201
2010-02-23,OIL,WTI CRUDE OIL,dis,31726,28681,164577,140133,3045,24444,221422
2010-02-23,SILVER,SILVER,dis,35495,7679,36528,76298,27816,-39770,117376
2010-02-23,USD,US DOLLAR INDEX,tff,20937,12044,22636,37112,8893,-14476,57575
2010-03-02,AUD,AUSTRALIAN DOLLAR,tff,52565,4775,3986,87449,47790,-83463,116667
2010-03-02,CAD,CANADIAN DOLLAR,tff,45691,8151,5210,69937,37540,-64727,109517
2010-03-02,CHF,SWISS FRANC,tff,5657,16830,24445,9949,-11173,14496,42147
2010-03-02,COPPER,COPPER,dis,38872,23005,60663,73576,15867,-12913,125878
2010-03-02,EUR,EURO FX,tff,18694,79660,116419,49870,-60966,66549,218803
2010-03-02,GBP,BRITISH POUND,tff,12045,53191,79849,4151,-41146,75698,129123
2010-03-02,GOLD,GOLD,dis,239765,32393,101700,353237,207372,-251537,482786
2010-03-02,JPY,JAPANESE YEN,tff,44004,10296,15898,73666,33708,-57768,133600
2010-03-02,NZD,NEW ZEALAND DOLLAR,tff,11657,8301,3532,8062,3356,-4530,20158
2010-03-02,OIL,WTI CRUDE OIL,dis,35162,31554,152404,135385,3608,17019,211062
2010-03-02,SILVER,SILVER,dis,36721,5663,31034,71974,31058,-40940,108248
2010-03-02,USD,US DOLLAR INDEX,tff,19613,10900,22483,37684,8713,-15201,55702
2010-03-09,AUD,AUSTRALIAN DOLLAR,tff,64208,1878,2883,105302,62330,-102419,130808
2010-03-09,CAD,CANADIAN DOLLAR,tff,68273,5874,2054,95707,62399,-93653,138991
2010-03-09,CHF,SWISS FRANC,tff,5509,16544,22692,9561,-11035,13131,47810
2010-03-09,COPPER,COPPER,dis,41913,23635,60020,76984,18278,-16964,127613
2010-03-09,EUR,EURO FX,tff,17907,92561,126558,46598,-74654,79960,243524
2010-03-09,GBP,BRITISH POUND,tff,6809,51245,81465,4248,-44436,77217,148562
2010-03-09,GOLD,GOLD,dis,240868,32674,112952,364739,208194,-251787,493909
2010-03-09,JPY,JAPANESE YEN,tff,40086,11450,20295,72909,28636,-52614,137443
2010-03-09,NZD,NEW ZEALAND DOLLAR,tff,9822,8449,4751,8086,1373,-3335,21863
2010-03-09,OIL,WTI CRUDE OIL,dis,33518,33610,157848,139126,-92,18722,218560
2010-03-09,SILVER,SILVER,dis,40051,4886,29220,75019,35165,-45799,112130
2010-03-09,USD,US DOLLAR INDEX,tff,20503,9262,19794,36777,11241,-16983,58121
2010-03-16,AUD,AUSTRALIAN DOLLAR,tff,65397,3496,1491,108825,61901,-107334,126301
2010-03-16,CAD,CANADIAN DOLLAR,tff,77445,6241,1038,101884,71204,-100846,180184
2010-03-16,CHF,SWISS FRANC,tff,7317,15851,10560,3250,-8534,7310,32157
2010-03-16,COPPER,COPPER,dis,42288,23284,59740,76903,19004,-17163,130126
2010-03-16,EUR,EURO FX,tff,18336,79044,70764,12040,-60708,58724,163822
2010-03-16,GBP,BRITISH POUND,tff,9109,53910,80958,3283,-44801,77675,121551
2010-03-16,GOLD,GOLD,dis,239065,38719,109825,352120,200346,-242295,496481
2010-03-16,JPY,JAPANESE YEN,tff,29987,16745,5961,39735,13242,-33774,95999
2010-03-16,NZD,NEW ZEALAND DOLLAR,tff,9162,7895,2212,5998,1267,-3786,15638
2010-03-16,OIL,WTI CRUDE OIL,dis,34042,34655,160577,140327,-613,20250,222038
2010-03-16,SILVER,SILVER,dis,40126,5270,29779,77787,34856,-48008,114192
2010-03-16,USD,US DOLLAR INDEX,tff,14571,7700,18714,30928,6871,-12214,46920
2010-03-23,AUD,AUSTRALIAN DOLLAR,tff,75530,3334,1906,118778,72196,-116872,142413
2010-03-23,CAD,CANADIAN DOLLAR,tff,87514,6704,744,118815,80810,-118071,152885
2010-03-23,CHF,SWISS FRANC,tff,8176,10254,8962,9076,-2078,-114,30910
2010-03-23,COPPER,COPPER,dis,42636,24585,60683,76396,18051,-15713,132494
2010-03-23,EUR,EURO FX,tff,18919,102137,97710,12213,-83218,85497,195287
2010-03-23,GBP,BRITISH POUND,tff,7358,62017,93384,1958,-54659,91426,130646
2010-03-23,GOLD,GOLD,dis,221472,37600,124504,348327,183872,-223823,495143
2010-03-23,JPY,JAPANESE YEN,tff,30483,21083,6978,34878,9400,-27900,96913
2010-03-23,NZD,NEW ZEALAND DOLLAR,tff,11410,7305,1941,8365,4105,-6424,17599
2010-03-23,OIL,WTI CRUDE OIL,dis,34816,34973,161872,141155,-157,20717,224651
2010-03-23,SILVER,SILVER,dis,38105,5804,29886,75584,32301,-45698,112520
2010-03-23,USD,US DOLLAR INDEX,tff,21053,9388,17672,32784,11665,-15112,51403
2010-03-30,AUD,AUSTRALIAN DOLLAR,tff,72465,1994,2251,117585,70471,-115334,142815
2010-03-30,CAD,CANADIAN DOLLAR,tff,88148,5103,1697,121566,83045,-119869,152133
2010-03-30,CHF,SWISS FRANC,tff,5725,11302,11205,4410,-5577,6795,28290
2010-03-30,COPPER,COPPER,dis,47203,25546,63203,84127,21657,-20924,141517
2010-03-30,EUR,EURO FX,tff,10606,118115,136076,12745,-107509,123331,223554
2010-03-30,GBP,BRITISH POUND,tff,5208,58328,97047,2034,-53120,95013,132818
2010-03-30,GOLD,GOLD,dis,209874,36108,135472,343163,173766,-207691,466678
2010-03-30,JPY,JAPANESE YEN,tff,15039,40827,35221,13257,-25788,21964,109417
2010-03-30,NZD,NEW ZEALAND DOLLAR,tff,10882,6570,2019,9226,4312,-7207,17143
2010-03-30,OIL,WTI CRUDE OIL,dis,37365,35398,161370,143156,1967,18214,219625
2010-03-30,SILVER,SILVER,dis,38734,5753,31259,77576,32981,-46317,113405
2010-03-30,USD,US DOLLAR INDEX,tff,28669,17179,18104,34580,11490,-16476,60419
2010-04-06,AUD,AUSTRALIAN DOLLAR,tff,75963,3135,1870,124776,72828,-122906,151605
2010-04-06,CAD,CANADIAN DOLLAR,tff,85410,5263,2037,117702,80147,-115665,151537
2010-04-06,CHF,SWISS FRANC,tff,8089,11527,10658,7599,-3438,3059,32272
2010-04-06,COPPER,COPPER,dis,50530,27584,65746,90314,22946,-24568,151388
2010-04-06,EUR,EURO FX,tff,17088,99772,110757,13602,-82684,97155,208883
2010-04-06,GBP,BRITISH POUND,tff,6248,53429,93678,3015,-47181,90663,129290
2010-04-06,GOLD,GOLD,dis,242302,38856,126670,371576,203446,-244906,497388
2010-04-06,JPY,JAPANESE YEN,tff,13680,52254,50240,9425,-38574,40815,123837
2010-04-06,NZD,NEW ZEALAND DOLLAR,tff,10858,6672,1896,7772,4186,-5876,16221
2010-04-06,OIL,WTI CRUDE OIL,dis,37306,37597,152737,129047,-291,23690,218199
2010-04-06,SILVER,SILVER,dis,44052,6529,29839,81525,37523,-51686,118712
2010-04-06,USD,US DOLLAR INDEX,tff,17552,7268,17920,33707,10284,-15787,50152
2010-04-13,AUD,AUSTRALIAN DOLLAR,tff,80675,2887,1937,127848,77788,-125911,154014
2010-04-13,CAD,CANADIAN DOLLAR,tff,87165,3800,2431,120901,83365,-118470,153401
2010-04-13,CHF,SWISS FRANC,tff,8736,13991,11939,6413,-5255,5526,33886
2010-04-13,COPPER,COPPER,dis,53458,29990,64259,88040,23468,-23781,150306
2010-04-13,EUR,EURO FX,tff,21493,90407,105632,20150,-68914,85482,203199
2010-04-13,GBP,BRITISH POUND,tff,12560,48902,78554,6069,-36342,72485,121947
2010-04-13,GOLD,GOLD,dis,262599,41857,135469,398953,220742,-263484,528856
2010-04-13,JPY,JAPANESE YEN,tff,7922,60844,65915,9876,-52922,56039,131723
2010-04-13,NZD,NEW ZEALAND DOLLAR,tff,11866,6486,2078,9233,5380,-7155,17540
2010-04-13,OIL,WTI CRUDE OIL,dis,37709,38234,153861,128345,-525,25516,220590
2010-04-13,SILVER,SILVER,dis,47495,7890,30927,86316,39605,-55389,123661
2010-04-13,USD,US DOLLAR INDEX,tff,15737,6155,16382,31615,9582,-15233,46766
2010-04-20,AUD,AUSTRALIAN DOLLAR,tff,78687,4001,1787,126139,74686,-124352,154367
2010-04-20,CAD,CANADIAN DOLLAR,tff,79947,7693,2410,108413,72254,-106003,149360
2010-04-20,CHF,SWISS FRANC,tff,10428,11772,10097,7295,-1344,2802,33431
2010-04-20,COPPER,COPPER,dis,50461,29547,66810,88011,20914,-21201,153954
2010-04-20,EUR,EURO FX,tff,20846,92908,105503,21643,-72062,83860,208291
2010-04-20,GBP,BRITISH POUND,tff,13086,37590,72326,8394,-24504,63932,121340
2010-04-20,GOLD,GOLD,dis,251244,40593,139961,397357,210651,-257396,521338
2010-04-20,JPY,JAPANESE YEN,tff,10458,57022,68478,16201,-46564,52277,134324
2010-04-20,NZD,NEW ZEALAND DOLLAR,tff,12528,5777,1918,9969,6751,-8051,17911
2010-04-20,OIL,WTI CRUDE OIL,dis,38417,41120,168836,134450,-2703,34386,231420
2010-04-20,SILVER,SILVER,dis,46960,8098,32605,86922,38862,-54317,126679
2010-04-20,USD,US DOLLAR INDEX,tff,17463,4693,15002,30294,12770,-15292,44558
2010-04-27,AUD,AUSTRALIAN DOLLAR,tff,67709,5819,2248,106801,61890,-104553,140472
2010-04-27,CAD,CANADIAN DOLLAR,tff,74640,5683,4280,105327,68957,-101047,144191
2010-04-27,CHF,SWISS FRANC,tff,10334,24499,24820,5474,-14165,19346,49308
2010-04-27,COPPER,COPPER,dis,47952,28142,65474,85645,19810,-20171,151824
2010-04-27,EUR,EURO FX,tff,20500,111862,129662,23225,-91362,106437,238298
2010-04-27,GBP,BRITISH POUND,tff,8841,42453,74395,5573,-33612,68822,119871
2010-04-27,GOLD,GOLD,dis,263472,37804,145584,411106,225668,-265522,538591
2010-04-27,JPY,JAPANESE YEN,tff,9336,61012,72612,16618,-51676,55994,137780
2010-04-27,NZD,NEW ZEALAND DOLLAR,tff,15616,5856,2155,13704,9760,-11549,21797
2010-04-27,OIL,WTI CRUDE OIL,dis,40137,40205,170754,138643,-68,32111,236049
2010-04-27,SILVER,SILVER,dis,48462,7895,29762,86183,40567,-56421,124157
2010-04-27,USD,US DOLLAR INDEX,tff,18954,7964,15577,30744,10990,-15167,47054
2010-05-04,AUD,AUSTRALIAN DOLLAR,tff,62435,9258,3396,95370,53177,-91974,136437
2010-05-04,CAD,CANADIAN DOLLAR,tff,66540,8421,6154,93530,58119,-87376,137181
2010-05-04,CHF,SWISS FRANC,tff,7091,27743,29983,2394,-20652,27589,51339
2010-05-04,COPPER,COPPER,dis,42642,29152,62278,75616,13490,-13338,142318
2010-05-04,EUR,EURO FX,tff,18041,127312,151815,25001,-109271,126814,261076
2010-05-04,GBP,BRITISH POUND,tff,11326,55453,86628,4695,-44127,81933,133988
2010-05-04,GOLD,GOLD,dis,271511,40964,151675,423261,230547,-271586,551616
2010-05-04,JPY,JAPANESE YEN,tff,9084,70995,81134,11666,-61911,69468,147243
2010-05-04,NZD,NEW ZEALAND DOLLAR,tff,16859,4887,2008,15630,11972,-13622,23312
2010-05-04,OIL,WTI CRUDE OIL,dis,39822,34312,158834,133347,5510,25487,226100
2010-05-04,SILVER,SILVER,dis,47287,8627,32069,87457,38660,-55388,123448
2010-05-04,USD,US DOLLAR INDEX,tff,21744,9366,15008,31394,12378,-16386,48517
2010-05-11,AUD,AUSTRALIAN DOLLAR,tff,41727,8406,12250,77340,33321,-65090,115269
2010-05-11,CAD,CANADIAN DOLLAR,tff,59188,7489,7321,82630,51699,-75309,122092
2010-05-11,CHF,SWISS FRANC,tff,5561,25720,33744,2430,-20159,31314,50562
2010-05-11,COPPER,COPPER,dis,36092,25494,62451,70969,10598,-8518,130991
2010-05-11,EUR,EURO FX,tff,21525,144148,171487,32749,-122623,138738,287589
2010-05-11,GBP,BRITISH POUND,tff,6000,58639,100684,6611,-52639,94073,142670
2010-05-11,GOLD,GOLD,dis,282375,46550,168306,450950,235825,-282644,583504
2010-05-11,JPY,JAPANESE YEN,tff,17568,52604,67631,42183,-35036,25448,146389
2010-05-11,NZD,NEW ZEALAND DOLLAR,tff,17948,4225,2114,17646,13723,-15532,24215
2010-05-11,OIL,WTI CRUDE OIL,dis,39349,34696,163968,137738,4653,26230,231631
2010-05-11,SILVER,SILVER,dis,47848,10258,30697,83215,37590,-52518,122669
2010-05-11,USD,US DOLLAR INDEX,tff,18304,14628,12722,21007,3676,-8285,42824
2010-05-18,AUD,AUSTRALIAN DOLLAR,tff,37267,13395,14021,66716,23872,-52695,113271
2010-05-18,CAD,CANADIAN DOLLAR,tff,58797,6559,8516,84621,52238,-76105,124952
2010-05-18,CHF,SWISS FRANC,tff,3515,25130,33329,2542,-21615,30787,48242
2010-05-18,COPPER,COPPER,dis,35258,28033,62602,66681,7225,-4079,128554
2010-05-18,EUR,EURO FX,tff,37605,153869,164771,34090,-116264,130681,300526
2010-05-18,GBP,BRITISH POUND,tff,7070,66699,107453,8268,-59629,99185,152357
2010-05-18,GOLD,GOLD,dis,281985,50315,170172,449916,231670,-279744,579758
2010-05-18,JPY,JAPANESE YEN,tff,15530,52022,63734,35571,-36492,28163,142699
2010-05-18,NZD,NEW ZEALAND DOLLAR,tff,14496,3900,3804,14584,10596,-10780,21357
2010-05-18,OIL,WTI CRUDE OIL,dis,38590,32909,166207,144168,5681,22039,234254
2010-05-18,SILVER,SILVER,dis,51664,8874,30235,89453,42790,-59218,125228
2010-05-18,USD,US DOLLAR INDEX,tff,15208,17361,12967,15182,-2153,-2215,39545
2010-05-25,AUD,AUSTRALIAN DOLLAR,tff,24002,15159,28686,56955,8843,-28269,106473
2010-05-25,CAD,CANADIAN DOLLAR,tff,41929,14556,19744,72463,27373,-52719,122642
2010-05-25,CHF,SWISS FRANC,tff,2994,23429,33429,3238,-20435,30191,48163
2010-05-25,COPPER,COPPER,dis,32592,28609,65569,66089,3983,-520,128730
2010-05-25,EUR,EURO FX,tff,27228,147870,160246,31972,-120642,128274,281966
2010-05-25,GBP,BRITISH POUND,tff,6885,67332,108320,7599,-60447,100721,151212
2010-05-25,GOLD,GOLD,dis,271184,43493,167088,435467,227691,-268379,591360
2010-05-25,JPY,JAPANESE YEN,tff,25713,31533,45459,53823,-5820,-8364,140769
2010-05-25,NZD,NEW ZEALAND DOLLAR,tff,10136,3274,5796,10397,6862,-4601,17760
2010-05-25,OIL,WTI CRUDE OIL,dis,40196,31629,170983,153438,8567,17545,240391
2010-05-25,SILVER,SILVER,dis,42146,7314,31781,83230,34832,-51449,120120
2010-05-25,USD,US DOLLAR INDEX,tff,14174,17177,11551,13187,-3003,-1636,37952
2010-06-01,AUD,AUSTRALIAN DOLLAR,tff,20034,16771,40007,54678,3263,-14671,110772
2010-06-01,CAD,CANADIAN DOLLAR,tff,36675,14823,20930,66592,21852,-45662,117450
2010-06-01,CHF,SWISS FRANC,tff,1818,25132,35697,2082,-23314,33615,49959
2010-06-01,COPPER,COPPER,dis,32767,27456,66056,68590,5311,-2534,127018
2010-06-01,EUR,EURO FX,tff,24084,134044,149026,31645,-109960,117381,275266
2010-06-01,GBP,BRITISH POUND,tff,9225,59790,104833,6914,-50565,97919,149216
2010-06-01,GOLD,GOLD,dis,266569,42023,172487,440110,224546,-267623,553950
2010-06-01,JPY,JAPANESE YEN,tff,27807,25077,35320,57555,2730,-22235,133365
2010-06-01,NZD,NEW ZEALAND DOLLAR,tff,6537,4972,6562,6948,1565,-386,15586
2010-06-01,OIL,WTI CRUDE OIL,dis,38821,24312,164195,153562,14509,10633,234083
2010-06-01,SILVER,SILVER,dis,41797,5912,33716,85671,35885,-51955,122368
2010-06-01,USD,US DOLLAR INDEX,tff,13421,17504,10894,11374,-4083,-480,36277
2010-06-08,AUD,AUSTRALIAN DOLLAR,tff,17856,15630,41856,55860,2226,-14004,108956
2010-06-08,CAD,CANADIAN DOLLAR,tff,33880,13335,23645,68990,20545,-45345,121438
2010-06-08,CHF,SWISS FRANC,tff,4470,26053,30857,2279,-21583,28578,59622
2010-06-08,COPPER,COPPER,dis,34347,33065,64794,65497,1282,-703,131799
2010-06-08,EUR,EURO FX,tff,29109,143057,158498,41803,-113948,116695,305060
2010-06-08,GBP,BRITISH POUND,tff,12842,62334,107949,8431,-49492,99518,167076
2010-06-08,GOLD,GOLD,dis,270729,43331,175948,449525,227398,-273577,564792
2010-06-08,JPY,JAPANESE YEN,tff,23277,28361,39404,54169,-5084,-14765,133010
2010-06-08,NZD,NEW ZEALAND DOLLAR,tff,5294,5590,8546,5910,-296,2636,17962
2010-06-08,OIL,WTI CRUDE OIL,dis,39688,25584,166350,156088,14104,10262,241329
2010-06-08,SILVER,SILVER,dis,40478,5475,33856,85900,35003,-52044,122536
2010-06-08,USD,US DOLLAR INDEX,tff,14853,19978,11949,11393,-5125,556,38248
2010-06-15,AUD,AUSTRALIAN DOLLAR,tff,20078,9402,7173,24554,10676,-17381,57653
2010-06-15,CAD,CANADIAN DOLLAR,tff,33384,8394,19071,69080,24990,-50009,127919
2010-06-15,CHF,SWISS FRANC,tff,6943,26218,27494,1978,-19275,25516,44092
2010-06-15,COPPER,COPPER,dis,33306,31870,72502,71463,1436,1039,137265
2010-06-15,EUR,EURO FX,tff,29958,109270,117861,21342,-79312,96519,227632
2010-06-15,GBP,BRITISH POUND,tff,7665,43297,82115,9749,-35632,72366,119301
2010-06-15,GOLD,GOLD,dis,273657,43406,178313,457257,230251,-278944,569204
2010-06-15,JPY,JAPANESE YEN,tff,19769,21148,6618,20679,-1379,-14061,82217
2010-06-15,NZD,NEW ZEALAND DOLLAR,tff,2726,6068,3764,338,-3342,3426,9089
2010-06-15,OIL,WTI CRUDE OIL,dis,39643,24527,171446,161098,15116,10348,248697
2010-06-15,SILVER,SILVER,dis,43464,5948,34328,88109,37516,-53781,131070
2010-06-15,USD,US DOLLAR INDEX,tff,13121,8181,11775,20857,4940,-9082,32329
2010-06-22,AUD,AUSTRALIAN DOLLAR,tff,22555,10463,6189,27265,12092,-21076,60340
2010-06-22,CAD,CANADIAN DOLLAR,tff,37088,10220,1185,52457,26868,-51272,86397
2010-06-22,CHF,SWISS FRANC,tff,8931,21352,25824,6246,-12421,19578,43561
2010-06-22,COPPER,COPPER,dis,33374,31901,71285,70137,1473,1148,139932
2010-06-22,EUR,EURO FX,tff,23800,110231,120577,19027,-86431,101550,224050
2010-06-22,GBP,BRITISH POUND,tff,11207,43176,84164,14428,-31969,69736,125471
2010-06-22,GOLD,GOLD,dis,283920,45286,186762,475678,238634,-288916,602411
2010-06-22,JPY,JAPANESE YEN,tff,25593,20602,6191,32348,4991,-26157,91415
2010-06-22,NZD,NEW ZEALAND DOLLAR,tff,4583,5661,2965,1921,-1078,1044,10476
2010-06-22,OIL,WTI CRUDE OIL,dis,40491,22317,172616,164451,18174,8165,251353
2010-06-22,SILVER,SILVER,dis,46666,6615,35668,91244,40051,-55576,139019
2010-06-22,USD,US DOLLAR INDEX,tff,11908,9669,12241,19093,2239,-6852,32053
2010-06-29,AUD,AUSTRALIAN DOLLAR,tff,18862,10614,10836,24668,8248,-13832,59657
2010-06-29,CAD,CANADIAN DOLLAR,tff,33603,16846,4034,47253,16757,-43219,88461
2010-06-29,CHF,SWISS FRANC,tff,7950,21335,23904,5697,-13385,18207,42840
2010-06-29,COPPER,COPPER,dis,31968,29106,68668,68514,2862,154,130392
2010-06-29,EUR,EURO FX,tff,26862,113255,119604,21134,-86393,98470,225752
2010-06-29,GBP,BRITISH POUND,tff,12719,35032,78981,19730,-22313,59251,121233
2010-06-29,GOLD,GOLD,dis,279992,35267,192020,481976,244725,-289956,601138
2010-06-29,JPY,JAPANESE YEN,tff,47556,14948,5809,66342,32608,-60533,120484
2010-06-29,NZD,NEW ZEALAND DOLLAR,tff,6126,6484,3379,4138,-358,-759,12880
2010-06-29,OIL,WTI CRUDE OIL,dis,40522,24384,175208,166637,16138,8571,252221
2010-06-29,SILVER,SILVER,dis,47455,5545,30402,88911,41910,-58509,128065
2010-06-29,USD,US DOLLAR INDEX,tff,9742,8671,12748,18079,1071,-5331,30261
2010-07-06,AUD,AUSTRALIAN DOLLAR,tff,16163,15249,17173,22007,914,-4834,64872
2010-07-06,CAD,CANADIAN DOLLAR,tff,33097,20671,7329,44590,12426,-37261,92565
2010-07-06,CHF,SWISS FRANC,tff,11253,11815,16980,20048,-562,-3068,45002
2010-07-06,COPPER,COPPER,dis,31620,29435,67615,65822,2185,1793,127883
2010-07-06,EUR,EURO FX,tff,34464,83845,105291,49778,-49381,55513,228333
2010-07-06,GBP,BRITISH POUND,tff,13480,37553,77527,23077,-24073,54450,123693
2010-07-06,GOLD,GOLD,dis,251273,42231,203285,452427,209042,-249142,577732
2010-07-06,JPY,JAPANESE YEN,tff,58020,6112,5733,87970,51908,-82237,135128
2010-07-06,NZD,NEW ZEALAND DOLLAR,tff,5904,5447,3309,5601,457,-2292,12959
2010-07-06,OIL,WTI CRUDE OIL,dis,28112,21489,165687,149501,6623,16186,229871
2010-07-06,SILVER,SILVER,dis,39876,4832,29776,82143,35044,-52367,118962
2010-07-06,USD,US DOLLAR INDEX,tff,9894,6800,11260,17001,3094,-5741,27998
2010-07-13,AUD,AUSTRALIAN DOLLAR,tff,28039,4037,9842,36851,24002,-27009,68482
2010-07-13,CAD,CANADIAN DOLLAR,tff,30434,12351,4128,49221,18083,-45093,87394
2010-07-13,CHF,SWISS FRANC,tff,21562,5035,14107,36322,16527,-22215,53056
2010-07-13,COPPER,COPPER,dis,31820,27462,68137,68641,4358,-504,129938
2010-07-13,EUR,EURO FX,tff,30129,72779,106441,58906,-42650,47535,225703
2010-07-13,GBP,BRITISH POUND,tff,13760,31269,83096,30843,-17509,52253,131680
2010-07-13,GOLD,GOLD,dis,243867,38946,198305,446653,204921,-248348,568078
2010-07-13,JPY,JAPANESE YEN,tff,58060,7961,5946,87208,50099,-81262,133665
2010-07-13,NZD,NEW ZEALAND DOLLAR,tff,9378,7442,2346,7362,1936,-5016,16798
2010-07-13,OIL,WTI CRUDE OIL,dis,27962,21716,168712,151753,6246,16959,233200
2010-07-13,SILVER,SILVER,dis,39176,3994,30751,81965,35182,-51214,117959
2010-07-13,USD,US DOLLAR INDEX,tff,8109,5179,10888,15377,2930,-4489,25589
2010-07-20,AUD,AUSTRALIAN DOLLAR,tff,38043,6107,9067,46792,31936,-37725,80302
2010-07-20,CAD,CANADIAN DOLLAR,tff,20662,13187,5207,44130,7475,-38923,83317
2010-07-20,CHF,SWISS FRANC,tff,23559,4431,13834,40233,19128,-26399,54918
2010-07-20,COPPER,COPPER,dis,32592,28677,68037,67295,3915,742,132711
2010-07-20,EUR,EURO FX,tff,30298,71049,112272,64768,-40751,47504,230118
2010-07-20,GBP,BRITISH POUND,tff,14929,27288,76011,40081,-12359,35930,124904
2010-07-20,GOLD,GOLD,dis,227963,49656,208787,424451,178307,-215664,559473
2010-07-20,JPY,JAPANESE YEN,tff,50625,4756,6433,83629,45869,-77196,127658
2010-07-20,NZD,NEW ZEALAND DOLLAR,tff,11247,6364,2251,10286,4883,-8035,18631
2010-07-20,OIL,WTI CRUDE OIL,dis,28004,22158,169139,154252,5846,14887,234788
2010-07-20,SILVER,SILVER,dis,37827,6193,31904,79864,31634,-47960,117531
2010-07-20,USD,US DOLLAR INDEX,tff,7377,4249,10227,15430,3128,-5203,24176
2010-07-27,AUD,AUSTRALIAN DOLLAR,tff,46343,2844,8684,60618,43499,-51934,89389
2010-07-27,CAD,CANADIAN DOLLAR,tff,27201,6961,3978,51381,20240,-47403,85121
2010-07-27,CHF,SWISS FRANC,tff,20681,7957,15717,37255,12724,-21538,55722
2010-07-27,COPPER,COPPER,dis,35846,24596,69696,74878,11250,-5182,136009
2010-07-27,EUR,EURO FX,tff,34118,67984,110445,70501,-33866,39944,232193
2010-07-27,GBP,BRITISH POUND,tff,15346,15478,71801,48137,-132,23664,122570
2010-07-27,GOLD,GOLD,dis,228251,39350,193521,421076,188901,-227555,560066
2010-07-27,JPY,JAPANESE YEN,tff,47766,10100,7079,71422,37666,-64343,124595
2010-07-27,NZD,NEW ZEALAND DOLLAR,tff,16253,5486,2211,15400,10767,-13189,22919
2010-07-27,OIL,WTI CRUDE OIL,dis,30917,22307,170796,156017,8610,14779,238335
2010-07-27,SILVER,SILVER,dis,38480,8143,32835,79603,30337,-46768,117370
2010-07-27,USD,US DOLLAR INDEX,tff,6387,3049,10123,15301,3338,-5178,22557
2010-08-03,AUD,AUSTRALIAN DOLLAR,tff,52943,6991,10515,67549,45952,-57034,99149
2010-08-03,CAD,CANADIAN DOLLAR,tff,40184,12359,3148,60553,27825,-57405,99262
2010-08-03,CHF,SWISS FRANC,tff,25526,2592,13493,44705,22934,-31212,57976
2010-08-03,COPPER,COPPER,dis,37984,25024,68866,77771,12960,-8905,141838
2010-08-03,EUR,EURO FX,tff,34148,59251,108197,81336,-25103,26861,236101
2010-08-03,GBP,BRITISH POUND,tff,29579,15238,63404,62646,14341,758,135454
2010-08-03,GOLD,GOLD,dis,222704,37189,179968,401997,185515,-222029,518643
2010-08-03,JPY,JAPANESE YEN,tff,57738,6938,7078,85108,50800,-78030,133870
2010-08-03,NZD,NEW ZEALAND DOLLAR,tff,18203,5301,2222,16746,12902,-14524,24399
2010-08-03,OIL,WTI CRUDE OIL,dis,30469,19548,159858,146021,10921,13837,224423
2010-08-03,SILVER,SILVER,dis,43185,6730,31537,84080,36455,-52543,123464
2010-08-03,USD,US DOLLAR INDEX,tff,6650,2748,9632,15185,3902,-5553,22911
2010-08-10,AUD,AUSTRALIAN DOLLAR,tff,61852,6847,10411,79745,55005,-69334,114049
2010-08-10,CAD,CANADIAN DOLLAR,tff,43473,8694,2571,69264,34779,-66693,105543
2010-08-10,CHF,SWISS FRANC,tff,20680,6310,14720,32862,14370,-18142,52566
2010-08-10,COPPER,COPPER,dis,40232,23586,67695,81972,16646,-14277,139666
2010-08-10,EUR,EURO FX,tff,33402,49230,108615,94031,-15828,14584,234276
2010-08-10,GBP,BRITISH POUND,tff,34687,16326,63168,69886,18361,-6718,142227
2010-08-10,GOLD,GOLD,dis,224485,33798,174249,405229,190687,-230980,523078
2010-08-10,JPY,JAPANESE YEN,tff,61285,7623,7416,86177,53662,-78761,136999
2010-08-10,NZD,NEW ZEALAND DOLLAR,tff,16863,5198,2970,16336,11665,-13366,25036
2010-08-10,OIL,WTI CRUDE OIL,dis,29117,16288,160130,149851,12829,10279,230912
2010-08-10,SILVER,SILVER,dis,42597,6863,31676,84429,35734,-52753,123370
2010-08-10,USD,US DOLLAR INDEX,tff,11588,7100,10348,16099,4488,-5751,28784
2010-08-17,AUD,AUSTRALIAN DOLLAR,tff,64033,7861,12759,86097,56172,-73338,120329
2010-08-17,CAD,CANADIAN DOLLAR,tff,34215,4698,4800,59570,29517,-54770,94908
2010-08-17,CHF,SWISS FRANC,tff,21676,7048,13502,34344,14628,-20842,54560
2010-08-17,COPPER,COPPER,dis,41110,26631,67102,79168,14479,-12066,140934
2010-08-17,EUR,EURO FX,tff,35139,63817,115540,92408,-28678,23132,250090
2010-08-17,GBP,BRITISH POUND,tff,28986,14742,64836,71690,14244,-6854,141441
2010-08-17,GOLD,GOLD,dis,240954,36726,172331,421901,204228,-249570,543674
2010-08-17,JPY,JAPANESE YEN,tff,58420,6111,7831,85995,52309,-78164,137645
2010-08-17,NZD,NEW ZEALAND DOLLAR,tff,14480,6342,3400,14727,8138,-11327,23627
2010-08-17,OIL,WTI CRUDE OIL,dis,29158,16704,158557,154529,12454,4028,229727
2010-08-17,SILVER,SILVER,dis,43251,7679,33949,87693,35572,-53744,128848
2010-08-17,USD,US DOLLAR INDEX,tff,14130,10773,11163,16923,3357,-5760,31979
2010-08-24,AUD,AUSTRALIAN DOLLAR,tff,51555,5653,14380,74066,45902,-59686,107434
2010-08-24,CAD,CANADIAN DOLLAR,tff,26594,13860,10331,49604,12734,-39273,94976
2010-08-24,CHF,SWISS FRANC,tff,24583,6411,12608,38466,18172,-25858,57316
2010-08-24,COPPER,COPPER,dis,36304,26890,72217,76927,9414,-4710,139877
2010-08-24,EUR,EURO FX,tff,29115,65757,120440,82301,-36642,38139,245448
2010-08-24,GBP,BRITISH POUND,tff,26929,13501,66053,68830,13428,-2777,139333
2010-08-24,GOLD,GOLD,dis,256244,35053,172529,436829,221191,-264300,556464
2010-08-24,JPY,JAPANESE YEN,tff,55264,7208,8853,84545,48056,-75692,140128
2010-08-24,NZD,NEW ZEALAND DOLLAR,tff,11989,3842,2797,13489,8147,-10692,20271
2010-08-24,OIL,WTI CRUDE OIL,dis,28282,17346,160757,156300,10936,4457,233284
2010-08-24,SILVER,SILVER,dis,42255,7448,31306,82158,34807,-50852,124185
2010-08-24,USD,US DOLLAR INDEX,tff,9306,8673,11807,16220,633,-4413,28979
2010-08-31,AUD,AUSTRALIAN DOLLAR,tff,46383,5726,15065,68567,40657,-53502,102439
2010-08-31,CAD,CANADIAN DOLLAR,tff,24678,34986,22423,38338,-10308,-15915,108003
2010-08-31,CHF,SWISS FRANC,tff,26668,5580,11594,41826,21088,-30232,60655
2010-08-31,COPPER,COPPER,dis,39392,26162,64771,75360,13230,-10589,134206
2010-08-31,EUR,EURO FX,tff,32332,64492,117126,74984,-32160,42142,241133
2010-08-31,GBP,BRITISH POUND,tff,26128,18447,71628,63522,7681,8106,144196
2010-08-31,GOLD,GOLD,dis,272509,34432,171275,455836,238077,-284561,577352
2010-08-31,JPY,JAPANESE YEN,tff,52788,7714,10059,81427,45074,-71368,139079
2010-08-31,NZD,NEW ZEALAND DOLLAR,tff,11359,4570,3914,12726,6789,-8812,20099
2010-08-31,OIL,WTI CRUDE OIL,dis,27325,16583,176276,167480,10742,8796,246576
2010-08-31,SILVER,SILVER,dis,54472,9659,27884,87261,44813,-59377,130813
2010-08-31,USD,US DOLLAR INDEX,tff,5088,6484,11627,14116,-1396,-2489,24350
2010-09-07,AUD,AUSTRALIAN DOLLAR,tff,64708,10686,14259,84915,54022,-70656,128346
2010-09-07,CAD,CANADIAN DOLLAR,tff,25903,30010,21462,42332,-4107,-20870,107378
2010-09-07,CHF,SWISS FRANC,tff,28396,5412,13144,45131,22984,-31987,74713
2010-09-07,COPPER,COPPER,dis,41758,26975,64529,77620,14783,-13091,137079
2010-09-07,EUR,EURO FX,tff,29100,70229,123164,78055,-41129,45109,257788
2010-09-07,GBP,BRITISH POUND,tff,16653,20844,78778,55522,-4191,23256,145712
2010-09-07,GOLD,GOLD,dis,275367,35670,171591,459271,239697,-287680,585564
2010-09-07,JPY,JAPANESE YEN,tff,55173,9992,11139,85606,45181,-74467,150513
2010-09-07,NZD,NEW ZEALAND DOLLAR,tff,13793,4888,2906,14407,8905,-11501,27922
2010-09-07,OIL,WTI CRUDE OIL,dis,28323,14865,162833,151318,13458,11515,231991
2010-09-07,SILVER,SILVER,dis,59112,11909,28855,90653,47203,-61798,139522
2010-09-07,USD,US DOLLAR INDEX,tff,5863,6174,11299,13365,-311,-2066,24239
2010-09-14,AUD,AUSTRALIAN DOLLAR,tff,72862,9848,4203,90818,63014,-86615,120308
2010-09-14,CAD,CANADIAN DOLLAR,tff,29345,13529,15006,52042,15816,-37036,110946
2010-09-14,CHF,SWISS FRANC,tff,25013,13593,2591,25446,11420,-22855,49352
2010-09-14,COPPER,COPPER,dis,42144,25735,67025,84461,16409,-17436,141028
2010-09-14,EUR,EURO FX,tff,33007,60803,47441,21788,-27796,25653,170651
2010-09-14,GBP,BRITISH POUND,tff,21172,17710,15095,6297,3462,8798,74850
2010-09-14,GOLD,GOLD,dis,286237,41976,171449,464388,244261,-292939,594058
2010-09-14,JPY,JAPANESE YEN,tff,51948,9328,8440,84316,42620,-75876,134360
2010-09-14,NZD,NEW ZEALAND DOLLAR,tff,19140,6669,1801,17476,12471,-15675,25755
2010-09-14,OIL,WTI CRUDE OIL,dis,25734,16291,165232,150584,9443,14648,232742
2010-09-14,SILVER,SILVER,dis,60696,11905,29764,94825,48791,-65061,144798
2010-09-14,USD,US DOLLAR INDEX,tff,6730,11745,11253,7706,-5015,3547,24885
2010-09-21,AUD,AUSTRALIAN DOLLAR,tff,76210,6481,4869,99977,69729,-95108,129713
2010-09-21,CAD,CANADIAN DOLLAR,tff,46148,15466,511,53981,30682,-53470,101524
2010-09-21,CHF,SWISS FRANC,tff,23974,13738,4482,26520,10236,-22038,49910
2010-09-21,COPPER,COPPER,dis,43877,26796,67356,86103,17081,-18747,142955
2010-09-21,EUR,EURO FX,tff,29290,44965,41248,34869,-15675,6379,167463
2010-09-21,GBP,BRITISH POUND,tff,16878,14147,15236,7859,2731,7377,71318
2010-09-21,GOLD,GOLD,dis,286568,42555,173670,465978,244013,-292308,597592
2010-09-21,JPY,JAPANESE YEN,tff,33323,13240,10033,67161,20083,-57128,113349
2010-09-21,NZD,NEW ZEALAND DOLLAR,tff,20494,6082,1801,18702,14412,-16901,26820
2010-09-21,OIL,WTI CRUDE OIL,dis,26099,16846,165674,150486,9253,15188,233683
2010-09-21,SILVER,SILVER,dis,62013,12642,28973,94276,49371,-65303,146767
2010-09-21,USD,US DOLLAR INDEX,tff,9288,15524,13182,7106,-6236,6076,28701
2010-09-28,AUD,AUSTRALIAN DOLLAR,tff,80417,7337,4726,107150,73080,-102424,137646
2010-09-28,CAD,CANADIAN DOLLAR,tff,41681,9809,1129,59942,31872,-58813,101260
2010-09-28,CHF,SWISS FRANC,tff,25625,13532,5119,28456,12093,-23337,53452
2010-09-28,COPPER,COPPER,dis,48383,26221,68712,92459,22162,-23747,147744
2010-09-28,EUR,EURO FX,tff,47592,35213,37664,70506,12379,-32842,190039
2010-09-28,GBP,BRITISH POUND,tff,26018,15455,9354,12436,10563,-3082,77713
2010-09-28,GOLD,GOLD,dis,297272,39623,182276,485016,257649,-302740,619408
2010-09-28,JPY,JAPANESE YEN,tff,37174,12355,8860,69586,24819,-60726,118274
2010-09-28,NZD,NEW ZEALAND DOLLAR,tff,19335,5804,1913,18003,13531,-16090,25965
2010-09-28,OIL,WTI CRUDE OIL,dis,26789,17294,169016,153739,9495,15277,238830
2010-09-28,SILVER,SILVER,dis,66066,14585,29034,94447,51481,-65413,154219
2010-09-28,USD,US DOLLAR INDEX,tff,13581,18642,12663,7565,-5061,5098,33147
2010-10-05,AUD,AUSTRALIAN DOLLAR,tff,78565,8182,5474,109902,70383,-104428,139447
2010-10-05,CAD,CANADIAN DOLLAR,tff,59219,13476,593,71787,45743,-71194,120045
2010-10-05,CHF,SWISS FRANC,tff,29472,11686,4366,33680,17786,-29314,56636
2010-10-05,COPPER,COPPER,dis,51583,27184,67855,94481,24399,-26626,153457
2010-10-05,EUR,EURO FX,tff,48716,24827,40997,84694,23889,-43697,197406
2010-10-05,GBP,BRITISH POUND,tff,36427,12248,7379,23953,24179,-16574,86536
2010-10-05,GOLD,GOLD,dis,300571,40951,179071,478569,259620,-299498,617204
2010-10-05,JPY,JAPANESE YEN,tff,59143,14359,7015,85280,44784,-78265,142488
2010-10-05,NZD,NEW ZEALAND DOLLAR,tff,19104,6351,1953,17658,12753,-15705,26042
2010-10-05,OIL,WTI CRUDE OIL,dis,27807,13918,156517,150793,13889,5724,232530
2010-10-05,SILVER,SILVER,dis,63681,15198,30023,92150,48483,-62127,156096
2010-10-05,USD,US DOLLAR INDEX,tff,13050,18863,14890,7389,-5813,7501,34586
2010-10-12,AUD,AUSTRALIAN DOLLAR,tff,76583,6537,4203,108980,70046,-104777,138537
2010-10-12,CAD,CANADIAN DOLLAR,tff,58566,13466,3988,74295,45100,-70307,123851
2010-10-12,CHF,SWISS FRANC,tff,29707,13672,4924,31312,16035,-26388,57722
2010-10-12,COPPER,COPPER,dis,52794,28726,70002,97325,24068,-27323,158917
2010-10-12,EUR,EURO FX,tff,44042,26485,49466,88601,17557,-39135,197836
2010-10-12,GBP,BRITISH POUND,tff,38910,13444,10404,25257,25466,-14853,92868
2010-10-12,GOLD,GOLD,dis,304564,48690,177524,477546,255874,-300022,616382
2010-10-12,JPY,JAPANESE YEN,tff,57852,11709,10792,89364,46143,-78572,146581
2010-10-12,NZD,NEW ZEALAND DOLLAR,tff,19393,6052,1960,18351,13341,-16391,26437
2010-10-12,OIL,WTI CRUDE OIL,dis,25315,14798,157591,151804,10517,5787,235501
2010-10-12,SILVER,SILVER,dis,59615,14263,29899,91403,45352,-61504,153970
2010-10-12,USD,US DOLLAR INDEX,tff,11128,20809,16916,7454,-9681,9462,34984
2010-10-19,AUD,AUSTRALIAN DOLLAR,tff,68678,4680,5028,104301,63998,-99273,133257
2010-10-19,CAD,CANADIAN DOLLAR,tff,44059,11034,4666,67108,33025,-62442,112791
2010-10-19,CHF,SWISS FRANC,tff,24979,15325,6282,26294,9654,-20012,54022
2010-10-19,COPPER,COPPER,dis,54303,28153,71698,101035,26150,-29337,162855
2010-10-19,EUR,EURO FX,tff,50940,24588,52578,113238,26352,-60660,219761
2010-10-19,GBP,BRITISH POUND,tff,37602,11715,11574,21726,25887,-10152,90068
2010-10-19,GOLD,GOLD,dis,299275,49523,177820,470902,249752,-293082,630626
2010-10-19,JPY,JAPANESE YEN,tff,52791,11247,10626,83740,41544,-73114,139496
2010-10-19,NZD,NEW ZEALAND DOLLAR,tff,20300,7535,1961,17785,12765,-15824,27031
2010-10-19,OIL,WTI CRUDE OIL,dis,26826,15201,161735,158918,11625,2817,241402
2010-10-19,SILVER,SILVER,dis,56278,12981,28601,86751,43297,-58150,151104
2010-10-19,USD,US DOLLAR INDEX,tff,9515,23089,18709,7824,-13574,10885,37745
2010-10-26,AUD,AUSTRALIAN DOLLAR,tff,64764,3716,5927,100267,61048,-94340,128470
2010-10-26,CAD,CANADIAN DOLLAR,tff,36390,10891,4564,56342,25499,-51778,102269
2010-10-26,CHF,SWISS FRANC,tff,23085,14054,5222,23641,9031,-18419,50068
2010-10-26,COPPER,COPPER,dis,55260,28797,72172,101358,26463,-29186,167063
2010-10-26,EUR,EURO FX,tff,47943,29553,51082,99969,18390,-48887,209103
2010-10-26,GBP,BRITISH POUND,tff,33315,10404,12215,17297,22911,-5082,86611
2010-10-26,GOLD,GOLD,dis,283153,44067,174257,456692,239086,-282435,607582
2010-10-26,JPY,JAPANESE YEN,tff,49876,12371,10681,84041,37505,-73360,139850
2010-10-26,NZD,NEW ZEALAND DOLLAR,tff,20231,7113,1867,18123,13118,-16256,26754
2010-10-26,OIL,WTI CRUDE OIL,dis,24808,15720,167358,161727,9088,5631,248343
2010-10-26,SILVER,SILVER,dis,53018,12509,30157,88023,40509,-57866,152980
2010-10-26,USD,US DOLLAR INDEX,tff,8959,24170,20048,7423,-15211,12625,38585
2010-11-02,AUD,AUSTRALIAN DOLLAR,tff,63359,6292,6927,94674,57067,-87747,125968
2010-11-02,CAD,CANADIAN DOLLAR,tff,38600,12496,4275,56535,26104,-52260,104809
2010-11-02,CHF,SWISS FRANC,tff,21508,13425,5066,21524,8083,-16458,48129
2010-11-02,COPPER,COPPER,dis,52585,27377,71961,100526,25208,-28565,163209
2010-11-02,EUR,EURO FX,tff,45948,34132,47509,91212,11816,-43703,206972
2010-11-02,GBP,BRITISH POUND,tff,38547,15407,14810,21895,23140,-7085,91819
2010-11-02,GOLD,GOLD,dis,282707,52479,184286,460898,230228,-276612,618381
2010-11-02,JPY,JAPANESE YEN,tff,51119,11044,10939,89363,40075,-78424,140062
2010-11-02,NZD,NEW ZEALAND DOLLAR,tff,21980,5584,1759,21249,16396,-19490,28353
2010-11-02,OIL,WTI CRUDE OIL,dis,27164,13688,152348,152246,13476,102,231622
2010-11-02,SILVER,SILVER,dis,52625,12834,31152,87200,39791,-56048,158633
2010-11-02,USD,US DOLLAR INDEX,tff,10364,25684,19594,7565,-15320,12029,40266
2010-11-09,AUD,AUSTRALIAN DOLLAR,tff,59538,7603,9547,96422,51935,-86875,130206
2010-11-09,CAD,CANADIAN DOLLAR,tff,58055,12762,6765,69592,45293,-62827,128710
2010-11-09,CHF,SWISS FRANC,tff,25285,15452,5479,22943,9833,-17464,51000
2010-11-09,COPPER,COPPER,dis,55566,25477,72427,107310,30089,-34883,164045
2010-11-09,EUR,EURO FX,tff,35280,40244,49448,85142,-4964,-35694,204528
2010-11-09,GBP,BRITISH POUND,tff,41831,14895,13041,26539,26936,-13498,96533
2010-11-09,GOLD,GOLD,dis,298005,51826,181532,472485,246179,-290953,650764
2010-11-09,JPY,JAPANESE YEN,tff,37340,10628,13283,79046,26712,-65763,140515
2010-11-09,NZD,NEW ZEALAND DOLLAR,tff,25028,6102,1785,24204,18926,-22419,31494
2010-11-09,OIL,WTI CRUDE OIL,dis,27581,15420,166167,160509,12161,5658,242401
2010-11-09,SILVER,SILVER,dis,46004,13421,33976,84461,32583,-50485,156418
2010-11-09,USD,US DOLLAR INDEX,tff,11647,22685,18014,7666,-11038,10348,38371
2010-11-16,AUD,AUSTRALIAN DOLLAR,tff,47837,9551,15941,85208,38286,-69267,121110
2010-11-16,CAD,CANADIAN DOLLAR,tff,53436,10353,7669,71861,43083,-64192,124587
2010-11-16,CHF,SWISS FRANC,tff,18372,12861,6316,18525,5511,-12209,44579
2010-11-16,COPPER,COPPER,dis,49986,24026,69716,98920,25960,-29204,152332
2010-11-16,EUR,EURO FX,tff,33150,43572,52617,66653,-10422,-14036,195598
2010-11-16,GBP,BRITISH POUND,tff,49233,11212,13868,30732,38021,-16864,98997
2010-11-16,GOLD,GOLD,dis,267157,48678,189737,454645,218479,-264908,637435
2010-11-16,JPY,JAPANESE YEN,tff,32996,17655,16348,65592,15341,-49244,131701
2010-11-16,NZD,NEW ZEALAND DOLLAR,tff,27041,6906,1890,25136,20135,-23246,33423
2010-11-16,OIL,WTI CRUDE OIL,dis,27144,15966,166470,160676,11178,5794,242805
2010-11-16,SILVER,SILVER,dis,40243,12139,37001,82655,28104,-45654,146693
2010-11-16,USD,US DOLLAR INDEX,tff,7812,18523,15480,7375,-10711,8105,32813
2010-11-23,AUD,AUSTRALIAN DOLLAR,tff,43489,12023,19172,81726,31466,-62554,117998
2010-11-23,CAD,CANADIAN DOLLAR,tff,34812,10119,10515,58274,24693,-47759,105442
2010-11-23,CHF,SWISS FRANC,tff,14853,8117,6483,18331,6736,-11848,40065
2010-11-23,COPPER,COPPER,dis,46097,23307,67879,93305,22790,-25426,146054
2010-11-23,EUR,EURO FX,tff,21148,47933,61431,55077,-26785,6354,187189
2010-11-23,GBP,BRITISH POUND,tff,40030,15805,17114,20781,24225,-3667,93914
2010-11-23,GOLD,GOLD,dis,261969,40640,191319,455212,221329,-263893,622712
2010-11-23,JPY,JAPANESE YEN,tff,29210,18566,17060,65010,10644,-47950,129620
2010-11-23,NZD,NEW ZEALAND DOLLAR,tff,24704,6426,2011,23296,18278,-21285,30969
2010-11-23,OIL,WTI CRUDE OIL,dis,28134,16409,167384,159510,11725,7874,246709
2010-11-23,SILVER,SILVER,dis,40307,9881,37420,84273,30426,-46853,147685
2010-11-23,USD,US DOLLAR INDEX,tff,9131,20512,14930,7046,-11381,7884,33749
2010-11-30,AUD,AUSTRALIAN DOLLAR,tff,38334,12856,21408,78101,25478,-56693,117302
2010-11-30,CAD,CANADIAN DOLLAR,tff,28978,8009,9431,56174,20969,-46743,100245
2010-11-30,CHF,SWISS FRANC,tff,16152,11044,7030,18548,5108,-11518,43600
2010-11-30,COPPER,COPPER,dis,47784,26677,68699,92608,21107,-23909,148249
2010-11-30,EUR,EURO FX,tff,31464,50009,64873,55860,-18545,9013,203930
2010-11-30,GBP,BRITISH POUND,tff,26372,18090,22359,10563,8282,11796,85587
2010-11-30,GOLD,GOLD,dis,265824,38217,183793,454262,227607,-270469,600158
2010-11-30,JPY,JAPANESE YEN,tff,31861,20030,16145,66213,11831,-50068,133069
2010-11-30,NZD,NEW ZEALAND DOLLAR,tff,21567,6072,1910,20022,15495,-18112,27575
2010-11-30,OIL,WTI CRUDE OIL,dis,28765,16556,169777,162322,12209,7455,248578
2010-11-30,SILVER,SILVER,dis,40818,6784,29791,79561,34034,-49770,133139
2010-11-30,USD,US DOLLAR INDEX,tff,9033,21165,15439,7046,-12132,8393,34435
2010-12-07,AUD,AUSTRALIAN DOLLAR,tff,48536,4517,11247,86726,44019,-75479,127012
2010-12-07,CAD,CANADIAN DOLLAR,tff,40063,11263,9438,64527,28800,-55089,114999
2010-12-07,CHF,SWISS FRANC,tff,16794,10606,7199,19692,6188,-12493,42914
2010-12-07,COPPER,COPPER,dis,53567,27135,69090,101401,26432,-32311,157675
2010-12-07,EUR,EURO FX,tff,17486,49899,69985,38057,-32413,31928,198099
2010-12-07,GBP,BRITISH POUND,tff,22009,19666,23110,5424,2343,17686,86269
2010-12-07,GOLD,GOLD,dis,269504,36753,181151,459824,232751,-278673,603632
2010-12-07,JPY,JAPANESE YEN,tff,24070,18531,16265,61091,5539,-44826,132233
2010-12-07,NZD,NEW ZEALAND DOLLAR,tff,20475,5104,2137,19926,15371,-17789,27595
2010-12-07,OIL,WTI CRUDE OIL,dis,27865,16168,162054,159579,11697,2475,236465
2010-12-07,SILVER,SILVER,dis,42606,9637,29245,78070,32969,-48825,137675
2010-12-07,USD,US DOLLAR INDEX,tff,9471,19475,14818,7716,-10004,7102,35071
2010-12-14,AUD,AUSTRALIAN DOLLAR,tff,59928,9211,4422,87818,50717,-83396,113584
2010-12-14,CAD,CANADIAN DOLLAR,tff,37124,5243,9368,70907,31881,-61539,142291
2010-12-14,CHF,SWISS FRANC,tff,19045,11835,2389,16142,7210,-13753,39804
2010-12-14,COPPER,COPPER,dis,58287,28019,69972,104818,30268,-34846,163546
2010-12-14,EUR,EURO FX,tff,16766,46457,41057,17062,-29691,23995,146781
2010-12-14,GBP,BRITISH POUND,tff,17244,16625,21492,2138,619,19354,67820
2010-12-14,GOLD,GOLD,dis,259917,39722,184736,452871,220195,-268135,594652
2010-12-14,JPY,JAPANESE YEN,tff,30175,16807,6772,37518,13368,-30746,96110
2010-12-14,NZD,NEW ZEALAND DOLLAR,tff,19194,9405,2017,13802,9789,-11785,24510
2010-12-14,OIL,WTI CRUDE OIL,dis,30204,17088,161949,158079,13116,3870,240694
2010-12-14,SILVER,SILVER,dis,39450,9218,28454,76590,30232,-48136,130145
2010-12-14,USD,US DOLLAR INDEX,tff,5728,14895,11926,4527,-9167,7399,25202
2010-12-21,AUD,AUSTRALIAN DOLLAR,tff,67197,7314,5028,86687,59883,-81659,115007
2010-12-21,CAD,CANADIAN DOLLAR,tff,31293,6500,1733,53399,24793,-51666,91294
2010-12-21,CHF,SWISS FRANC,tff,22417,14623,3178,18850,7794,-15672,44704
2010-12-21,COPPER,COPPER,dis,59804,27641,71398,107102,32163,-35704,166422
2010-12-21,EUR,EURO FX,tff,22249,52260,44217,18739,-30011,25478,156136
2010-12-21,GBP,BRITISH POUND,tff,18877,16951,22889,1982,1926,20907,69207
2010-12-21,GOLD,GOLD,dis,251722,45298,194090,445898,206424,-251808,582133
2010-12-21,JPY,JAPANESE YEN,tff,26660,18025,6595,30802,8635,-24207,90072
2010-12-21,NZD,NEW ZEALAND DOLLAR,tff,17195,7059,4359,12303,10136,-7944,25081
2010-12-21,OIL,WTI CRUDE OIL,dis,33187,17064,161336,158494,16123,2842,241819
2010-12-21,SILVER,SILVER,dis,39180,8885,30852,77909,30295,-47057,133135
2010-12-21,USD,US DOLLAR INDEX,tff,6852,17719,11778,4477,-10867,7301,27089
2010-12-28,AUD,AUSTRALIAN DOLLAR,tff,73905,10376,4688,91597,63529,-86909,124005
2010-12-28,CAD,CANADIAN DOLLAR,tff,49605,11222,1677,62614,38383,-60937,113223
2010-12-28,CHF,SWISS FRANC,tff,21289,9519,3216,24521,11770,-21305,46356
2010-12-28,COPPER,COPPER,dis,61837,30035,71176,106323,31802,-35147,167334
2010-12-28,EUR,EURO FX,tff,15443,61279,57044,17543,-45836,39501,162312
2010-12-28,GBP,BRITISH POUND,tff,23388,26422,31061,1914,-3034,29147,82141
2010-12-28,GOLD,GOLD,dis,258145,42357,190440,450210,215788,-259770,594490
2010-12-28,JPY,JAPANESE YEN,tff,43230,15361,6492,50314,27869,-43822,109343
2010-12-28,NZD,NEW ZEALAND DOLLAR,tff,17081,7002,3759,12524,10079,-8765,25090
2010-12-28,OIL,WTI CRUDE OIL,dis,33346,17160,162184,158590,16186,3594,242576
2010-12-28,SILVER,SILVER,dis,41539,9420,30286,81177,32119,-50891,137918
2010-12-28,USD,US DOLLAR INDEX,tff,7147,17195,11431,4395,-10048,7036,26398
2011-01-04,AUD,AUSTRALIAN DOLLAR,tff,70650,8694,4629,92072,61956,-87443,121562
2011-01-04,CAD,CANADIAN DOLLAR,tff,56501,9587,1458,68296,46914,-66838,120758
2011-01-04,CHF,SWISS FRANC,tff,21707,7530,3309,25252,14177,-21943,47484
2011-01-04,COPPER,COPPER,dis,61858,30245,69780,104737,31613,-34957,166289
2011-01-04,EUR,EURO FX,tff,20323,56517,52737,19425,-36194,33312,163239
2011-01-04,GBP,BRITISH POUND,tff,21392,26478,33845,1305,-5086,32540,84270
2011-01-04,GOLD,GOLD,dis,250305,47987,193319,447901,202318,-254582,592613
2011-01-04,JPY,JAPANESE YEN,tff,58969,15446,6453,66023,43523,-59570,128483
2011-01-04,NZD,NEW ZEALAND DOLLAR,tff,18980,7297,3138,13965,11683,-10827,26443
2011-01-04,OIL,WTI CRUDE OIL,dis,36760,16820,147543,144173,19940,3370,229004
2011-01-04,SILVER,SILVER,dis,40483,10448,29598,79349,30035,-49751,136931
2011-01-04,USD,US DOLLAR INDEX,tff,8818,19488,10876,2822,-10670,8054,27677
2011-01-11,AUD,AUSTRALIAN DOLLAR,tff,60409,7026,7887,85881,53383,-77994,113920
2011-01-11,CAD,CANADIAN DOLLAR,tff,61280,6597,1963,77660,54683,-75697,129480
2011-01-11,CHF,SWISS FRANC,tff,20572,5317,532,21431,15255,-20899,42839
2011-01-11,COPPER,COPPER,dis,61530,31423,67938,104139,30107,-36201,165488
2011-01-11,EUR,EURO FX,tff,25030,76226,84226,24315,-51196,59911,202004
2011-01-11,GBP,BRITISH POUND,tff,16562,20817,33877,4581,-4255,29296,86335
2011-01-11,GOLD,GOLD,dis,234333,56961,201336,426400,177372,-225064,588179
2011-01-11,JPY,JAPANESE YEN,tff,38108,15428,7286,51451,22680,-44165,107132
2011-01-11,NZD,NEW ZEALAND DOLLAR,tff,18756,7819,3390,14136,10937,-10746,27358
2011-01-11,OIL,WTI CRUDE OIL,dis,36655,17148,152784,152096,19507,688,231657
2011-01-11,SILVER,SILVER,dis,38570,9301,30787,77537,29269,-46750,136331
2011-01-11,USD,US DOLLAR INDEX,tff,13930,16664,10809,14151,-2734,-3342,36538
2011-01-18,AUD,AUSTRALIAN DOLLAR,tff,60450,6504,8604,85326,53946,-76722,114314
2011-01-18,CAD,CANADIAN DOLLAR,tff,58422,5848,2157,77932,52574,-75775,128185
2011-01-18,CHF,SWISS FRANC,tff,19786,7787,542,18516,11999,-17974,41839
2011-01-18,COPPER,COPPER,dis,62505,32316,67307,101612,30189,-34305,165873
2011-01-18,EUR,EURO FX,tff,44563,61604,39788,34206,-17041,5582,188933
2011-01-18,GBP,BRITISH POUND,tff,36460,18196,16884,18549,18264,-1665,90630
2011-01-18,GOLD,GOLD,dis,237404,72411,201589,408060,164993,-206471,587832
2011-01-18,JPY,JAPANESE YEN,tff,38457,19862,7253,47230,18595,-39977,110405
2011-01-18,NZD,NEW ZEALAND DOLLAR,tff,18980,6665,3366,15273,12315,-11907,27636
2011-01-18,OIL,WTI CRUDE OIL,dis,37248,17499,150074,149616,19749,458,230357
2011-01-18,SILVER,SILVER,dis,40010,10357,30663,76031,29653,-45368,135675
2011-01-18,USD,US DOLLAR INDEX,tff,12554,13980,10718,12778,-1426,-2060,33014
2011-01-25,AUD,AUSTRALIAN DOLLAR,tff,59423,9029,10124,81147,50394,-71023,113570
2011-01-25,CAD,CANADIAN DOLLAR,tff,46667,6275,2337,68040,40392,-65703,117899
2011-01-25,CHF,SWISS FRANC,tff,17750,6414,1079,17081,11336,-16002,40470
2011-01-25,COPPER,COPPER,dis,53961,30049,67159,94705,23912,-27546,155810
2011-01-25,EUR,EURO FX,tff,52229,46485,34214,57437,5744,-23223,199706
2011-01-25,GBP,BRITISH POUND,tff,43366,18392,10726,24408,24974,-13682,96648
2011-01-25,GOLD,GOLD,dis,232725,72136,181815,379298,160589,-197483,506047
2011-01-25,JPY,JAPANESE YEN,tff,44866,18633,7222,54620,26233,-47398,116661
2011-01-25,NZD,NEW ZEALAND DOLLAR,tff,16773,6863,4459,13891,9910,-9432,26199
2011-01-25,OIL,WTI CRUDE OIL,dis,37857,16863,143654,148768,20994,-5114,234384
2011-01-25,SILVER,SILVER,dis,38699,10473,29818,72964,28226,-43146,125229
2011-01-25,USD,US DOLLAR INDEX,tff,17335,22521,11019,9368,-5186,1651,39190
2011-02-01,AUD,AUSTRALIAN DOLLAR,tff,69445,7290,5512,90624,62155,-85112,120991
2011-02-01,CAD,CANADIAN DOLLAR,tff,45909,6069,2237,66852,39840,-64615,119488
2011-02-01,CHF,SWISS FRANC,tff,22154,8963,922,20687,13191,-19765,46750
2011-02-01,COPPER,COPPER,dis,57306,32595,67515,95663,24711,-28148,160259
2011-02-01,EUR,EURO FX,tff,64625,36657,27340,74340,27968,-47000,211730
2011-02-01,GBP,BRITISH POUND,tff,53463,15906,8922,38568,37557,-29646,108587
2011-02-01,GOLD,GOLD,dis,212265,61071,159816,353013,151194,-193197,462907
2011-02-01,JPY,JAPANESE YEN,tff,42962,15604,7808,54359,27358,-46551,116384
2011-02-01,NZD,NEW ZEALAND DOLLAR,tff,18797,6995,3808,15162,11802,-11354,27450
2011-02-01,OIL,WTI CRUDE OIL,dis,37164,15990,139283,143457,21174,-4174,223491
2011-02-01,SILVER,SILVER,dis,37883,7203,31966,76767,30680,-44801,125287
2011-02-01,USD,US DOLLAR INDEX,tff,20790,29539,10939,5264,-8749,5675,42472
2011-02-08,AUD,AUSTRALIAN DOLLAR,tff,84567,10839,5303,100570,73728,-95267,135334
2011-02-08,CAD,CANADIAN DOLLAR,tff,63582,8498,3415,78714,55084,-75299,141604
2011-02-08,CHF,SWISS FRANC,tff,22234,10233,442,21496,12001,-21054,47876
2011-02-08,COPPER,COPPER,dis,63087,33627,67951,101181,29460,-33230,162263
2011-02-08,EUR,EURO FX,tff,56090,35785,28534,75125,20305,-46591,203541
2011-02-08,GBP,BRITISH POUND,tff,60675,8822,6079,42556,51853,-36477,111363
2011-02-08,GOLD,GOLD,dis,226799,59706,154774,364685,167093,-209911,469779
2011-02-08,JPY,JAPANESE YEN,tff,47774,16880,7775,54561,30894,-46786,117705
2011-02-08,NZD,NEW ZEALAND DOLLAR,tff,19533,7293,3731,15334,12240,-11603,27897
2011-02-08,OIL,WTI CRUDE OIL,dis,38127,16117,142424,142777,22010,-353,226092
2011-02-08,SILVER,SILVER,dis,44915,7852,31150,82267,37063,-51117,135797
2011-02-08,USD,US DOLLAR INDEX,tff,22384,34160,10658,2567,-11776,8091,44039
2011-02-15,AUD,AUSTRALIAN DOLLAR,tff,69283,6014,6587,92846,63269,-86259,122473
2011-02-15,CAD,CANADIAN DOLLAR,tff,67888,7362,4207,77724,60526,-73517,140822
2011-02-15,CHF,SWISS FRANC,tff,18372,7844,4855,16726,10528,-11871,41934
2011-02-15,COPPER,COPPER,dis,59706,30667,69016,102689,29039,-33673,159468
2011-02-15,EUR,EURO FX,tff,48288,33887,27948,66437,14401,-38489,193304
2011-02-15,GBP,BRITISH POUND,tff,80744,12270,4001,47705,68474,-43704,132763
2011-02-15,GOLD,GOLD,dis,230943,58099,153168,371794,172844,-218626,473345
2011-02-15,JPY,JAPANESE YEN,tff,23786,39895,16781,25750,-16109,-8969,116803
2011-02-15,NZD,NEW ZEALAND DOLLAR,tff,17529,9051,5431,12730,8478,-7299,27735
2011-02-15,OIL,WTI CRUDE OIL,dis,38080,16472,143737,143879,21608,-142,226890
2011-02-15,SILVER,SILVER,dis,50718,9781,34051,89098,40937,-55047,147113
2011-02-15,USD,US DOLLAR INDEX,tff,17809,29778,10595,2610,-11969,7985,40052
2011-02-22,AUD,AUSTRALIAN DOLLAR,tff,70504,9968,8261,92672,60536,-84411,125341
2011-02-22,CAD,CANADIAN DOLLAR,tff,62465,34867,4054,76950,27598,-72896,140610
2011-02-22,CHF,SWISS FRANC,tff,18385,11944,5231,17630,6441,-12399,43931
2011-02-22,COPPER,COPPER,dis,53809,30579,70177,98711,23230,-28534,151893
2011-02-22,EUR,EURO FX,tff,58959,41991,27999,76087,16968,-48088,207869
2011-02-22,GBP,BRITISH POUND,tff,67120,27944,8628,42974,39176,-34346,123774
2011-02-22,GOLD,GOLD,dis,246967,66543,157951,389757,180424,-231806,502119
2011-02-22,JPY,JAPANESE YEN,tff,45552,46274,27541,29116,-722,-1575,124016
2011-02-22,NZD,NEW ZEALAND DOLLAR,tff,15523,13163,7514,12157,2360,-4643,27830
2011-02-22,OIL,WTI CRUDE OIL,dis,37700,16710,141701,141084,20990,617,227210
2011-02-22,SILVER,SILVER,dis,50937,11714,31935,89728,39223,-57793,145070
2011-02-22,USD,US DOLLAR INDEX,tff,16789,30633,13100,2639,-13844,10461,40335
2011-03-01,AUD,AUSTRALIAN DOLLAR,tff,78463,11561,7861,101100,66902,-93239,135527
2011-03-01,CAD,CANADIAN DOLLAR,tff,68033,36269,4616,81435,31764,-76819,148414
2011-03-01,CHF,SWISS FRANC,tff,29239,17553,624,26388,11686,-25764,57360
2011-03-01,COPPER,COPPER,dis,50320,23701,70162,98113,26619,-27951,147581
2011-03-01,EUR,EURO FX,tff,64166,37187,28851,84400,26979,-55549,217066
2011-03-01,GBP,BRITISH POUND,tff,65979,32873,10985,39698,33106,-28713,126350
2011-03-01,GOLD,GOLD,dis,257754,60501,155830,406426,197253,-250596,515784
2011-03-01,JPY,JAPANESE YEN,tff,70347,18023,10843,66676,52324,-55833,136561
2011-03-01,NZD,NEW ZEALAND DOLLAR,tff,14195,13160,8283,10224,1035,-1941,26966
2011-03-01,OIL,WTI CRUDE OIL,dis,43213,14532,125702,133740,28681,-8038,218750
2011-03-01,SILVER,SILVER,dis,49750,11848,31676,88136,37902,-56460,135802
2011-03-01,USD,US DOLLAR INDEX,tff,24071,35568,13258,2521,-11497,10737,46405
2011-03-08,AUD,AUSTRALIAN DOLLAR,tff,77229,10705,8240,103167,66524,-94927,152865
2011-03-08,CAD,CANADIAN DOLLAR,tff,71192,39375,4962,85939,31817,-80977,174715
2011-03-08,CHF,SWISS FRANC,tff,30712,19182,99,29791,11530,-29692,62936
2011-03-08,COPPER,COPPER,dis,49103,24793,67688,93617,24310,-25929,141773
2011-03-08,EUR,EURO FX,tff,72271,43312,40233,105391,28959,-65158,263702
2011-03-08,GBP,BRITISH POUND,tff,69517,33325,7438,41795,36192,-34357,145352
2011-03-08,GOLD,GOLD,dis,253434,62494,152903,400367,190940,-247464,515214
2011-03-08,JPY,JAPANESE YEN,tff,60815,21907,12522,58052,38908,-45530,131247
2011-03-08,NZD,NEW ZEALAND DOLLAR,tff,12491,14471,9274,7582,-1980,1692,27699
2011-03-08,OIL,WTI CRUDE OIL,dis,44182,17488,128938,135090,26694,-6152,223859
2011-03-08,SILVER,SILVER,dis,50394,11900,30841,86191,38494,-55350,133485
2011-03-08,USD,US DOLLAR INDEX,tff,28844,40112,13166,2596,-11268,10570,52704
2011-03-15,AUD,AUSTRALIAN DOLLAR,tff,51184,8792,6055,69322,42392,-63267,100326
2011-03-15,CAD,CANADIAN DOLLAR,tff,54361,31596,7363,75262,22765,-67899,189157
2011-03-15,CHF,SWISS FRANC,tff,31379,11446,2997,37537,19933,-34540,61506
2011-03-15,COPPER,COPPER,dis,46193,22831,66453,88953,23362,-22500,134739
2011-03-15,EUR,EURO FX,tff,62919,37231,11589,74976,25688,-63387,190848
2011-03-15,GBP,BRITISH POUND,tff,49214,24152,11571,26714,25062,-15143,98181
2011-03-15,GOLD,GOLD,dis,240661,66090,168330,388484,174571,-220154,507760
2011-03-15,JPY,JAPANESE YEN,tff,46447,22075,7763,43047,24372,-35284,114701
2011-03-15,NZD,NEW ZEALAND DOLLAR,tff,7995,10295,4216,1747,-2300,2469,15851
2011-03-15,OIL,WTI CRUDE OIL,dis,44678,21557,131106,127508,23121,3598,223757
2011-03-15,SILVER,SILVER,dis,47290,12336,31210,84631,34954,-53421,134914
2011-03-15,USD,US DOLLAR INDEX,tff,16519,41205,25508,1723,-24686,23785,51147
2011-03-22,AUD,AUSTRALIAN DOLLAR,tff,54788,7577,6997,75355,47211,-68358,101180
2011-03-22,CAD,CANADIAN DOLLAR,tff,41637,9961,6590,83646,31676,-77056,118442
2011-03-22,CHF,SWISS FRANC,tff,23223,10254,4071,35287,12969,-31216,56786
2011-03-22,COPPER,COPPER,dis,44489,22667,65641,88918,21822,-23277,133713
2011-03-22,EUR,EURO FX,tff,62333,29845,18802,80758,32488,-61956,194709
2011-03-22,GBP,BRITISH POUND,tff,70641,18871,3066,52872,51770,-49806,117974
2011-03-22,GOLD,GOLD,dis,231512,56675,162616,387415,174837,-224799,509131
2011-03-22,JPY,JAPANESE YEN,tff,46376,18083,8236,53465,28293,-45229,112051
2011-03-22,NZD,NEW ZEALAND DOLLAR,tff,5129,7623,5590,2350,-2494,3240,13974
2011-03-22,OIL,WTI CRUDE OIL,dis,44801,18836,131773,126062,25965,5711,223764
2011-03-22,SILVER,SILVER,dis,47552,10777,31526,86708,36775,-55182,135988
2011-03-22,USD,US DOLLAR INDEX,tff,18547,40005,25227,2972,-21458,22255,52822
2011-03-29,AUD,AUSTRALIAN DOLLAR,tff,85749,9743,6542,109453,76006,-102911,138638
2011-03-29,CAD,CANADIAN DOLLAR,tff,43852,9072,6805,84745,34780,-77940,119128
2011-03-29,CHF,SWISS FRANC,tff,24184,11619,4767,33871,12565,-29104,56730
2011-03-29,COPPER,COPPER,dis,47672,20628,63696,92690,27044,-28994,135882
2011-03-29,EUR,EURO FX,tff,74873,37044,25810,96296,37829,-70486,218177
2011-03-29,GBP,BRITISH POUND,tff,48611,22631,9894,26309,25980,-16415,104506
2011-03-29,GOLD,GOLD,dis,242343,49222,158429,399198,193121,-240769,492087
2011-03-29,JPY,JAPANESE YEN,tff,34783,24060,7688,32419,10723,-24731,100377
2011-03-29,NZD,NEW ZEALAND DOLLAR,tff,5750,6359,4227,3512,-609,715,13401
2011-03-29,OIL,WTI CRUDE OIL,dis,46242,18440,134061,131178,27802,2883,227290
2011-03-29,SILVER,SILVER,dis,47764,10625,32587,87882,37139,-55295,138486
2011-03-29,USD,US DOLLAR INDEX,tff,18463,41178,24667,2458,-22715,22209,52915
2011-04-05,AUD,AUSTRALIAN DOLLAR,tff,93795,11146,4522,115307,82649,-110785,146108
2011-04-05,CAD,CANADIAN DOLLAR,tff,60333,15025,2879,96227,45308,-93348,138257
2011-04-05,CHF,SWISS FRANC,tff,22792,17685,8939,30907,5107,-21968,59954
2011-04-05,COPPER,COPPER,dis,46268,23884,61166,89006,22384,-27840,134293
2011-04-05,EUR,EURO FX,tff,78789,39413,35013,107368,39376,-72355,236270
2011-04-05,GBP,BRITISH POUND,tff,65160,12265,3937,46036,52895,-42099,111219
2011-04-05,GOLD,GOLD,dis,259792,55086,157327,415992,204706,-258665,508956
2011-04-05,JPY,JAPANESE YEN,tff,22298,50412,47947,13142,-28114,34805,120632
2011-04-05,NZD,NEW ZEALAND DOLLAR,tff,9511,7720,2697,6559,1791,-3862,16197
2011-04-05,OIL,WTI CRUDE OIL,dis,49443,17574,124948,126060,31869,-1112,216452
2011-04-05,SILVER,SILVER,dis,48890,12105,33413,89827,36785,-56414,143013
2011-04-05,USD,US DOLLAR INDEX,tff,15831,35901,24687,5168,-20070,19519,50309
2011-04-12,AUD,AUSTRALIAN DOLLAR,tff,92341,7940,6807,118176,84401,-111369,149033
2011-04-12,CAD,CANADIAN DOLLAR,tff,58460,13591,7236,100974,44869,-93738,142022
2011-04-12,CHF,SWISS FRANC,tff,22782,14807,8442,34742,7975,-26300,61505
2011-04-12,COPPER,COPPER,dis,52973,21983,62368,98055,30990,-35687,142085
2011-04-12,EUR,EURO FX,tff,80120,38808,36889,111585,41312,-74696,243203
2011-04-12,GBP,BRITISH POUND,tff,65715,19528,3091,53047,46187,-49956,120316
2011-04-12,GOLD,GOLD,dis,261335,59590,157498,411186,201745,-253688,514871
2011-04-12,JPY,JAPANESE YEN,tff,19862,60709,63398,10074,-40847,53324,130084
2011-04-12,NZD,NEW ZEALAND DOLLAR,tff,14555,8453,1881,10760,6102,-8879,21143
2011-04-12,OIL,WTI CRUDE OIL,dis,48295,17547,127791,127219,30748,572,218448
2011-04-12,SILVER,SILVER,dis,46305,13583,34794,86073,32722,-51279,144670
2011-04-12,USD,US DOLLAR INDEX,tff,15745,33744,24522,5545,-17999,18977,49843
2011-04-19,AUD,AUSTRALIAN DOLLAR,tff,84199,7712,9217,113610,76487,-104393,143732
2011-04-19,CAD,CANADIAN DOLLAR,tff,59018,11708,8140,101533,47310,-93393,141961
2011-04-19,CHF,SWISS FRANC,tff,28273,17305,8698,39032,10968,-30334,69281
2011-04-19,COPPER,COPPER,dis,43667,18608,63739,90632,25059,-26893,132383
2011-04-19,EUR,EURO FX,tff,76388,40203,42842,113609,36185,-70767,244006
2011-04-19,GBP,BRITISH POUND,tff,61801,10389,2934,50616,51412,-47682,108808
2011-04-19,GOLD,GOLD,dis,274208,59282,157793,424341,214926,-266548,537946
2011-04-19,JPY,JAPANESE YEN,tff,20048,60861,61588,11422,-40813,50166,127838
2011-04-19,NZD,NEW ZEALAND DOLLAR,tff,18063,9017,1612,14791,9046,-13179,25789
2011-04-19,OIL,WTI CRUDE OIL,dis,49658,17707,131252,140645,31951,-9393,222353
2011-04-19,SILVER,SILVER,dis,48325,14559,34043,86735,33766,-52692,144981
2011-04-19,USD,US DOLLAR INDEX,tff,13639,33982,24325,6459,-20343,17866,50159
2011-04-26,AUD,AUSTRALIAN DOLLAR,tff,83546,8729,8594,111112,74817,-102518,143468
2011-04-26,CAD,CANADIAN DOLLAR,tff,53837,12875,7521,99848,40962,-92327,138939
2011-04-26,CHF,SWISS FRANC,tff,28076,17040,11114,40177,11036,-29063,71635
2011-04-26,COPPER,COPPER,dis,42076,18398,62977,89403,23678,-26426,130849
2011-04-26,EUR,EURO FX,tff,81402,40303,38593,119042,41099,-80449,249000
2011-04-26,GBP,BRITISH POUND,tff,65497,16612,3118,57539,48885,-54421,118486
2011-04-26,GOLD,GOLD,dis,260607,59341,167035,416029,201266,-248994,530132
2011-04-26,JPY,JAPANESE YEN,tff,20927,44208,42311,13561,-23281,28750,114134
2011-04-26,NZD,NEW ZEALAND DOLLAR,tff,19524,8273,1634,16878,11251,-15244,27220
2011-04-26,OIL,WTI CRUDE OIL,dis,49747,17391,134441,143661,32356,-9220,225785
2011-04-26,SILVER,SILVER,dis,43078,18083,35763,78297,24995,-42534,143341
2011-04-26,USD,US DOLLAR INDEX,tff,14866,34342,24155,6936,-19476,17219,51693
2011-05-03,AUD,AUSTRALIAN DOLLAR,tff,81546,15189,10611,103949,66357,-93338,142328
2011-05-03,CAD,CANADIAN DOLLAR,tff,56057,15517,9630,95942,40540,-86312,139919
2011-05-03,CHF,SWISS FRANC,tff,29339,17461,10472,40407,11878,-29935,72778
2011-05-03,COPPER,COPPER,dis,40403,19399,62248,82043,21004,-19795,125898
2011-05-03,EUR,EURO FX,tff,105405,47627,26264,136892,57778,-110628,264337
2011-05-03,GBP,BRITISH POUND,tff,67257,24099,4907,55107,43158,-50200,124003
2011-05-03,GOLD,GOLD,dis,259440,66784,161934,402036,192656,-240102,522323
2011-05-03,JPY,JAPANESE YEN,tff,20234,34155,27847,16502,-13921,11345,104590
2011-05-03,NZD,NEW ZEALAND DOLLAR,tff,22929,9872,1749,19938,13057,-18189,31620
2011-05-03,OIL,WTI CRUDE OIL,dis,50242,16882,120556,141230,33360,-20674,217962
2011-05-03,SILVER,SILVER,dis,42751,19397,30743,73203,23354,-42460,131907
2011-05-03,USD,US DOLLAR INDEX,tff,14953,35572,25301,8051,-20619,17250,53901
2011-05-10,AUD,AUSTRALIAN DOLLAR,tff,70755,12541,11962,92210,58214,-80248,128314
2011-05-10,CAD,CANADIAN DOLLAR,tff,40024,7630,10773,86337,32394,-75564,121478
2011-05-10,CHF,SWISS FRANC,tff,29533,19756,13456,40299,9777,-26843,72312
2011-05-10,COPPER,COPPER,dis,34445,22626,62279,70730,11819,-8451,120303
2011-05-10,EUR,EURO FX,tff,68986,45937,54015,119834,23049,-65819,242927
2011-05-10,GBP,BRITISH POUND,tff,51546,16971,8778,43641,34575,-34863,108117
2011-05-10,GOLD,GOLD,dis,240975,64636,178418,399999,176339,-221581,510151
2011-05-10,JPY,JAPANESE YEN,tff,30130,18386,15673,32876,11744,-17203,102289
2011-05-10,NZD,NEW ZEALAND DOLLAR,tff,23438,9315,1591,19539,14123,-17948,30504
2011-05-10,OIL,WTI CRUDE OIL,dis,53477,16982,119670,137879,36495,-18209,217162
2011-05-10,SILVER,SILVER,dis,34239,10753,33266,74602,23486,-41336,123537
2011-05-10,USD,US DOLLAR INDEX,tff,12286,32046,26761,11607,-19760,15154,52362
2011-05-17,AUD,AUSTRALIAN DOLLAR,tff,59489,8306,12031,84721,51183,-72690,115090
2011-05-17,CAD,CANADIAN DOLLAR,tff,37822,13230,16606,82311,24592,-65705,123386
2011-05-17,CHF,SWISS FRANC,tff,24957,16253,13035,40286,8704,-27251,68304
2011-05-17,COPPER,COPPER,dis,29693,21948,62821,65989,7745,-3168,119749
2011-05-17,EUR,EURO FX,tff,60895,53397,76683,112131,7498,-35448,250533
2011-05-17,GBP,BRITISH POUND,tff,42806,22573,16480,29169,20233,-12689,103753
2011-05-17,GOLD,GOLD,dis,227421,62818,189113,396062,164603,-206949,509164
2011-05-17,JPY,JAPANESE YEN,tff,30933,16827,15685,34496,14106,-18811,103453
2011-05-17,NZD,NEW ZEALAND DOLLAR,tff,23434,10004,1612,17814,13430,-16202,29636
2011-05-17,OIL,WTI CRUDE OIL,dis,53916,14683,118752,140620,39233,-21868,217282
2011-05-17,SILVER,SILVER,dis,30936,13501,36082,70099,17435,-34017,120227
2011-05-17,USD,US DOLLAR INDEX,tff,15686,35498,27349,13542,-19812,13807,55791
2011-05-24,AUD,AUSTRALIAN DOLLAR,tff,60936,8036,10483,81263,52900,-70780,110968
2011-05-24,CAD,CANADIAN DOLLAR,tff,30921,13858,19725,78045,17063,-58320,120245
2011-05-24,CHF,SWISS FRANC,tff,24856,15432,15005,38172,9424,-23167,66776
2011-05-24,COPPER,COPPER,dis,28382,22354,65806,68353,6028,-2547,120829
2011-05-24,EUR,EURO FX,tff,51375,59617,101914,110343,-8242,-8429,258663
2011-05-24,GBP,BRITISH POUND,tff,40112,35157,33458,23313,4955,10145,110336
2011-05-24,GOLD,GOLD,dis,240461,68067,185259,402496,172394,-217237,531180
2011-05-24,JPY,JAPANESE YEN,tff,25818,17780,16519,33987,8038,-17468,99264
2011-05-24,NZD,NEW ZEALAND DOLLAR,tff,24474,9613,1612,19540,14861,-17928,30930
2011-05-24,OIL,WTI CRUDE OIL,dis,54091,14826,119513,141874,39265,-22361,218817
2011-05-24,SILVER,SILVER,dis,31754,14171,33663,68622,17583,-34959,121395
2011-05-24,USD,US DOLLAR INDEX,tff,19492,41241,27430,14059,-21749,13371,61833
2011-05-31,AUD,AUSTRALIAN DOLLAR,tff,66545,9890,6518,87004,56655,-80486,117502
2011-05-31,CAD,CANADIAN DOLLAR,tff,34782,14098,18467,81465,20684,-62998,125654
2011-05-31,CHF,SWISS FRANC,tff,28708,14598,11241,37591,14110,-26350,67713
2011-05-31,COPPER,COPPER,dis,29163,19183,66738,74271,9980,-7533,123919
2011-05-31,EUR,EURO FX,tff,56010,60973,103939,115616,-4963,-11677,270101
2011-05-31,GBP,BRITISH POUND,tff,45326,27703,23477,28689,17623,-5212,108085
2011-05-31,GOLD,GOLD,dis,247185,55411,170783,411291,191774,-240508,501400
2011-05-31,JPY,JAPANESE YEN,tff,17167,19553,21186,28767,-2386,-7581,95929
2011-05-31,NZD,NEW ZEALAND DOLLAR,tff,23937,7798,1612,21161,16139,-19549,30915
2011-05-31,OIL,WTI CRUDE OIL,dis,55021,13870,120902,145012,41151,-24110,222059
2011-05-31,SILVER,SILVER,dis,28870,11288,36702,71025,17582,-34323,120853
2011-05-31,USD,US DOLLAR INDEX,tff,14826,34719,27587,14146,-19893,13441,55794
2011-06-07,AUD,AUSTRALIAN DOLLAR,tff,79063,9830,5232,94299,69233,-89067,145346
2011-06-07,CAD,CANADIAN DOLLAR,tff,34606,22778,24338,73097,11828,-48759,129110
2011-06-07,CHF,SWISS FRANC,tff,26932,17576,13131,36477,9356,-23346,74339
2011-06-07,COPPER,COPPER,dis,30044,20316,65602,74150,9728,-8548,122995
2011-06-07,EUR,EURO FX,tff,71419,63880,86262,121951,7539,-35689,296126
2011-06-07,GBP,BRITISH POUND,tff,45049,27844,22290,29594,17205,-7304,113641
2011-06-07,GOLD,GOLD,dis,251837,53129,168869,416553,198708,-247684,502251
2011-06-07,JPY,JAPANESE YEN,tff,28036,16535,15416,38073,11501,-22657,106199
2011-06-07,NZD,NEW ZEALAND DOLLAR,tff,24133,7450,1777,22419,16683,-20642,37227
2011-06-07,OIL,WTI CRUDE OIL,dis,56665,13441,113204,143409,43224,-30205,213573
2011-06-07,SILVER,SILVER,dis,28761,11762,37428,70756,16999,-33328,121191
2011-06-07,USD,US DOLLAR INDEX,tff,19551,40560,27383,11229,-21009,16154,62825
2011-06-14,AUD,AUSTRALIAN DOLLAR,tff,71789,14300,1680,81419,57489,-79739,115119
2011-06-14,CAD,CANADIAN DOLLAR,tff,30353,19924,24986,79128,10429,-54142,142172
2011-06-14,CHF,SWISS FRANC,tff,25538,11435,887,30317,14103,-29430,54048
2011-06-14,COPPER,COPPER,dis,31122,20388,71608,80534,10734,-8926,132616
2011-06-14,EUR,EURO FX,tff,68240,42128,16959,71044,26112,-54085,190373
2011-06-14,GBP,BRITISH POUND,tff,45295,22346,7542,18029,22949,-10487,90719
2011-06-14,GOLD,GOLD,dis,247713,56018,171824,409253,191695,-237429,497780
2011-06-14,JPY,JAPANESE YEN,tff,32551,9515,6267,39388,23036,-33121,94483
2011-06-14,NZD,NEW ZEALAND DOLLAR,tff,23686,5452,2084,24345,18234,-22261,31432
2011-06-14,OIL,WTI CRUDE OIL,dis,57530,13405,114998,145782,44125,-30784,216803
2011-06-14,SILVER,SILVER,dis,29261,12674,38561,71785,16587,-33224,118846
2011-06-14,USD,US DOLLAR INDEX,tff,27345,30851,13101,14225,-3506,-1124,53773
2011-06-21,AUD,AUSTRALIAN DOLLAR,tff,64159,13527,2148,66711,50632,-64563,100079
2011-06-21,CAD,CANADIAN DOLLAR,tff,13148,22159,6776,36908,-9011,-30132,87905
2011-06-21,CHF,SWISS FRANC,tff,23401,10966,1048,27730,12435,-26682,51304
2011-06-21,COPPER,COPPER,dis,30500,20735,73946,80593,9765,-6647,133849
2011-06-21,EUR,EURO FX,tff,57942,44490,26697,58092,13452,-31395,189190
2011-06-21,GBP,BRITISH POUND,tff,34679,31722,24600,6497,2957,18103,92824
2011-06-21,GOLD,GOLD,dis,262254,59027,167811,419058,203227,-251247,515016
2011-06-21,JPY,JAPANESE YEN,tff,39188,10854,2734,46500,28334,-43766,99071
2011-06-21,NZD,NEW ZEALAND DOLLAR,tff,22306,4943,2213,23657,17363,-21444,30261
2011-06-21,OIL,WTI CRUDE OIL,dis,58094,13111,122727,148447,44983,-25720,219329
2011-06-21,SILVER,SILVER,dis,30454,11131,35382,70946,19323,-35564,120238
2011-06-21,USD,US DOLLAR INDEX,tff,19658,24802,12763,14404,-5144,-1641,46279
2011-06-28,AUD,AUSTRALIAN DOLLAR,tff,58326,14431,2553,55467,43895,-52914,93784
2011-06-28,CAD,CANADIAN DOLLAR,tff,15492,26245,9191,33677,-10753,-24486,92360
2011-06-28,CHF,SWISS FRANC,tff,21749,10495,2130,27514,11254,-25384,51227
2011-06-28,COPPER,COPPER,dis,29596,19591,67785,73573,10005,-5788,124236
2011-06-28,EUR,EURO FX,tff,53306,41546,22759,54950,11760,-32191,183206
2011-06-28,GBP,BRITISH POUND,tff,31718,38411,40701,2595,-6693,38106,102414
2011-06-28,GOLD,GOLD,dis,225982,60080,177824,386579,165902,-208755,495761
2011-06-28,JPY,JAPANESE YEN,tff,32833,13870,9220,34527,18963,-25307,94286
2011-06-28,NZD,NEW ZEALAND DOLLAR,tff,21678,4442,2387,23483,17236,-21096,29652
2011-06-28,OIL,WTI CRUDE OIL,dis,58466,14854,121449,153129,43612,-31680,225015
2011-06-28,SILVER,SILVER,dis,27439,11441,36894,66060,15998,-29166,114330
2011-06-28,USD,US DOLLAR INDEX,tff,24816,26604,12485,17482,-1788,-4997,50419
2011-07-05,AUD,AUSTRALIAN DOLLAR,tff,78148,18765,2611,81152,59383,-78541,121626
2011-07-05,CAD,CANADIAN DOLLAR,tff,27711,30403,8524,46700,-2692,-38176,105967
2011-07-05,CHF,SWISS FRANC,tff,17594,9634,3647,24935,7960,-21288,47566
2011-07-05,COPPER,COPPER,dis,40534,21571,67922,86511,18963,-18589,138627
2011-07-05,EUR,EURO FX,tff,64555,47296,23399,65753,17259,-42354,194329
2011-07-05,GBP,BRITISH POUND,tff,32737,54116,52854,1544,-21379,51310,118359
2011-07-05,GOLD,GOLD,dis,219889,62114,177118,379120,157775,-202002,489782
2011-07-05,JPY,JAPANESE YEN,tff,33112,13120,10846,37814,19992,-26968,94901
2011-07-05,NZD,NEW ZEALAND DOLLAR,tff,22179,4125,2480,24889,18054,-22409,30520
2011-07-05,OIL,WTI CRUDE OIL,dis,60100,13213,119460,151085,46887,-31625,216064
2011-07-05,SILVER,SILVER,dis,28131,9296,33548,66999,18835,-33451,111251
2011-07-05,USD,US DOLLAR INDEX,tff,21838,25023,12399,14813,-3185,-2414,47393
2011-07-12,AUD,AUSTRALIAN DOLLAR,tff,77915,14917,3947,85961,62998,-82014,120703
2011-07-12,CAD,CANADIAN DOLLAR,tff,33116,28606,7161,55680,4510,-48519,111624
2011-07-12,CHF,SWISS FRANC,tff,17964,9066,2624,25918,8898,-23294,48630
2011-07-12,COPPER,COPPER,dis,48272,24486,65478,91042,23786,-25564,146864
2011-07-12,EUR,EURO FX,tff,46791,57127,33834,41507,-10336,-7673,185541
2011-07-12,GBP,BRITISH POUND,tff,32673,51382,61108,2018,-18709,59090,121134
2011-07-12,GOLD,GOLD,dis,262515,64918,167806,412055,197597,-244249,520202
2011-07-12,JPY,JAPANESE YEN,tff,45700,17361,8886,52840,28339,-43954,115846
2011-07-12,NZD,NEW ZEALAND DOLLAR,tff,22147,4142,2157,24145,18005,-21988,29745
2011-07-12,OIL,WTI CRUDE OIL,dis,60229,13148,118184,149632,47081,-31448,216497
2011-07-12,SILVER,SILVER,dis,29967,9464,30712,68202,20503,-37490,112795
2011-07-12,USD,US DOLLAR INDEX,tff,22889,24762,13161,18649,-1873,-5488,49877
2011-07-19,AUD,AUSTRALIAN DOLLAR,tff,87138,12970,3244,95209,74168,-91965,128712
2011-07-19,CAD,CANADIAN DOLLAR,tff,46623,31401,6082,63319,15222,-57237,124719
2011-07-19,CHF,SWISS FRANC,tff,20104,8763,4137,29447,11341,-25310,52133
2011-07-19,COPPER,COPPER,dis,49556,25807,64948,92763,23749,-27815,152876
2011-07-19,EUR,EURO FX,tff,35357,52885,43685,40685,-17528,3000,180314
2011-07-19,GBP,BRITISH POUND,tff,30668,32990,40867,4221,-2322,36646,98291
2011-07-19,GOLD,GOLD,dis,277492,58195,162395,426209,219297,-263814,542342
2011-07-19,JPY,JAPANESE YEN,tff,56533,16519,7824,69853,40014,-62029,129653
2011-07-19,NZD,NEW ZEALAND DOLLAR,tff,22583,2986,2083,26083,19597,-24000,31072
2011-07-19,OIL,WTI CRUDE OIL,dis,60034,13130,118601,149038,46904,-30437,216957
2011-07-19,SILVER,SILVER,dis,34248,13499,31009,70522,20749,-39513,115999
2011-07-19,USD,US DOLLAR INDEX,tff,21697,20953,12062,19007,744,-6945,46605
2011-07-26,AUD,AUSTRALIAN DOLLAR,tff,88695,10804,5548,101685,77891,-96137,135764
2011-07-26,CAD,CANADIAN DOLLAR,tff,44559,25616,8114,73304,18943,-65190,128807
2011-07-26,CHF,SWISS FRANC,tff,21591,12138,3497,27744,9453,-24247,53513
2011-07-26,COPPER,COPPER,dis,51606,27015,65835,93137,24591,-27302,156140
2011-07-26,EUR,EURO FX,tff,41839,46960,33545,55319,-5121,-21774,183690
2011-07-26,GBP,BRITISH POUND,tff,36243,28345,27585,10555,7898,17030,97415
2011-07-26,GOLD,GOLD,dis,278473,42856,158260,441233,235617,-282973,536454
2011-07-26,JPY,JAPANESE YEN,tff,64448,18397,6571,75717,46051,-69146,138932
2011-07-26,NZD,NEW ZEALAND DOLLAR,tff,24113,3029,1866,27804,21084,-25938,32793
2011-07-26,OIL,WTI CRUDE OIL,dis,60071,14322,117859,148130,45749,-30271,216624
2011-07-26,SILVER,SILVER,dis,37358,13445,29990,72763,23913,-42773,119563
2011-07-26,USD,US DOLLAR INDEX,tff,33885,35074,14260,15580,-1189,-1320,60863
2011-08-02,AUD,AUSTRALIAN DOLLAR,tff,88444,14926,5293,94993,73518,-89700,133930
2011-08-02,CAD,CANADIAN DOLLAR,tff,47206,26696,9199,76361,20510,-67162,133150
2011-08-02,CHF,SWISS FRANC,tff,25328,13623,5293,24712,11705,-19419,56911
2011-08-02,COPPER,COPPER,dis,51036,26773,67296,93515,24263,-26219,156089
2011-08-02,EUR,EURO FX,tff,44262,56722,44251,45965,-12460,-1714,190722
2011-08-02,GBP,BRITISH POUND,tff,45269,32566,21499,12612,12703,8887,103172
2011-08-02,GOLD,GOLD,dis,291974,44799,155014,442648,247175,-287634,529403
2011-08-02,JPY,JAPANESE YEN,tff,72144,18721,6644,84637,53423,-77993,148888
2011-08-02,NZD,NEW ZEALAND DOLLAR,tff,25119,2762,1613,29358,22357,-27745,33788
2011-08-02,OIL,WTI CRUDE OIL,dis,58449,13530,111167,142662,44919,-31495,207189
2011-08-02,SILVER,SILVER,dis,38265,13414,30441,75029,24851,-44588,120385
2011-08-02,USD,US DOLLAR INDEX,tff,31313,34140,16241,15912,-2827,329,60529
2011-08-09,AUD,AUSTRALIAN DOLLAR,tff,56352,10331,16503,65001,46021,-48498,104527
2011-08-09,CAD,CANADIAN DOLLAR,tff,32335,23875,9657,58140,8460,-48483,118973
2011-08-09,CHF,SWISS FRANC,tff,22526,8534,6140,26225,13992,-20085,53055
2011-08-09,COPPER,COPPER,dis,34375,23514,66705,76240,10861,-9535,128475
2011-08-09,EUR,EURO FX,tff,48629,45771,40723,37502,2858,3221,183571
2011-08-09,GBP,BRITISH POUND,tff,45535,36774,22461,10645,8761,11816,105544
2011-08-09,GOLD,GOLD,dis,259388,55815,163472,412678,203573,-249206,510223
2011-08-09,JPY,JAPANESE YEN,tff,46272,12664,5776,68478,33608,-62702,119904
2011-08-09,NZD,NEW ZEALAND DOLLAR,tff,20743,2446,2737,24030,18297,-21293,28943
2011-08-09,OIL,WTI CRUDE OIL,dis,57360,14044,111980,142780,43316,-30800,207773
2011-08-09,SILVER,SILVER,dis,32101,13713,36394,71735,18388,-35341,115939
2011-08-09,USD,US DOLLAR INDEX,tff,30628,29462,16147,15964,1166,183,57347
2011-08-16,AUD,AUSTRALIAN DOLLAR,tff,61145,10325,15795,61345,50820,-45550,103162
2011-08-16,CAD,CANADIAN DOLLAR,tff,19523,18236,9624,45840,1287,-36216,103509
2011-08-16,CHF,SWISS FRANC,tff,21314,3589,4850,30814,17725,-25964,48498
2011-08-16,COPPER,COPPER,dis,27568,21674,71675,72565,5894,-890,125673
2011-08-16,EUR,EURO FX,tff,41298,37636,34730,37812,3662,-3082,168931
2011-08-16,GBP,BRITISH POUND,tff,39090,33654,20771,10809,5436,9962,100562
2011-08-16,GOLD,GOLD,dis,263954,63868,160562,409409,200086,-248847,514107
2011-08-16,JPY,JAPANESE YEN,tff,50822,13007,6283,74125,37815,-67842,126262
2011-08-16,NZD,NEW ZEALAND DOLLAR,tff,18410,1861,3356,23170,16549,-19814,26705
2011-08-16,OIL,WTI CRUDE OIL,dis,57618,18627,114844,145138,38991,-30294,211025
2011-08-16,SILVER,SILVER,dis,32697,10769,34555,75236,21928,-40681,116007
2011-08-16,USD,US DOLLAR INDEX,tff,28810,23754,16267,14561,5056,1706,54579
2011-08-23,AUD,AUSTRALIAN DOLLAR,tff,70667,8983,13858,72430,61684,-58572,112068
2011-08-23,CAD,CANADIAN DOLLAR,tff,18384,12544,8459,50149,5840,-41690,104672
2011-08-23,CHF,SWISS FRANC,tff,22037,4186,5600,31347,17851,-25747,48964
2011-08-23,COPPER,COPPER,dis,28138,24288,72457,71157,3850,1300,126380
2011-08-23,EUR,EURO FX,tff,42878,38997,35450,41523,3881,-6073,174714
2011-08-23,GBP,BRITISH POUND,tff,44312,25387,13724,21327,18925,-7603,102177
2011-08-23,GOLD,GOLD,dis,258641,70960,175150,405586,187681,-230436,528520
2011-08-23,JPY,JAPANESE YEN,tff,56213,14276,6554,74623,41937,-68069,131217
2011-08-23,NZD,NEW ZEALAND DOLLAR,tff,16731,1989,4299,22942,14742,-18643,26504
2011-08-23,OIL,WTI CRUDE OIL,dis,56443,19168,116937,143480,37275,-26543,213524
2011-08-23,SILVER,SILVER,dis,38756,11745,34281,81380,27011,-47099,122543
2011-08-23,USD,US DOLLAR INDEX,tff,31176,26908,17597,14558,4268,3039,57901
2011-08-30,AUD,AUSTRALIAN DOLLAR,tff,79939,11310,9420,79690,68629,-70270,120394
2011-08-30,CAD,CANADIAN DOLLAR,tff,19051,10602,9463,55689,8449,-46226,107237
2011-08-30,CHF,SWISS FRANC,tff,19254,3051,5227,28768,16203,-23541,45566
2011-08-30,COPPER,COPPER,dis,28750,26048,63839,62367,2702,1472,115815
2011-08-30,EUR,EURO FX,tff,43107,39766,35559,44817,3341,-9258,179162
2011-08-30,GBP,BRITISH POUND,tff,33756,26167,19731,11721,7589,8010,96164
2011-08-30,GOLD,GOLD,dis,237230,60283,176476,393831,176947,-217355,509326
2011-08-30,JPY,JAPANESE YEN,tff,49879,10254,6377,73539,39625,-67162,126128
2011-08-30,NZD,NEW ZEALAND DOLLAR,tff,16555,2067,4518,23380,14488,-18862,26856
2011-08-30,OIL,WTI CRUDE OIL,dis,55841,18998,119221,143922,36843,-24701,216180
2011-08-30,SILVER,SILVER,dis,36537,9694,31944,77092,26843,-45148,112375
2011-08-30,USD,US DOLLAR INDEX,tff,28559,27587,17879,14059,972,3820,55670
2011-09-06,AUD,AUSTRALIAN DOLLAR,tff,82747,13107,7631,82985,69640,-75354,131598
2011-09-06,CAD,CANADIAN DOLLAR,tff,18551,14618,8829,51506,3933,-42677,109190
2011-09-06,CHF,SWISS FRANC,tff,18840,4056,6718,27849,14784,-21131,45785
2011-09-06,COPPER,COPPER,dis,30682,27185,62986,60973,3497,2013,115872
2011-09-06,EUR,EURO FX,tff,53812,61495,52370,34782,-7683,17588,209515
2011-09-06,GBP,BRITISH POUND,tff,28491,40168,41583,3496,-11677,38087,110372
2011-09-06,GOLD,GOLD,dis,248457,64086,174101,401815,184371,-227714,523294
2011-09-06,JPY,JAPANESE YEN,tff,48378,9717,7270,67205,38661,-59935,123412
2011-09-06,NZD,NEW ZEALAND DOLLAR,tff,17520,2135,4175,23722,15385,-19547,27939
2011-09-06,OIL,WTI CRUDE OIL,dis,53266,18423,113812,137984,34843,-24172,206435
2011-09-06,SILVER,SILVER,dis,37185,9978,30563,77869,27207,-47306,113449
2011-09-06,USD,US DOLLAR INDEX,tff,20945,26793,15348,14872,-5848,476,50566
2011-09-13,AUD,AUSTRALIAN DOLLAR,tff,69550,14117,10866,67803,55433,-56937,125386
2011-09-13,CAD,CANADIAN DOLLAR,tff,22136,20990,7941,45239,1146,-37298,117403
2011-09-13,CHF,SWISS FRANC,tff,16443,3964,8274,25156,12479,-16882,43828
2011-09-13,COPPER,COPPER,dis,30700,28872,64993,60937,1828,4056,118383
2011-09-13,EUR,EURO FX,tff,63377,73866,75972,37329,-10489,38643,264500
2011-09-13,GBP,BRITISH POUND,tff,32136,57893,67023,3420,-25757,63603,142120
2011-09-13,GOLD,GOLD,dis,235395,66548,183452,393920,168847,-210468,512068
2011-09-13,JPY,JAPANESE YEN,tff,51903,13528,9802,70984,38375,-61182,151535
2011-09-13,NZD,NEW ZEALAND DOLLAR,tff,17508,2059,4371,23443,15449,-19072,34664
2011-09-13,OIL,WTI CRUDE OIL,dis,54702,21957,119527,144588,32745,-25061,211501
2011-09-13,SILVER,SILVER,dis,36588,10301,31851,77238,26287,-45387,112726
2011-09-13,USD,US DOLLAR INDEX,tff,27169,29369,18958,24166,-2200,-5208,62802
2011-09-20,AUD,AUSTRALIAN DOLLAR,tff,36725,14602,14576,35573,22123,-20997,78616
2011-09-20,CAD,CANADIAN DOLLAR,tff,23120,23326,5490,46983,-206,-41493,123057
2011-09-20,CHF,SWISS FRANC,tff,7448,1912,225,8177,5536,-7952,21500
2011-09-20,COPPER,COPPER,dis,31651,34950,69336,59659,-3299,9677,125531
2011-09-20,EUR,EURO FX,tff,36687,87622,91696,10822,-50935,80874,201556
2011-09-20,GBP,BRITISH POUND,tff,28616,73293,90296,1411,-44677,88885,143678
2011-09-20,GOLD,GOLD,dis,212809,62280,187257,384885,150529,-197628,499356
2011-09-20,JPY,JAPANESE YEN,tff,57364,18408,870,69996,38956,-69126,127828
2011-09-20,NZD,NEW ZEALAND DOLLAR,tff,15530,3078,2409,17720,12452,-15311,22307
2011-09-20,OIL,WTI CRUDE OIL,dis,55299,23528,123306,146418,31771,-23112,214097
2011-09-20,SILVER,SILVER,dis,33947,11409,32373,73081,22538,-40708,112103
2011-09-20,USD,US DOLLAR INDEX,tff,29360,10078,17541,47443,19282,-29902,62452
2011-09-27,AUD,AUSTRALIAN DOLLAR,tff,31788,23318,28090,29530,8470,-1440,82580
2011-09-27,CAD,CANADIAN DOLLAR,tff,12232,40457,7078,12051,-28225,-4973,86146
2011-09-27,CHF,SWISS FRANC,tff,8769,2971,2563,7143,5798,-4580,23123
2011-09-27,COPPER,COPPER,dis,29860,31322,68325,59770,-1462,8555,119891
2011-09-27,EUR,EURO FX,tff,44206,90665,98269,13083,-46459,85186,215172
2011-09-27,GBP,BRITISH POUND,tff,29354,81226,99728,1737,-51872,97991,154682
2011-09-27,GOLD,GOLD,dis,181723,53922,192457,359140,127801,-166683,465414
2011-09-27,JPY,JAPANESE YEN,tff,55258,15966,2557,67539,39292,-64982,125732
2011-09-27,NZD,NEW ZEALAND DOLLAR,tff,13175,5588,7412,15934,7587,-8522,23804
2011-09-27,OIL,WTI CRUDE OIL,dis,54760,24875,125772,146353,29885,-20581,216399
2011-09-27,SILVER,SILVER,dis,25153,9728,38025,62287,15425,-24262,102014
2011-09-27,USD,US DOLLAR INDEX,tff,28934,9278,19971,53882,19656,-33911,68631
2011-10-04,AUD,AUSTRALIAN DOLLAR,tff,36015,23141,37879,30755,12874,7124,100016
2011-10-04,CAD,CANADIAN DOLLAR,tff,12575,36986,16139,17619,-24411,-1480,103733
2011-10-04,CHF,SWISS FRANC,tff,8823,4990,5155,7110,3833,-1955,24964
2011-10-04,COPPER,COPPER,dis,28040,31458,69927,60604,-3418,9323,121499
2011-10-04,EUR,EURO FX,tff,53010,89631,96550,16071,-36621,80479,220839
2011-10-04,GBP,BRITISH POUND,tff,31069,87381,116888,1676,-56312,115212,175500
2011-10-04,GOLD,GOLD,dis,180635,47479,180289,345040,133156,-164751,436920
2011-10-04,JPY,JAPANESE YEN,tff,59897,13562,2023,76377,46335,-74354,134724
2011-10-04,NZD,NEW ZEALAND DOLLAR,tff,11905,8150,12144,14542,3755,-2398,26211
2011-10-04,OIL,WTI CRUDE OIL,dis,48141,17550,116822,143172,30591,-26350,205743
2011-10-04,SILVER,SILVER,dis,23859,11959,39584,58507,11900,-18923,101102
2011-10-04,USD,US DOLLAR INDEX,tff,31027,10326,21140,57602,20701,-36462,72521
2011-10-11,AUD,AUSTRALIAN DOLLAR,tff,36836,25129,56661,27661,11707,29000,118182
2011-10-11,CAD,CANADIAN DOLLAR,tff,17820,46973,40399,9619,-29153,30780,122945
2011-10-11,CHF,SWISS FRANC,tff,8783,4197,4487,6656,4586,-2169,24317
2011-10-11,COPPER,COPPER,dis,27971,35030,72909,58490,-7059,14419,122868
2011-10-11,EUR,EURO FX,tff,50685,81502,97660,25444,-30817,72216,223167
2011-10-11,GBP,BRITISH POUND,tff,29796,81278,126154,2018,-51482,124136,184709
2011-10-11,GOLD,GOLD,dis,179125,44623,179749,348227,134502,-168478,438090
2011-10-11,JPY,JAPANESE YEN,tff,61251,15127,2015,96442,46124,-94427,153849
2011-10-11,NZD,NEW ZEALAND DOLLAR,tff,10987,5755,12091,16387,5232,-4296,25059
2011-10-11,OIL,WTI CRUDE OIL,dis,48221,16051,115869,145747,32170,-29878,207399
2011-10-11,SILVER,SILVER,dis,23571,11623,37590,58418,11948,-20828,99698
2011-10-11,USD,US DOLLAR INDEX,tff,30714,4994,21848,60404,25720,-38556,69667
2011-10-18,AUD,AUSTRALIAN DOLLAR,tff,48956,17049,51379,39572,31907,11807,121691
2011-10-18,CAD,CANADIAN DOLLAR,tff,20598,44299,42308,13422,-23701,28886,123074
2011-10-18,CHF,SWISS FRANC,tff,9835,5069,5797,6603,4766,-806,26097
2011-10-18,COPPER,COPPER,dis,28110,33449,75441,61894,-5339,13547,129014
2011-10-18,EUR,EURO FX,tff,54759,87551,98308,24570,-32792,73738,230483
2011-10-18,GBP,BRITISH POUND,tff,31122,75652,117762,1678,-44530,116084,175827
2011-10-18,GOLD,GOLD,dis,175224,48246,182341,341494,126978,-159153,437739
2011-10-18,JPY,JAPANESE YEN,tff,64005,17957,2438,90767,46048,-88329,152255
2011-10-18,NZD,NEW ZEALAND DOLLAR,tff,11317,4269,10355,17264,7048,-6909,24055
2011-10-18,OIL,WTI CRUDE OIL,dis,48566,18475,116922,143934,30091,-27012,208152
2011-10-18,SILVER,SILVER,dis,23005,12653,40121,58895,10352,-18774,103357
2011-10-18,USD,US DOLLAR INDEX,tff,26704,5588,21247,56886,21116,-35639,68006
2011-10-25,AUD,AUSTRALIAN DOLLAR,tff,54239,19455,48439,42515,34784,5924,126816
2011-10-25,CAD,CANADIAN DOLLAR,tff,21585,40479,39552,16233,-18894,23319,120187
2011-10-25,CHF,SWISS FRANC,tff,10163,5318,4580,6586,4845,-2006,27697
2011-10-25,COPPER,COPPER,dis,28375,31313,73267,62365,-2938,10902,129893
2011-10-25,EUR,EURO FX,tff,51243,91709,98779,31117,-40466,67662,235774
2011-10-25,GBP,BRITISH POUND,tff,34375,76031,107059,1531,-41656,105528,171560
2011-10-25,GOLD,GOLD,dis,182146,52425,175677,343791,129721,-168114,443723
2011-10-25,JPY,JAPANESE YEN,tff,71719,16668,1337,106927,55051,-105590,165616
2011-10-25,NZD,NEW ZEALAND DOLLAR,tff,12555,3867,9655,18524,8688,-8869,24675
2011-10-25,OIL,WTI CRUDE OIL,dis,48287,21024,118183,143224,27263,-25041,209881
2011-10-25,SILVER,SILVER,dis,23660,12638,38176,61692,11022,-23516,107066
2011-10-25,USD,US DOLLAR INDEX,tff,22732,10831,22001,47900,11901,-25899,63947
2011-11-01,AUD,AUSTRALIAN DOLLAR,tff,61682,27280,49666,51905,34402,-2239,139057
2011-11-01,CAD,CANADIAN DOLLAR,tff,24874,38021,35161,23456,-13147,11705,119841
2011-11-01,CHF,SWISS FRANC,tff,6573,3913,4072,7520,2660,-3448,23607
2011-11-01,COPPER,COPPER,dis,28641,26854,71273,64692,1787,6581,126363
2011-11-01,EUR,EURO FX,tff,48212,78541,90759,41183,-30329,49576,231229
2011-11-01,GBP,BRITISH POUND,tff,37721,75588,101073,2399,-37867,98674,169466
2011-11-01,GOLD,GOLD,dis,183149,43204,170316,352716,139945,-182400,442435
2011-11-01,JPY,JAPANESE YEN,tff,50160,14677,7493,85075,35483,-77582,138045
2011-11-01,NZD,NEW ZEALAND DOLLAR,tff,12797,2890,8486,18698,9907,-10212,24021
2011-11-01,OIL,WTI CRUDE OIL,dis,45890,16686,115361,139780,29204,-24419,199190
2011-11-01,SILVER,SILVER,dis,24084,11910,39207,62049,12174,-22842,108675
2011-11-01,USD,US DOLLAR INDEX,tff,28574,14286,21479,42070,14288,-20591,63639
2011-11-08,AUD,AUSTRALIAN DOLLAR,tff,68649,32742,45108,52502,35907,-7394,147684
2011-11-08,CAD,CANADIAN DOLLAR,tff,24981,41495,36290,21761,-16514,14529,122069
2011-11-08,CHF,SWISS FRANC,tff,9530,5462,4639,7551,4068,-2912,25539
2011-11-08,COPPER,COPPER,dis,26697,26385,70552,66389,312,4163,123572
2011-11-08,EUR,EURO FX,tff,52683,67623,86576,49344,-14940,37232,231445
2011-11-08,GBP,BRITISH POUND,tff,23339,55384,90577,2582,-32045,87995,147978
2011-11-08,GOLD,GOLD,dis,200186,44479,170248,367183,155707,-196935,464982
2011-11-08,JPY,JAPANESE YEN,tff,49153,14215,9621,86815,34938,-77194,138981
2011-11-08,NZD,NEW ZEALAND DOLLAR,tff,13494,2999,8895,19834,10495,-10939,24750
2011-11-08,OIL,WTI CRUDE OIL,dis,45116,17605,115044,139233,27511,-24189,200581
2011-11-08,SILVER,SILVER,dis,24414,11474,41455,66166,12940,-24711,111841
2011-11-08,USD,US DOLLAR INDEX,tff,26755,13683,20258,41321,13072,-21063,59861
2011-11-15,AUD,AUSTRALIAN DOLLAR,tff,62779,30752,46250,48075,32027,-1825,136465
2011-11-15,CAD,CANADIAN DOLLAR,tff,25709,44380,36608,20042,-18671,16566,123967
2011-11-15,CHF,SWISS FRANC,tff,11671,7523,7433,6929,4148,504,30206
2011-11-15,COPPER,COPPER,dis,26992,28106,77633,72092,-1114,5541,129991
2011-11-15,EUR,EURO FX,tff,59834,86885,93935,39429,-27051,54506,244552
2011-11-15,GBP,BRITISH POUND,tff,24752,58031,93777,3455,-33279,90322,150702
2011-11-15,GOLD,GOLD,dis,205417,46203,170594,374757,159214,-204163,470490
2011-11-15,JPY,JAPANESE YEN,tff,54801,14368,9200,90374,40433,-81174,142233
2011-11-15,NZD,NEW ZEALAND DOLLAR,tff,13105,4128,10691,19223,8977,-8532,25966
2011-11-15,OIL,WTI CRUDE OIL,dis,45794,17686,116597,140447,28108,-23850,204023
2011-11-15,SILVER,SILVER,dis,25822,11375,38950,65242,14447,-26292,110513
2011-11-15,USD,US DOLLAR INDEX,tff,22008,10213,18892,41893,11795,-23001,57305
2011-11-22,AUD,AUSTRALIAN DOLLAR,tff,48466,24145,52153,43717,24321,8436,128192
2011-11-22,CAD,CANADIAN DOLLAR,tff,28983,49684,39141,16773,-20701,22368,129151
2011-11-22,CHF,SWISS FRANC,tff,12006,8928,8361,6505,3078,1856,31022
2011-11-22,COPPER,COPPER,dis,26072,30294,72381,62742,-4222,9639,124189
2011-11-22,EUR,EURO FX,tff,62727,90056,98400,47374,-27329,51026,260064
2011-11-22,GBP,BRITISH POUND,tff,20127,61917,110381,3299,-41790,107082,160287
2011-11-22,GOLD,GOLD,dis,194066,33096,170098,362511,160970,-192413,457070
2011-11-22,JPY,JAPANESE YEN,tff,61021,12165,9554,99890,48856,-90336,149571
2011-11-22,NZD,NEW ZEALAND DOLLAR,tff,11596,5646,13243,18053,5950,-4810,26870
2011-11-22,OIL,WTI CRUDE OIL,dis,47194,15455,117475,141682,31739,-24207,207450
2011-11-22,SILVER,SILVER,dis,23577,10953,40241,61972,12624,-21731,108548
2011-11-22,USD,US DOLLAR INDEX,tff,17111,6830,18193,43219,10281,-25026,54442
2011-11-29,AUD,AUSTRALIAN DOLLAR,tff,39743,19573,60238,40844,20170,19394,124760
2011-11-29,CAD,CANADIAN DOLLAR,tff,30485,54585,43797,15798,-24100,27999,143231
2011-11-29,CHF,SWISS FRANC,tff,14561,13251,12534,6151,1310,6383,37224
2011-11-29,COPPER,COPPER,dis,26425,29733,64354,54748,-3308,9606,112374
2011-11-29,EUR,EURO FX,tff,69316,108084,101801,55757,-38768,46044,277511
2011-11-29,GBP,BRITISH POUND,tff,21608,80479,141180,2531,-58871,138649,190728
2011-11-29,GOLD,GOLD,dis,186031,31238,151929,345474,154793,-193545,423176
2011-11-29,JPY,JAPANESE YEN,tff,61943,13871,19526,113642,48072,-94116,166279
2011-11-29,NZD,NEW ZEALAND DOLLAR,tff,10019,8271,16332,16755,1748,-423,28277
2011-11-29,OIL,WTI CRUDE OIL,dis,47595,18806,118212,142463,28789,-24251,208247
2011-11-29,SILVER,SILVER,dis,23816,11722,38884,59572,12094,-20688,98959
2011-11-29,USD,US DOLLAR INDEX,tff,21315,8278,18115,45688,13037,-27573,58641
2011-12-06,AUD,AUSTRALIAN DOLLAR,tff,54079,25445,50518,46191,28634,4327,142807
2011-12-06,CAD,CANADIAN DOLLAR,tff,32144,49428,43116,21047,-17284,22069,150326
2011-12-06,CHF,SWISS FRANC,tff,13811,14872,17564,6437,-1061,11127,42548
2011-12-06,COPPER,COPPER,dis,26715,29347,65290,57566,-2632,7724,113252
2011-12-06,EUR,EURO FX,tff,66525,104430,100514,59830,-37905,40684,283309
2011-12-06,GBP,BRITISH POUND,tff,23475,88040,156088,4001,-64565,152087,209514
2011-12-06,GOLD,GOLD,dis,192752,33041,142443,343943,159711,-201500,422956
2011-12-06,JPY,JAPANESE YEN,tff,65312,12051,19319,118944,53261,-99625,178625
2011-12-06,NZD,NEW ZEALAND DOLLAR,tff,9723,6607,15860,17626,3116,-1766,27597
2011-12-06,OIL,WTI CRUDE OIL,dis,46438,15476,110782,133298,30962,-22516,196946
2011-12-06,SILVER,SILVER,dis,23211,10581,35493,58012,12630,-22519,95684
2011-12-06,USD,US DOLLAR INDEX,tff,21949,7579,18262,45738,14370,-27476,57372
2011-12-13,AUD,AUSTRALIAN DOLLAR,tff,60210,26385,46518,49738,33825,-3220,153296
2011-12-13,CAD,CANADIAN DOLLAR,tff,30841,48233,43148,20858,-17392,22290,173429
2011-12-13,CHF,SWISS FRANC,tff,15244,15340,20020,5823,-96,14197,56102
2011-12-13,COPPER,COPPER,dis,27040,30396,67361,59408,-3356,7953,115993
2011-12-13,EUR,EURO FX,tff,77262,124484,109062,57504,-47222,51558,327740
2011-12-13,GBP,BRITISH POUND,tff,22473,82177,150290,1728,-59704,148562,218203
2011-12-13,GOLD,GOLD,dis,184468,33965,152357,338574,150503,-186217,427699
2011-12-13,JPY,JAPANESE YEN,tff,65328,10219,18117,118137,55109,-100020,204818
2011-12-13,NZD,NEW ZEALAND DOLLAR,tff,10126,5990,15677,18557,4136,-2880,28686
2011-12-13,OIL,WTI CRUDE OIL,dis,48097,16258,111764,133353,31839,-21589,199908
2011-12-13,SILVER,SILVER,dis,25572,11905,35629,55934,13667,-20305,98311
2011-12-13,USD,US DOLLAR INDEX,tff,26326,13747,18487,46308,12579,-27821,66540
2011-12-20,AUD,AUSTRALIAN DOLLAR,tff,48825,27324,25748,15177,21501,10571,104817
2011-12-20,CAD,CANADIAN DOLLAR,tff,33170,47053,16705,21272,-13883,-4567,174254
2011-12-20,CHF,SWISS FRANC,tff,13868,14223,9956,800,-355,9156,33020
2011-12-20,COPPER,COPPER,dis,28339,33294,67210,55838,-4955,11372,116050
2011-12-20,EUR,EURO FX,tff,50187,134988,118045,24067,-84801,93978,266597
2011-12-20,GBP,BRITISH POUND,tff,25833,70515,129741,1737,-44682,128004,183972
2011-12-20,GOLD,GOLD,dis,172973,39037,159783,324337,133936,-164554,423465
2011-12-20,JPY,JAPANESE YEN,tff,47033,29458,362,63249,17575,-62887,132006
2011-12-20,NZD,NEW ZEALAND DOLLAR,tff,4115,4855,3289,1296,-740,1993,9442
2011-12-20,OIL,WTI CRUDE OIL,dis,48154,15384,112156,133614,32770,-21458,200567
2011-12-20,SILVER,SILVER,dis,24302,16874,40017,54842,7428,-14825,101165
2011-12-20,USD,US DOLLAR INDEX,tff,22459,33121,23573,31196,-10662,-7623,67062
2011-12-27,AUD,AUSTRALIAN DOLLAR,tff,57155,28570,22574,18034,28585,4540,111210
2011-12-27,CAD,CANADIAN DOLLAR,tff,25413,50922,36467,2619,-25509,33848,118735
2011-12-27,CHF,SWISS FRANC,tff,15670,15405,11035,721,265,10314,35741
2011-12-27,COPPER,COPPER,dis,28669,32261,67188,56805,-3592,10383,117153
2011-12-27,EUR,EURO FX,tff,57998,144008,122475,27029,-86010,95446,276022
2011-12-27,GBP,BRITISH POUND,tff,24880,72242,128343,2138,-47362,126205,183119
2011-12-27,GOLD,GOLD,dis,167413,36625,162522,326454,130788,-163932,418945
2011-12-27,JPY,JAPANESE YEN,tff,48339,32683,167,58699,15656,-58532,132557
2011-12-27,NZD,NEW ZEALAND DOLLAR,tff,4956,5012,2890,1836,-56,1054,10181
2011-12-27,OIL,WTI CRUDE OIL,dis,49257,15054,112189,134181,34203,-21992,200860
2011-12-27,SILVER,SILVER,dis,24026,17171,41224,55356,6855,-14132,103993
2011-12-27,USD,US DOLLAR INDEX,tff,23262,30050,22417,31605,-6788,-9188,64646
2012-01-03,AUD,AUSTRALIAN DOLLAR,tff,64348,28079,19706,22635,36269,-2929,117247
2012-01-03,CAD,CANADIAN DOLLAR,tff,26234,52447,35326,3165,-26213,32161,119763
2012-01-03,CHF,SWISS FRANC,tff,16597,15472,11367,2217,1125,9150,37999
2012-01-03,COPPER,COPPER,dis,29629,31177,68300,60466,-1548,7834,120794
2012-01-03,EUR,EURO FX,tff,66673,149926,119171,26718,-83253,92453,282790
2012-01-03,GBP,BRITISH POUND,tff,28227,77358,138025,2707,-49131,135318,193595
2012-01-03,GOLD,GOLD,dis,169339,38368,164117,325960,130971,-161843,423275
2012-01-03,JPY,JAPANESE YEN,tff,68131,46202,637,72126,21929,-71489,158719
2012-01-03,NZD,NEW ZEALAND DOLLAR,tff,6336,5394,2043,2469,942,-426,10812
2012-01-03,OIL,WTI CRUDE OIL,dis,46407,8408,90375,117790,37999,-27415,185446
2012-01-03,SILVER,SILVER,dis,26629,16991,41300,57216,9638,-15916,107101
2012-01-03,USD,US DOLLAR INDEX,tff,22580,30695,21469,32539,-8115,-11070,66053
2012-01-10,AUD,AUSTRALIAN DOLLAR,tff,78427,30002,14487,29190,48425,-14703,125914
2012-01-10,CAD,CANADIAN DOLLAR,tff,19685,53282,40813,7006,-33597,33807,120997
2012-01-10,CHF,SWISS FRANC,tff,19677,17159,14324,2015,2518,12309,41869
2012-01-10,COPPER,COPPER,dis,31413,33123,68689,61854,-1710,6835,126638
2012-01-10,EUR,EURO FX,tff,68102,155989,131060,27996,-87887,103064,294263
2012-01-10,GBP,BRITISH POUND,tff,25601,79632,146834,1458,-54031,145376,199855
2012-01-10,GOLD,GOLD,dis,166262,33502,160949,327523,132760,-166574,417923
2012-01-10,JPY,JAPANESE YEN,tff,72333,49153,638,73601,23180,-72963,163533
2012-01-10,NZD,NEW ZEALAND DOLLAR,tff,9247,5047,1788,5865,4200,-4077,14173
2012-01-10,OIL,WTI CRUDE OIL,dis,49035,8348,91054,118572,40687,-27518,189186
2012-01-10,SILVER,SILVER,dis,26208,15137,38959,58021,11071,-19062,104345
2012-01-10,USD,US DOLLAR INDEX,tff,25210,31865,20958,33747,-6655,-12789,69024
2012-01-17,AUD,AUSTRALIAN DOLLAR,tff,83279,33214,16755,36181,50065,-19426,135321
2012-01-17,CAD,CANADIAN DOLLAR,tff,21482,55422,42312,5079,-33940,37233,123101
2012-01-17,CHF,SWISS FRANC,tff,19171,17957,12704,1475,1214,11229,41577
2012-01-17,COPPER,COPPER,dis,34047,31736,67784,65652,2311,2132,132457
2012-01-17,EUR,EURO FX,tff,67707,157917,135279,32277,-90210,103002,300962
2012-01-17,GBP,BRITISH POUND,tff,26254,83100,157361,1611,-56846,155750,211418
2012-01-17,GOLD,GOLD,dis,167373,31344,172691,345667,136029,-172976,432838
2012-01-17,JPY,JAPANESE YEN,tff,74036,52602,597,76658,21434,-76061,168070
2012-01-17,NZD,NEW ZEALAND DOLLAR,tff,15809,6033,1516,11925,9776,-10409,20955
2012-01-17,OIL,WTI CRUDE OIL,dis,49878,9477,92116,120421,40401,-28305,192457
2012-01-17,SILVER,SILVER,dis,26209,12816,39029,59411,13393,-20382,103668
2012-01-17,USD,US DOLLAR INDEX,tff,24776,30720,20576,33561,-5944,-12985,68483
2012-01-24,AUD,AUSTRALIAN DOLLAR,tff,92137,26502,10756,44789,65635,-34033,139724
2012-01-24,CAD,CANADIAN DOLLAR,tff,20025,49740,33007,7177,-29715,25830,117164
2012-01-24,CHF,SWISS FRANC,tff,16556,18271,10698,1602,-1715,9096,39314
2012-01-24,COPPER,COPPER,dis,36031,31508,70960,70786,4523,174,142751
2012-01-24,EUR,EURO FX,tff,70651,174171,143798,34421,-103520,109377,315350
2012-01-24,GBP,BRITISH POUND,tff,18957,67707,141799,2542,-48750,139257,190040
2012-01-24,GOLD,GOLD,dis,173479,31256,164048,343816,142223,-179768,427032
2012-01-24,JPY,JAPANESE YEN,tff,61327,47906,597,61506,13421,-60909,152061
2012-01-24,NZD,NEW ZEALAND DOLLAR,tff,19979,6569,1702,16053,13410,-14351,25569
2012-01-24,OIL,WTI CRUDE OIL,dis,44912,9492,92767,121184,35420,-28417,196338
2012-01-24,SILVER,SILVER,dis,27051,10934,35283,60304,16117,-25021,103025
2012-01-24,USD,US DOLLAR INDEX,tff,22691,28032,21236,31637,-5341,-10401,64148
2012-01-31,AUD,AUSTRALIAN DOLLAR,tff,96975,31534,13713,51273,65441,-37560,150115
2012-01-31,CAD,CANADIAN DOLLAR,tff,17487,50118,36519,8133,-32631,28386,119270
2012-01-31,CHF,SWISS FRANC,tff,15395,17022,11719,5821,-1627,5898,40836
2012-01-31,COPPER,COPPER,dis,37665,33482,77199,78424,4183,-1225,151787
2012-01-31,EUR,EURO FX,tff,70584,161936,132441,38092,-91352,94349,305328
2012-01-31,GBP,BRITISH POUND,tff,25515,70783,135659,6417,-45268,129242,190849
2012-01-31,GOLD,GOLD,dis,197478,26119,147555,357417,171359,-209862,425133
2012-01-31,JPY,JAPANESE YEN,tff,76797,54093,1782,73664,22704,-71882,172967
2012-01-31,NZD,NEW ZEALAND DOLLAR,tff,25072,9571,1634,19157,15501,-17523,31627
2012-01-31,OIL,WTI CRUDE OIL,dis,52399,9402,92402,120969,42997,-28567,198113
2012-01-31,SILVER,SILVER,dis,28465,9374,33693,62422,19091,-28729,101747
2012-01-31,USD,US DOLLAR INDEX,tff,20325,20348,18179,29892,-23,-11713,54946
2012-02-07,AUD,AUSTRALIAN DOLLAR,tff,93012,28811,12035,51969,64201,-39934,148879
2012-02-07,CAD,CANADIAN DOLLAR,tff,26388,48702,26755,11702,-22314,15053,122955
2012-02-07,CHF,SWISS FRANC,tff,17834,17173,12173,6443,661,5730,42826
2012-02-07,COPPER,COPPER,dis,40578,33536,82954,87532,7042,-4578,160030
2012-02-07,EUR,EURO FX,tff,59814,145974,123263,37986,-86160,85277,288657
2012-02-07,GBP,BRITISH POUND,tff,29573,77181,130185,7970,-47608,122215,195733
2012-02-07,GOLD,GOLD,dis,207620,30113,143085,364157,177507,-221072,436061
2012-02-07,JPY,JAPANESE YEN,tff,81094,60817,1881,75448,20277,-73567,178512
2012-02-07,NZD,NEW ZEALAND DOLLAR,tff,27747,10504,1712,22070,17243,-20358,35020
2012-02-07,OIL,WTI CRUDE OIL,dis,50963,9932,87684,114589,41031,-26905,188543
2012-02-07,SILVER,SILVER,dis,32239,8652,31795,66445,23587,-34650,106008
2012-02-07,USD,US DOLLAR INDEX,tff,18043,16415,18122,29781,1628,-11659,53362
2012-02-14,AUD,AUSTRALIAN DOLLAR,tff,93077,30451,12642,53586,62626,-40944,151885
2012-02-14,CAD,CANADIAN DOLLAR,tff,25837,47236,25583,12337,-21399,13246,122896
2012-02-14,CHF,SWISS FRANC,tff,21447,19009,14102,10788,2438,3314,48092
2012-02-14,COPPER,COPPER,dis,42281,32572,85459,94173,9709,-8714,164491
2012-02-14,EUR,EURO FX,tff,51873,149048,128914,36569,-97175,92345,291060
2012-02-14,GBP,BRITISH POUND,tff,31161,75147,124927,8466,-43986,116461,192071
2012-02-14,GOLD,GOLD,dis,200332,32912,146818,356226,167420,-209408,431164
2012-02-14,JPY,JAPANESE YEN,tff,60802,53826,3093,52247,6976,-49154,153683
2012-02-14,NZD,NEW ZEALAND DOLLAR,tff,29368,10935,1692,22974,18433,-21282,36704
2012-02-14,OIL,WTI CRUDE OIL,dis,51849,10428,90178,114809,41421,-24631,192920
2012-02-14,SILVER,SILVER,dis,32860,7192,31427,68737,25668,-37310,104872
2012-02-14,USD,US DOLLAR INDEX,tff,17102,18484,18673,29841,-1382,-11168,51997
2012-02-21,AUD,AUSTRALIAN DOLLAR,tff,91311,29075,12383,51119,62236,-38736,149840
2012-02-21,CAD,CANADIAN DOLLAR,tff,35747,52771,20945,14923,-17024,6022,129249
2012-02-21,CHF,SWISS FRANC,tff,23167,19544,13334,13701,3623,-367,51197
2012-02-21,COPPER,COPPER,dis,43171,33634,84117,91136,9537,-7019,162525
2012-02-21,EUR,EURO FX,tff,49974,143547,126788,35447,-93573,91341,287525
2012-02-21,GBP,BRITISH POUND,tff,26244,68444,123643,10174,-42200,113469,186668
2012-02-21,GOLD,GOLD,dis,214343,33382,146004,375306,180961,-229302,456676
2012-02-21,JPY,JAPANESE YEN,tff,58102,58335,8073,40159,-233,-32086,150551
2012-02-21,NZD,NEW ZEALAND DOLLAR,tff,29261,10708,1591,23348,18553,-21757,36889
2012-02-21,OIL,WTI CRUDE OIL,dis,52619,10552,93413,121582,42067,-28169,198303
2012-02-21,SILVER,SILVER,dis,34819,8154,31735,70923,26665,-39188,110583
2012-02-21,USD,US DOLLAR INDEX,tff,16645,16433,18038,30062,212,-12024,50648
2012-02-28,AUD,AUSTRALIAN DOLLAR,tff,102549,35367,12441,57624,67182,-45183,161219
2012-02-28,CAD,CANADIAN DOLLAR,tff,39207,53843,22817,18186,-14636,4631,136553
2012-02-28,CHF,SWISS FRANC,tff,22736,19708,12771,16264,3028,-3493,52360
2012-02-28,COPPER,COPPER,dis,43900,33389,77325,86060,10511,-8735,153312
2012-02-28,EUR,EURO FX,tff,51754,120966,103596,39843,-69212,63753,271282
2012-02-28,GBP,BRITISH POUND,tff,23802,54453,116655,13776,-30651,102879,176885
2012-02-28,GOLD,GOLD,dis,231050,37830,145061,390412,193220,-245351,479044
2012-02-28,JPY,JAPANESE YEN,tff,47777,59593,18353,30246,-11816,-11893,148310
2012-02-28,NZD,NEW ZEALAND DOLLAR,tff,26994,9861,1648,22324,17133,-20676,35159
2012-02-28,OIL,WTI CRUDE OIL,dis,49891,10801,94078,123224,39090,-29146,202130
2012-02-28,SILVER,SILVER,dis,38012,8009,33802,78395,30003,-44593,115866
2012-02-28,USD,US DOLLAR INDEX,tff,19233,13750,15592,29988,5483,-14396,48598
2012-03-06,AUD,AUSTRALIAN DOLLAR,tff,95007,43298,15603,40615,51709,-25012,164007
2012-03-06,CAD,CANADIAN DOLLAR,tff,39641,54179,22504,22064,-14538,440,146771
2012-03-06,CHF,SWISS FRANC,tff,21017,18900,17880,16023,2117,1857,53649
2012-03-06,COPPER,COPPER,dis,44783,33198,76505,83720,11585,-7215,152741
2012-03-06,EUR,EURO FX,tff,57022,122654,118595,45962,-65632,72633,284739
2012-03-06,GBP,BRITISH POUND,tff,21484,60491,118527,11778,-39007,106749,184104
2012-03-06,GOLD,GOLD,dis,198112,34847,152969,353177,163265,-200208,443249
2012-03-06,JPY,JAPANESE YEN,tff,29578,53323,30005,26417,-23745,3588,147952
2012-03-06,NZD,NEW ZEALAND DOLLAR,tff,22096,11667,1584,14894,10429,-13310,29950
2012-03-06,OIL,WTI CRUDE OIL,dis,49120,13544,89529,120952,35576,-31423,195830
2012-03-06,SILVER,SILVER,dis,30635,7443,36329,72125,23192,-35796,111023
2012-03-06,USD,US DOLLAR INDEX,tff,20071,18392,15808,29998,1679,-14190,52985
2012-03-13,AUD,AUSTRALIAN DOLLAR,tff,100252,45001,15988,45119,55251,-29131,200719
2012-03-13,CAD,CANADIAN DOLLAR,tff,47590,57507,22170,27652,-9917,-5482,172856
2012-03-13,CHF,SWISS FRANC,tff,22661,15601,16761,15519,7060,1242,56305
2012-03-13,COPPER,COPPER,dis,43424,34352,75104,82186,9072,-7082,150968
2012-03-13,EUR,EURO FX,tff,61643,129820,127444,41715,-68177,85729,311057
2012-03-13,GBP,BRITISH POUND,tff,25585,63475,125625,10819,-37890,114806,202880
2012-03-13,GOLD,GOLD,dis,190477,39571,151435,343123,150906,-191688,442319
2012-03-13,JPY,JAPANESE YEN,tff,25032,61537,47574,25360,-36505,22214,196396
2012-03-13,NZD,NEW ZEALAND DOLLAR,tff,18199,11409,1614,11192,6790,-9578,32911
2012-03-13,OIL,WTI CRUDE OIL,dis,51880,12953,94586,124157,38927,-29571,201267
2012-03-13,SILVER,SILVER,dis,28459,6643,35341,70972,21816,-35631,111730
2012-03-13,USD,US DOLLAR INDEX,tff,28203,26863,15920,30678,1340,-14758,62925
2012-03-20,AUD,AUSTRALIAN DOLLAR,tff,97566,55235,26263,42592,42331,-16329,160387
2012-03-20,CAD,CANADIAN DOLLAR,tff,50708,53511,20373,29947,-2803,-9574,189870
2012-03-20,CHF,SWISS FRANC,tff,14988,14518,17298,10792,470,6506,43616
2012-03-20,COPPER,COPPER,dis,48835,36560,72827,81578,12275,-8751,154394
2012-03-20,EUR,EURO FX,tff,48605,123944,122019,25721,-75339,96298,258535
2012-03-20,GBP,BRITISH POUND,tff,43337,33658,62823,1207,9679,61616,141411
2012-03-20,GOLD,GOLD,dis,175009,43546,166859,332997,131463,-166138,431039
2012-03-20,JPY,JAPANESE YEN,tff,35286,63689,27059,17859,-28403,9200,139769
2012-03-20,NZD,NEW ZEALAND DOLLAR,tff,14135,6449,1826,11058,7686,-9232,20288
2012-03-20,OIL,WTI CRUDE OIL,dis,57931,12672,95687,125326,45259,-29639,203130
2012-03-20,SILVER,SILVER,dis,28489,7320,37622,69748,21169,-32126,111422
2012-03-20,USD,US DOLLAR INDEX,tff,25693,36601,17006,21221,-10908,-4215,60548
2012-03-27,AUD,AUSTRALIAN DOLLAR,tff,93022,47718,20145,37979,45304,-17834,147373
2012-03-27,CAD,CANADIAN DOLLAR,tff,43156,42903,11543,25327,253,-13784,122621
2012-03-27,CHF,SWISS FRANC,tff,13678,14170,15571,13392,-492,2179,42852
2012-03-27,COPPER,COPPER,dis,44370,36296,71533,77823,8074,-6290,152037
2012-03-27,EUR,EURO FX,tff,30924,112405,118658,15783,-81481,102875,239446
2012-03-27,GBP,BRITISH POUND,tff,47538,28386,46541,2769,19152,43772,135147
2012-03-27,GOLD,GOLD,dis,182369,34548,152335,337411,147821,-185076,417304
2012-03-27,JPY,JAPANESE YEN,tff,11172,74671,57357,9918,-63499,47439,145497
2012-03-27,NZD,NEW ZEALAND DOLLAR,tff,13728,6166,1934,11956,7562,-10022,20247
2012-03-27,OIL,WTI CRUDE OIL,dis,57982,13410,97019,126489,44572,-29470,207973
2012-03-27,SILVER,SILVER,dis,26897,8242,38722,68400,18655,-29678,109859
2012-03-27,USD,US DOLLAR INDEX,tff,19564,27453,16253,21010,-7889,-4757,51926
2012-04-03,AUD,AUSTRALIAN DOLLAR,tff,84020,51935,33119,35523,32085,-2404,151825
2012-04-03,CAD,CANADIAN DOLLAR,tff,47603,41374,9899,29351,6229,-19452,126333
2012-04-03,CHF,SWISS FRANC,tff,14122,13969,14514,14705,153,-191,43624
2012-04-03,COPPER,COPPER,dis,48178,38649,71108,78085,9529,-6977,156569
2012-04-03,EUR,EURO FX,tff,38274,105605,115302,19458,-67331,95844,241006
2012-04-03,GBP,BRITISH POUND,tff,54098,28324,45052,10187,25774,34865,142660
2012-04-03,GOLD,GOLD,dis,175592,33827,155751,333215,141765,-177464,407761
2012-04-03,JPY,JAPANESE YEN,tff,15910,73151,57721,14156,-57241,43565,150382
2012-04-03,NZD,NEW ZEALAND DOLLAR,tff,14040,4486,1860,13955,9554,-12095,20753
2012-04-03,OIL,WTI CRUDE OIL,dis,62016,12828,98589,125762,49188,-27173,201820
2012-04-03,SILVER,SILVER,dis,29242,9187,39894,71230,20055,-31336,116434
2012-04-03,USD,US DOLLAR INDEX,tff,13910,20012,15637,20504,-6102,-4867,44594
2012-04-10,AUD,AUSTRALIAN DOLLAR,tff,77962,56100,42402,31160,21862,11242,154070
2012-04-10,CAD,CANADIAN DOLLAR,tff,37089,32726,10300,21532,4363,-11232,113833
2012-04-10,CHF,SWISS FRANC,tff,15055,9575,12340,10378,5480,1962,39995
2012-04-10,COPPER,COPPER,dis,41312,40893,68891,66807,419,2084,148468
2012-04-10,EUR,EURO FX,tff,47765,129486,142997,14675,-81721,128322,274830
2012-04-10,GBP,BRITISH POUND,tff,60999,36693,46670,5042,24306,41628,145522
2012-04-10,GOLD,GOLD,dis,170996,34343,148103,319152,136653,-171049,403989
2012-04-10,JPY,JAPANESE YEN,tff,16904,76439,55399,13528,-59535,41871,150875
2012-04-10,NZD,NEW ZEALAND DOLLAR,tff,15257,4118,2027,15180,11139,-13153,21802
2012-04-10,OIL,WTI CRUDE OIL,dis,63452,12916,98429,126393,50536,-27964,203238
2012-04-10,SILVER,SILVER,dis,28154,9968,42151,68537,18186,-26386,114469
2012-04-10,USD,US DOLLAR INDEX,tff,15302,22674,15749,20875,-7372,-5126,46655
2012-04-17,AUD,AUSTRALIAN DOLLAR,tff,81975,49918,32607,34039,32057,-1432,148796
2012-04-17,CAD,CANADIAN DOLLAR,tff,48038,36599,10302,35281,11439,-24979,128841
2012-04-17,CHF,SWISS FRANC,tff,15452,12048,14763,10077,3404,4686,41358
2012-04-17,COPPER,COPPER,dis,41012,39755,84347,75969,1257,8378,159119
2012-04-17,EUR,EURO FX,tff,54321,143809,169621,15549,-89488,154072,295844
2012-04-17,GBP,BRITISH POUND,tff,70262,35214,43303,34549,35048,8754,157015
2012-04-17,GOLD,GOLD,dis,168700,26695,145730,321821,142005,-176091,398526
2012-04-17,JPY,JAPANESE YEN,tff,16398,69966,49882,16952,-53568,32930,144168
2012-04-17,NZD,NEW ZEALAND DOLLAR,tff,16937,4615,2026,17195,12322,-15169,23952
2012-04-17,OIL,WTI CRUDE OIL,dis,65059,12904,98604,128144,52155,-29540,205593
2012-04-17,SILVER,SILVER,dis,28051,9644,44523,71020,18407,-26497,121448
2012-04-17,USD,US DOLLAR INDEX,tff,13778,22480,15530,20334,-8702,-4804,45759
2012-04-24,AUD,AUSTRALIAN DOLLAR,tff,78241,49136,36843,30853,29105,5990,146739
2012-04-24,CAD,CANADIAN DOLLAR,tff,50767,36613,10107,42754,14154,-32647,134899
2012-04-24,CHF,SWISS FRANC,tff,13275,12575,12741,10099,700,2642,40155
2012-04-24,COPPER,COPPER,dis,38687,36365,86726,76668,2322,10058,159256
2012-04-24,EUR,EURO FX,tff,50397,134506,163420,13891,-84109,149529,287215
2012-04-24,GBP,BRITISH POUND,tff,87043,29109,32026,67526,57934,-35500,173368
2012-04-24,GOLD,GOLD,dis,165003,30009,148994,316231,134994,-167237,395389
2012-04-24,JPY,JAPANESE YEN,tff,13629,63317,45075,18731,-49688,26344,137636
2012-04-24,NZD,NEW ZEALAND DOLLAR,tff,12207,3943,1992,13136,8264,-11144,19126
2012-04-24,OIL,WTI CRUDE OIL,dis,66407,13104,99168,128581,53303,-29413,207101
2012-04-24,SILVER,SILVER,dis,28913,12442,48344,70697,16471,-22353,122325
2012-04-24,USD,US DOLLAR INDEX,tff,10156,18150,15180,20100,-7994,-4920,43144
2012-05-01,AUD,AUSTRALIAN DOLLAR,tff,85821,48911,25998,32554,36910,-6556,147749
2012-05-01,CAD,CANADIAN DOLLAR,tff,72304,43962,9057,64509,28342,-55452,163036
2012-05-01,CHF,SWISS FRANC,tff,13909,12323,12369,13157,1586,-788,41657
2012-05-01,COPPER,COPPER,dis,41404,37514,77181,70533,3890,6648,144241
2012-05-01,EUR,EURO FX,tff,49337,129999,153942,13442,-80662,140500,279605
2012-05-01,GBP,BRITISH POUND,tff,98985,26567,29888,86379,72418,-56491,188288
2012-05-01,GOLD,GOLD,dis,169568,29175,153584,331587,140393,-178003,411972
2012-05-01,JPY,JAPANESE YEN,tff,13797,60418,46725,23036,-46621,23689,140349
2012-05-01,NZD,NEW ZEALAND DOLLAR,tff,11931,3275,2561,14657,8656,-12096,19815
2012-05-01,OIL,WTI CRUDE OIL,dis,66644,12734,94257,125996,53910,-31739,200603
2012-05-01,SILVER,SILVER,dis,26855,11271,42450,66193,15584,-23743,110862
2012-05-01,USD,US DOLLAR INDEX,tff,13117,19470,15304,19746,-6353,-4442,45539
2012-05-08,AUD,AUSTRALIAN DOLLAR,tff,70182,60528,54157,21273,9654,32884,152108
2012-05-08,CAD,CANADIAN DOLLAR,tff,59968,37296,11756,49483,22672,-37727,148415
2012-05-08,CHF,SWISS FRANC,tff,15343,13865,16658,8446,1478,8212,45717
2012-05-08,COPPER,COPPER,dis,42919,39388,78539,71298,3531,7241,144583
2012-05-08,EUR,EURO FX,tff,60165,166483,137440,15040,-106318,122400,321037
2012-05-08,GBP,BRITISH POUND,tff,111188,25692,6297,98554,85496,-92257,199801
2012-05-08,GOLD,GOLD,dis,166130,42827,161037,312492,123303,-151455,417798
2012-05-08,JPY,JAPANESE YEN,tff,13117,52164,37786,33279,-39047,4507,141842
2012-05-08,NZD,NEW ZEALAND DOLLAR,tff,9968,5718,2495,9006,4250,-6511,17969
2012-05-08,OIL,WTI CRUDE OIL,dis,65995,12457,95706,125077,53538,-29371,201172
2012-05-08,SILVER,SILVER,dis,28008,15445,45482,63381,12563,-17899,113549
2012-05-08,USD,US DOLLAR INDEX,tff,14387,21606,15347,19779,-7219,-4432,45996
2012-05-15,AUD,AUSTRALIAN DOLLAR,tff,50390,55604,68956,16526,-5214,52430,144001
2012-05-15,CAD,CANADIAN DOLLAR,tff,58687,43866,13420,38730,14821,-25310,140173
2012-05-15,CHF,SWISS FRANC,tff,22490,28062,25063,6087,-5572,18976,63543
2012-05-15,COPPER,COPPER,dis,41857,45715,81899,67274,-3858,14625,147934
2012-05-15,EUR,EURO FX,tff,72382,194983,159029,14594,-122601,144435,356674
2012-05-15,GBP,BRITISH POUND,tff,114950,24377,4210,99820,90573,-95610,199270
2012-05-15,GOLD,GOLD,dis,164051,49909,170616,309533,114142,-138917,422091
2012-05-15,JPY,JAPANESE YEN,tff,15517,46525,35173,36564,-31008,-1391,139275
2012-05-15,NZD,NEW ZEALAND DOLLAR,tff,7320,7935,4093,6853,-615,-2760,17263
2012-05-15,OIL,WTI CRUDE OIL,dis,61357,12668,97218,127276,48689,-30058,203837
2012-05-15,SILVER,SILVER,dis,27251,15777,45565,61473,11474,-15908,114208
2012-05-15,USD,US DOLLAR INDEX,tff,26410,32981,13799,23239,-6571,-9440,59379
2012-05-22,AUD,AUSTRALIAN DOLLAR,tff,29340,52448,85293,11727,-23108,73566,139963
2012-05-22,CAD,CANADIAN DOLLAR,tff,50338,47936,14921,21927,2402,-7006,130992
2012-05-22,CHF,SWISS FRANC,tff,23864,34594,32664,6278,-10730,26386,71832
2012-05-22,COPPER,COPPER,dis,40184,50282,82296,60264,-10098,22032,150189
2012-05-22,EUR,EURO FX,tff,68915,216214,178530,17772,-147299,160758,376708
2012-05-22,GBP,BRITISH POUND,tff,92449,21642,20970,92097,70807,-71127,184497
2012-05-22,GOLD,GOLD,dis,169551,54400,172750,308348,115151,-135598,435706
2012-05-22,JPY,JAPANESE YEN,tff,16839,42473,33944,44695,-25634,-10751,142168
2012-05-22,NZD,NEW ZEALAND DOLLAR,tff,7433,11528,8373,5806,-4095,2567,21439
2012-05-22,OIL,WTI CRUDE OIL,dis,66716,15147,96721,127688,51569,-30967,204042
2012-05-22,SILVER,SILVER,dis,28018,17221,44547,59769,10797,-15222,113647
2012-05-22,USD,US DOLLAR INDEX,tff,42631,34459,14063,36893,8172,-22830,74493
2012-05-29,AUD,AUSTRALIAN DOLLAR,tff,14045,55860,106916,8967,-41815,97949,142616
2012-05-29,CAD,CANADIAN DOLLAR,tff,40767,42445,20864,19282,-1678,1582,126626
2012-05-29,CHF,SWISS FRANC,tff,25456,33142,32939,6473,-7686,26466,71895
2012-05-29,COPPER,COPPER,dis,40639,52277,80418,56171,-11638,24247,148694
2012-05-29,EUR,EURO FX,tff,75361,227687,186762,18128,-152326,168634,394160
2012-05-29,GBP,BRITISH POUND,tff,81683,24514,28472,84854,57169,-56382,181435
2012-05-29,GOLD,GOLD,dis,167439,56727,170208,300917,110712,-130709,419991
2012-05-29,JPY,JAPANESE YEN,tff,17918,38537,31944,49238,-20619,-17294,140684
2012-05-29,NZD,NEW ZEALAND DOLLAR,tff,6781,11611,9065,5387,-4830,3678,21453
2012-05-29,OIL,WTI CRUDE OIL,dis,67224,15330,96752,124963,51894,-28211,204968
2012-05-29,SILVER,SILVER,dis,26499,17941,45817,60151,8558,-14334,113961
2012-05-29,USD,US DOLLAR INDEX,tff,43230,27958,14220,45834,15272,-31614,76744
2012-06-05,AUD,AUSTRALIAN DOLLAR,tff,10509,68429,122667,9393,-57920,113274,158833
2012-06-05,CAD,CANADIAN DOLLAR,tff,31139,42858,32760,18424,-11719,14336,137391
2012-06-05,CHF,SWISS FRANC,tff,22615,34643,35039,6543,-12028,28496,71967
2012-06-05,COPPER,COPPER,dis,40259,56896,84559,56870,-16637,27689,156252
2012-06-05,EUR,EURO FX,tff,74691,234828,194354,17632,-160137,176722,401812
2012-06-05,GBP,BRITISH POUND,tff,78194,29033,37064,65295,49161,-28231,184583
2012-06-05,GOLD,GOLD,dis,183962,55098,154597,310719,128864,-156122,423941
2012-06-05,JPY,JAPANESE YEN,tff,33970,47536,31069,66944,-13566,-35875,169663
2012-06-05,NZD,NEW ZEALAND DOLLAR,tff,6979,11712,8903,5377,-4733,3526,21530
2012-06-05,OIL,WTI CRUDE OIL,dis,62363,14459,93086,121144,47904,-28058,196632
2012-06-05,SILVER,SILVER,dis,27809,18015,44927,61452,9794,-16525,116809
2012-06-05,USD,US DOLLAR INDEX,tff,46969,30550,15264,45953,16419,-30689,80104
2012-06-12,AUD,AUSTRALIAN DOLLAR,tff,19713,70717,117637,9685,-51004,107952,195475
2012-06-12,CAD,CANADIAN DOLLAR,tff,21193,31955,33296,19686,-10762,13610,135037
2012-06-12,CHF,SWISS FRANC,tff,20631,31922,35135,8797,-11291,26338,92023
2012-06-12,COPPER,COPPER,dis,38793,53745,83488,59025,-14952,24463,152084
2012-06-12,EUR,EURO FX,tff,77328,217739,169482,18769,-140411,150713,422131
2012-06-12,GBP,BRITISH POUND,tff,58453,39748,46779,50356,18705,-3577,178648
2012-06-12,GOLD,GOLD,dis,181259,48944,147076,305866,132315,-158790,412244
2012-06-12,JPY,JAPANESE YEN,tff,34962,48344,36260,66701,-13382,-30441,174278
2012-06-12,NZD,NEW ZEALAND DOLLAR,tff,6795,10500,7817,5513,-3705,2304,27485
2012-06-12,OIL,WTI CRUDE OIL,dis,62939,14756,94371,126278,48183,-31907,198776
2012-06-12,SILVER,SILVER,dis,26716,17107,46701,64620,9609,-17919,122080
2012-06-12,USD,US DOLLAR INDEX,tff,46716,29179,14853,48303,17537,-33450,81310
2012-06-19,AUD,AUSTRALIAN DOLLAR,tff,50151,42157,56667,14879,7994,41788,130234
2012-06-19,CAD,CANADIAN DOLLAR,tff,16264,31863,36466,19730,-15599,16736,131671
2012-06-19,CHF,SWISS FRANC,tff,27850,23139,17171,7976,4711,9195,55756
2012-06-19,COPPER,COPPER,dis,37756,52038,80224,56311,-14282,23913,144845
2012-06-19,EUR,EURO FX,tff,67141,182918,107732,10283,-115777,97449,311933
2012-06-19,GBP,BRITISH POUND,tff,52178,39600,20785,3499,12578,17286,121624
2012-06-19,GOLD,GOLD,dis,184393,47989,150812,314503,136404,-163691,418492
2012-06-19,JPY,JAPANESE YEN,tff,41708,35047,2192,28348,6661,-26156,123868
2012-06-19,NZD,NEW ZEALAND DOLLAR,tff,3372,5096,6380,3637,-1724,2743,12612
2012-06-19,OIL,WTI CRUDE OIL,dis,63979,19948,95725,126893,44031,-31168,201207
2012-06-19,SILVER,SILVER,dis,27767,17665,47447,64401,10102,-16954,122508
2012-06-19,USD,US DOLLAR INDEX,tff,36894,37015,14573,29789,-121,-15216,69963
2012-06-26,AUD,AUSTRALIAN DOLLAR,tff,49167,39979,47805,12551,9188,35254,122384
2012-06-26,CAD,CANADIAN DOLLAR,tff,11984,18350,19207,6513,-6366,12694,95821
2012-06-26,CHF,SWISS FRANC,tff,22844,20853,18769,8072,1991,10697,52447
2012-06-26,COPPER,COPPER,dis,38453,55297,81024,53966,-16844,27058,146442
2012-06-26,EUR,EURO FX,tff,59653,184323,107831,8620,-124670,99211,315785
2012-06-26,GBP,BRITISH POUND,tff,53451,26533,14205,10327,26918,3878,114561
2012-06-26,GOLD,GOLD,dis,174589,51970,155729,299889,122619,-144160,413618
2012-06-26,JPY,JAPANESE YEN,tff,40675,43590,8689,15111,-2915,-6422,123247
2012-06-26,NZD,NEW ZEALAND DOLLAR,tff,6308,4600,6704,8023,1708,-1319,16601
2012-06-26,OIL,WTI CRUDE OIL,dis,64079,19857,95313,130309,44222,-34996,202324
2012-06-26,SILVER,SILVER,dis,28362,22140,48591,60602,6222,-12011,126164
2012-06-26,USD,US DOLLAR INDEX,tff,32089,34734,13977,29501,-2645,-15524,66742
2012-07-03,AUD,AUSTRALIAN DOLLAR,tff,58816,38531,40663,14869,20285,25794,125706
2012-07-03,CAD,CANADIAN DOLLAR,tff,7773,14523,20455,9013,-6750,11442,93160
2012-07-03,CHF,SWISS FRANC,tff,23438,22653,19172,8102,785,11070,53322
2012-07-03,COPPER,COPPER,dis,37821,51039,74476,53138,-13218,21338,135682
2012-07-03,EUR,EURO FX,tff,61617,162223,92856,16184,-100606,76672,302289
2012-07-03,GBP,BRITISH POUND,tff,43629,26848,16658,5362,16781,11296,108208
2012-07-03,GOLD,GOLD,dis,187263,50048,154926,321563,137215,-166637,425068
2012-07-03,JPY,JAPANESE YEN,tff,33291,38393,9493,16444,-5102,-6951,117403
2012-07-03,NZD,NEW ZEALAND DOLLAR,tff,10875,5244,5421,11739,5631,-6318,20483
2012-07-03,OIL,WTI CRUDE OIL,dis,61879,19586,89812,121137,42293,-31325,192464
2012-07-03,SILVER,SILVER,dis,28662,18956,45803,63157,9706,-17354,122128
2012-07-03,USD,US DOLLAR INDEX,tff,32822,33107,13661,28619,-285,-14958,65041
2012-07-10,AUD,AUSTRALIAN DOLLAR,tff,63571,31931,31839,16217,31640,15622,121235
2012-07-10,CAD,CANADIAN DOLLAR,tff,10753,21923,24194,8182,-11170,16012,100606
2012-07-10,CHF,SWISS FRANC,tff,23962,21587,22276,8786,2375,13490,58117
2012-07-10,COPPER,COPPER,dis,39390,49755,72217,52834,-10365,19383,134099
2012-07-10,EUR,EURO FX,tff,70787,190991,111492,8007,-120204,103485,326374
2012-07-10,GBP,BRITISH POUND,tff,37140,32922,29599,3385,4218,26214,117616
2012-07-10,GOLD,GOLD,dis,182156,55921,163399,316165,126235,-152766,429854
2012-07-10,JPY,JAPANESE YEN,tff,29471,29682,9588,24120,-211,-14532,115522
2012-07-10,NZD,NEW ZEALAND DOLLAR,tff,12973,5683,5011,13635,7290,-8624,22356
2012-07-10,OIL,WTI CRUDE OIL,dis,57193,19538,89899,121542,37655,-31643,193757
2012-07-10,SILVER,SILVER,dis,28434,19652,48371,62478,8782,-14107,124109
2012-07-10,USD,US DOLLAR INDEX,tff,31790,28521,13408,33364,3269,-19956,64925
2012-07-17,AUD,AUSTRALIAN DOLLAR,tff,60611,33858,33658,15945,26753,17713,122934
2012-07-17,CAD,CANADIAN DOLLAR,tff,8766,25729,28639,7391,-16963,21248,103963
2012-07-17,CHF,SWISS FRANC,tff,24356,27393,26759,8550,-3037,18209,62836
2012-07-17,COPPER,COPPER,dis,39798,48085,72660,55967,-8287,16693,138098
2012-07-17,EUR,EURO FX,tff,66581,185076,119716,9307,-118495,110409,323228
2012-07-17,GBP,BRITISH POUND,tff,33744,32729,32850,4185,1015,28665,116976
2012-07-17,GOLD,GOLD,dis,180474,51515,162570,321389,128959,-158819,431317
2012-07-17,JPY,JAPANESE YEN,tff,33249,30816,8340,28932,2433,-20592,121806
2012-07-17,NZD,NEW ZEALAND DOLLAR,tff,12962,3788,6376,16266,9174,-9890,23328
2012-07-17,OIL,WTI CRUDE OIL,dis,57441,19973,91370,121923,37468,-30553,195297
2012-07-17,SILVER,SILVER,dis,28431,20775,48214,63349,7656,-15135,121819
2012-07-17,USD,US DOLLAR INDEX,tff,32918,27131,13993,37777,5787,-23784,68675
2012-07-24,AUD,AUSTRALIAN DOLLAR,tff,76021,34427,25047,23858,41594,1189,131295
2012-07-24,CAD,CANADIAN DOLLAR,tff,14591,32799,30762,6253,-18208,24509,111062
2012-07-24,CHF,SWISS FRANC,tff,23249,28946,28928,8562,-5697,20366,64375
2012-07-24,COPPER,COPPER,dis,40765,53834,76444,53098,-13069,23346,142395
2012-07-24,EUR,EURO FX,tff,72892,181375,111009,9350,-108483,101659,324443
2012-07-24,GBP,BRITISH POUND,tff,29131,31550,36869,2945,-2419,33924,116143
2012-07-24,GOLD,GOLD,dis,166085,53108,166448,302693,112977,-136245,420296
2012-07-24,JPY,JAPANESE YEN,tff,48211,31494,4910,46061,16717,-41151,139033
2012-07-24,NZD,NEW ZEALAND DOLLAR,tff,13000,3473,6529,15727,9527,-9198,23206
2012-07-24,OIL,WTI CRUDE OIL,dis,58220,20570,92403,123163,37650,-30760,196996
2012-07-24,SILVER,SILVER,dis,30291,22132,47198,62653,8159,-15455,123661
2012-07-24,USD,US DOLLAR INDEX,tff,34675,27954,13982,37970,6721,-23988,69554
2012-07-31,AUD,AUSTRALIAN DOLLAR,tff,88730,36029,21855,36652,52701,-14797,144498
2012-07-31,CAD,CANADIAN DOLLAR,tff,19031,18463,14354,13551,568,803,101082
2012-07-31,CHF,SWISS FRANC,tff,21356,22283,26575,11810,-927,14765,59536
2012-07-31,COPPER,COPPER,dis,38672,53392,80722,56652,-14720,24070,142774
2012-07-31,EUR,EURO FX,tff,74744,167704,97695,14994,-92960,82701,311436
2012-07-31,GBP,BRITISH POUND,tff,30710,31545,26291,3234,-835,23057,110770
2012-07-31,GOLD,GOLD,dis,171331,45267,155355,311367,126064,-156012,403403
2012-07-31,JPY,JAPANESE YEN,tff,51404,29278,3921,54035,22126,-50114,144095
2012-07-31,NZD,NEW ZEALAND DOLLAR,tff,15913,3408,4485,18763,12505,-14278,24967
2012-07-31,OIL,WTI CRUDE OIL,dis,58846,20663,92707,123524,38183,-30817,198107
2012-07-31,SILVER,SILVER,dis,31394,18358,43698,65060,13036,-21362,121809
2012-07-31,USD,US DOLLAR INDEX,tff,32870,25209,14469,37198,7661,-22729,66186
2012-08-07,AUD,AUSTRALIAN DOLLAR,tff,103870,34569,22049,54161,69301,-32112,162436
2012-08-07,CAD,CANADIAN DOLLAR,tff,33131,22718,9218,18729,10413,-9511,109258
2012-08-07,CHF,SWISS FRANC,tff,22848,22936,21040,12013,-88,9027,56379
2012-08-07,COPPER,COPPER,dis,39673,56933,78943,52500,-17260,26443,145059
2012-08-07,EUR,EURO FX,tff,79789,163508,100275,26476,-83719,73799,322243
2012-08-07,GBP,BRITISH POUND,tff,27832,33878,31957,4150,-6046,27807,115125
2012-08-07,GOLD,GOLD,dis,163082,47582,149011,295429,115500,-146418,388254
2012-08-07,JPY,JAPANESE YEN,tff,52507,34267,7955,52459,18240,-44504,148998
2012-08-07,NZD,NEW ZEALAND DOLLAR,tff,20144,3373,3746,22765,16771,-19019,28945
2012-08-07,OIL,WTI CRUDE OIL,dis,53508,18200,87502,118882,35308,-31380,184779
2012-08-07,SILVER,SILVER,dis,31421,17741,44595,66447,13680,-21852,124276
2012-08-07,USD,US DOLLAR INDEX,tff,33423,24690,14206,37098,8733,-22892,65933
2012-08-14,AUD,AUSTRALIAN DOLLAR,tff,117372,36952,21358,65432,80420,-44074,176287
2012-08-14,CAD,CANADIAN DOLLAR,tff,43297,24445,8388,28224,18852,-19836,123658
2012-08-14,CHF,SWISS FRANC,tff,22217,23284,22389,12375,-1067,10014,56773
2012-08-14,COPPER,COPPER,dis,38883,56654,85218,59664,-17771,25554,156244
2012-08-14,EUR,EURO FX,tff,75938,166782,102882,23614,-90844,79268,321568
2012-08-14,GBP,BRITISH POUND,tff,32634,32265,23625,6005,369,17620,114042
2012-08-14,GOLD,GOLD,dis,161435,47131,147418,291358,114304,-143940,388187
2012-08-14,JPY,JAPANESE YEN,tff,52752,30159,9225,55665,22593,-46440,151036
2012-08-14,NZD,NEW ZEALAND DOLLAR,tff,20515,3462,3942,23633,17053,-19691,30100
2012-08-14,OIL,WTI CRUDE OIL,dis,53718,18389,87577,118791,35329,-31214,185085
2012-08-14,SILVER,SILVER,dis,32317,16730,47797,71199,15587,-23402,128993
2012-08-14,USD,US DOLLAR INDEX,tff,30493,21113,13889,37138,9380,-23249,62579
2012-08-21,AUD,AUSTRALIAN DOLLAR,tff,133075,35473,20577,85232,97602,-64655,195293
2012-08-21,CAD,CANADIAN DOLLAR,tff,62364,37568,7031,42076,24796,-35045,150410
2012-08-21,CHF,SWISS FRANC,tff,18378,19945,21417,11932,-1567,9485,54619
2012-08-21,COPPER,COPPER,dis,40773,53652,79314,59972,-12879,19342,149461
2012-08-21,EUR,EURO FX,tff,78048,158777,94477,32974,-80729,61503,321166
2012-08-21,GBP,BRITISH POUND,tff,42976,29629,16827,12282,13347,4545,118550
2012-08-21,GOLD,GOLD,dis,170780,40096,137903,309125,130684,-171222,398747
2012-08-21,JPY,JAPANESE YEN,tff,42689,29129,14903,44565,13560,-29662,141458
2012-08-21,NZD,NEW ZEALAND DOLLAR,tff,22324,3742,3884,24773,18582,-20889,31984
2012-08-21,OIL,WTI CRUDE OIL,dis,53939,18953,88419,119518,34986,-31099,187168
2012-08-21,SILVER,SILVER,dis,35646,14446,43146,75623,21200,-32477,127776
2012-08-21,USD,US DOLLAR INDEX,tff,33588,23163,13484,37035,10425,-23551,65398
2012-08-28,AUD,AUSTRALIAN DOLLAR,tff,131215,40156,22297,79482,91059,-57185,190631
2012-08-28,CAD,CANADIAN DOLLAR,tff,74695,36982,6862,54533,37713,-47671,163842
2012-08-28,CHF,SWISS FRANC,tff,19860,20382,19976,14344,-522,5632,55426
2012-08-28,COPPER,COPPER,dis,41645,49741,76967,62936,-8096,14031,145214
2012-08-28,EUR,EURO FX,tff,77494,134983,88263,44591,-57489,43672,311925
2012-08-28,GBP,BRITISH POUND,tff,46330,29407,9963,13735,16923,-3772,117034
2012-08-28,GOLD,GOLD,dis,194680,36189,139050,342674,158491,-203624,426559
2012-08-28,JPY,JAPANESE YEN,tff,50253,30438,11519,56070,19815,-44551,149444
2012-08-28,NZD,NEW ZEALAND DOLLAR,tff,20932,4166,5360,23914,16766,-18554,31374
2012-08-28,OIL,WTI CRUDE OIL,dis,58717,19688,89922,119446,39029,-29524,190277
2012-08-28,SILVER,SILVER,dis,39708,11070,38039,76613,28638,-38574,121777
2012-08-28,USD,US DOLLAR INDEX,tff,35395,21828,13858,37205,13567,-23347,64880
2012-09-04,AUD,AUSTRALIAN DOLLAR,tff,121081,44085,28476,68660,76996,-40184,189241
2012-09-04,CAD,CANADIAN DOLLAR,tff,77396,32155,6952,62384,45241,-55432,171278
2012-09-04,CHF,SWISS FRANC,tff,17257,20645,20495,14710,-3388,5785,55949
2012-09-04,COPPER,COPPER,dis,38833,48892,73029,55555,-10059,17474,136512
2012-09-04,EUR,EURO FX,tff,77709,134605,87438,45843,-56896,41595,314363
2012-09-04,GBP,BRITISH POUND,tff,52577,36514,8604,15723,16063,-7119,133755
2012-09-04,GOLD,GOLD,dis,204945,34481,139746,359132,170464,-219386,444489
2012-09-04,JPY,JAPANESE YEN,tff,51490,29757,10668,61601,21733,-50933,152452
2012-09-04,NZD,NEW ZEALAND DOLLAR,tff,14802,3668,6056,18352,11134,-12296,25393
2012-09-04,OIL,WTI CRUDE OIL,dis,57243,18133,81619,108360,39110,-26741,180644
2012-09-04,SILVER,SILVER,dis,42283,9853,32297,77217,32430,-44920,119504
2012-09-04,USD,US DOLLAR INDEX,tff,35789,20579,13999,36677,15210,-22678,65008
2012-09-11,AUD,AUSTRALIAN DOLLAR,tff,117027,34974,21547,65103,82053,-43556,218910
2012-09-11,CAD,CANADIAN DOLLAR,tff,105231,48702,6445,76853,56529,-70408,254598
2012-09-11,CHF,SWISS FRANC,tff,17728,20389,20494,16408,-2661,4086,58031
2012-09-11,COPPER,COPPER,dis,49549,47020,70720,68009,2529,2711,147630
2012-09-11,EUR,EURO FX,tff,72242,126460,87507,59765,-54218,27742,332637
2012-09-11,GBP,BRITISH POUND,tff,69679,42624,7317,32095,27055,-24778,181682
2012-09-11,GOLD,GOLD,dis,214403,32387,143148,380239,182016,-237091,460531
2012-09-11,JPY,JAPANESE YEN,tff,57345,31793,7588,65464,25552,-57876,176618
2012-09-11,NZD,NEW ZEALAND DOLLAR,tff,12772,3902,4559,16252,8870,-11693,27152
2012-09-11,OIL,WTI CRUDE OIL,dis,58621,18124,79953,109613,40497,-29660,181412
2012-09-11,SILVER,SILVER,dis,41371,9889,32206,79478,31482,-47272,121050
2012-09-11,USD,US DOLLAR INDEX,tff,44459,26851,13595,36602,17608,-23007,72175
2012-09-18,AUD,AUSTRALIAN DOLLAR,tff,117199,51806,18203,52570,65393,-34367,174458
2012-09-18,CAD,CANADIAN DOLLAR,tff,117438,58425,9922,80013,59013,-70091,296999
2012-09-18,CHF,SWISS FRANC,tff,11958,15304,6384,9606,-3346,-3222,38449
2012-09-18,COPPER,COPPER,dis,51005,48001,69228,69515,3004,-287,149098
2012-09-18,EUR,EURO FX,tff,37233,107860,77631,9164,-70627,68467,234394
2012-09-18,GBP,BRITISH POUND,tff,78710,35272,4026,34513,43438,-30487,151305
2012-09-18,GOLD,GOLD,dis,224988,33873,148802,398435,191115,-249633,478609
2012-09-18,JPY,JAPANESE YEN,tff,39179,28571,1585,43445,10608,-41860,128862
2012-09-18,NZD,NEW ZEALAND DOLLAR,tff,21576,5395,1390,20340,16181,-18950,29331
2012-09-18,OIL,WTI CRUDE OIL,dis,63037,17518,80040,117777,45519,-37737,186758
2012-09-18,SILVER,SILVER,dis,43205,10650,31884,82358,32555,-50474,127032
2012-09-18,USD,US DOLLAR INDEX,tff,18161,24321,13108,5953,-6160,7155,40481
2012-09-25,AUD,AUSTRALIAN DOLLAR,tff,119230,50185,18198,58300,69045,-40102,178886
2012-09-25,CAD,CANADIAN DOLLAR,tff,111861,48940,12010,98872,62921,-86862,210066
2012-09-25,CHF,SWISS FRANC,tff,11899,12328,4848,12713,-429,-7865,37328
2012-09-25,COPPER,COPPER,dis,54605,49473,68398,70804,5132,-2406,152263
2012-09-25,EUR,EURO FX,tff,44036,97519,54280,14405,-53483,39875,218363
2012-09-25,GBP,BRITISH POUND,tff,99227,33147,4053,57597,66080,-53544,172103
2012-09-25,GOLD,GOLD,dis,233994,30098,144506,406861,203896,-262355,489516
2012-09-25,JPY,JAPANESE YEN,tff,44514,27316,4479,48391,17198,-43912,137692
2012-09-25,NZD,NEW ZEALAND DOLLAR,tff,24298,5054,1613,23560,19244,-21947,32787
2012-09-25,OIL,WTI CRUDE OIL,dis,63437,17458,80182,117003,45979,-36821,186966
2012-09-25,SILVER,SILVER,dis,44778,10768,34451,86110,34010,-51659,133163
2012-09-25,USD,US DOLLAR INDEX,tff,25539,31510,13229,5115,-5971,8114,47992
2012-10-02,AUD,AUSTRALIAN DOLLAR,tff,98108,52005,26886,42578,46103,-15692,162699
2012-10-02,CAD,CANADIAN DOLLAR,tff,102899,40119,12047,96875,62780,-84828,196895
2012-10-02,CHF,SWISS FRANC,tff,10973,11514,4963,13330,-541,-8367,37313
2012-10-02,COPPER,COPPER,dis,54815,45801,67291,74289,9014,-6998,152264
2012-10-02,EUR,EURO FX,tff,38032,92646,52847,16982,-54614,35865,217516
2012-10-02,GBP,BRITISH POUND,tff,106481,36609,3941,60640,69872,-56699,177746
2012-10-02,GOLD,GOLD,dis,239434,31108,136250,405520,208326,-269270,480908
2012-10-02,JPY,JAPANESE YEN,tff,49486,26474,4135,56501,23012,-52366,141693
2012-10-02,NZD,NEW ZEALAND DOLLAR,tff,26487,5037,1492,24940,21450,-23448,34171
2012-10-02,OIL,WTI CRUDE OIL,dis,55338,15209,74502,104135,40129,-29633,176949
2012-10-02,SILVER,SILVER,dis,47236,9118,35788,93628,38118,-57840,139117
2012-10-02,USD,US DOLLAR INDEX,tff,21491,29000,12892,4922,-7509,7970,45193
2012-10-09,AUD,AUSTRALIAN DOLLAR,tff,78854,54595,49383,35094,24259,14289,162802
2012-10-09,CAD,CANADIAN DOLLAR,tff,96257,37634,12449,92078,58623,-79629,192593
2012-10-09,CHF,SWISS FRANC,tff,9604,9146,5734,11515,458,-5781,35264
2012-10-09,COPPER,COPPER,dis,54605,42786,65511,75988,11819,-10477,152004
2012-10-09,EUR,EURO FX,tff,26231,99825,69129,21096,-73594,48033,227541
2012-10-09,GBP,BRITISH POUND,tff,92854,28610,6404,50572,64244,-44168,161457
2012-10-09,GOLD,GOLD,dis,247401,35452,131714,398702,211949,-266988,484359
2012-10-09,JPY,JAPANESE YEN,tff,39049,24788,5996,43193,14261,-37197,127442
2012-10-09,NZD,NEW ZEALAND DOLLAR,tff,22318,5441,1570,21164,16877,-19594,30497
2012-10-09,OIL,WTI CRUDE OIL,dis,55528,15119,77668,107871,40409,-30203,180559
2012-10-09,SILVER,SILVER,dis,49398,9573,36184,93188,39825,-57004,140426
2012-10-09,USD,US DOLLAR INDEX,tff,19341,25876,11645,4922,-6535,6723,42452
2012-10-16,AUD,AUSTRALIAN DOLLAR,tff,77809,55550,49705,35179,22259,14526,162167
2012-10-16,CAD,CANADIAN DOLLAR,tff,96682,39561,13604,89329,57121,-75725,189466
2012-10-16,CHF,SWISS FRANC,tff,8217,9681,5001,13415,-1464,-8414,36487
2012-10-16,COPPER,COPPER,dis,52776,41281,66047,74396,11495,-8349,150296
2012-10-16,EUR,EURO FX,tff,26553,83924,59924,25449,-57371,34475,219809
2012-10-16,GBP,BRITISH POUND,tff,92661,31346,8038,50830,61315,-42792,164454
2012-10-16,GOLD,GOLD,dis,232988,38968,129500,376883,194020,-247383,462826
2012-10-16,JPY,JAPANESE YEN,tff,41169,27691,9984,41337,13478,-31353,131343
2012-10-16,NZD,NEW ZEALAND DOLLAR,tff,21773,4947,1369,20725,16826,-19356,29486
2012-10-16,OIL,WTI CRUDE OIL,dis,56324,15275,77528,108839,41049,-31311,182158
2012-10-16,SILVER,SILVER,dis,49041,8913,36221,93315,40128,-57094,141405
2012-10-16,USD,US DOLLAR INDEX,tff,21513,29045,11228,4940,-7532,6288,45816
2012-10-23,AUD,AUSTRALIAN DOLLAR,tff,79995,55509,50480,40898,24486,9582,168663
2012-10-23,CAD,CANADIAN DOLLAR,tff,91142,36571,15303,79826,54571,-64523,178102
2012-10-23,CHF,SWISS FRANC,tff,8284,6894,5598,16272,1390,-10674,36769
2012-10-23,COPPER,COPPER,dis,48794,41891,70114,76016,6903,-5902,153564
2012-10-23,EUR,EURO FX,tff,21990,80808,61563,26861,-58818,34702,216842
2012-10-23,GBP,BRITISH POUND,tff,90872,31791,9824,37381,59081,-27557,155791
2012-10-23,GOLD,GOLD,dis,222095,40052,132859,365524,182043,-232665,455836
2012-10-23,JPY,JAPANESE YEN,tff,37698,38527,24925,26351,-829,-1426,137135
2012-10-23,NZD,NEW ZEALAND DOLLAR,tff,22004,4636,1406,20415,17368,-19009,29136
2012-10-23,OIL,WTI CRUDE OIL,dis,62354,15275,77785,110020,47079,-32235,183621
2012-10-23,SILVER,SILVER,dis,47463,9327,35786,91285,38136,-55499,140643
2012-10-23,USD,US DOLLAR INDEX,tff,18651,24952,10940,5667,-6301,5273,43793
2012-10-30,AUD,AUSTRALIAN DOLLAR,tff,88207,57737,43651,46548,30470,-2897,174957
2012-10-30,CAD,CANADIAN DOLLAR,tff,78547,33709,14587,73218,44838,-58631,167010
2012-10-30,CHF,SWISS FRANC,tff,9309,8116,5571,15837,1193,-10266,37591
2012-10-30,COPPER,COPPER,dis,45589,47883,73573,71924,-2294,1649,156569
2012-10-30,EUR,EURO FX,tff,22100,81918,66884,26524,-59818,40360,221524
2012-10-30,GBP,BRITISH POUND,tff,96347,30008,8901,48638,66339,-39737,163917
2012-10-30,GOLD,GOLD,dis,207532,37310,144346,367110,170222,-222764,454742
2012-10-30,JPY,JAPANESE YEN,tff,40113,53116,35372,19166,-13003,16206,147135
2012-10-30,NZD,NEW ZEALAND DOLLAR,tff,23533,4450,1515,22063,19083,-20548,31020
2012-10-30,OIL,WTI CRUDE OIL,dis,61462,15385,78206,111190,46077,-32984,185053
2012-10-30,SILVER,SILVER,dis,46782,10565,36939,90671,36217,-53732,137585
2012-10-30,USD,US DOLLAR INDEX,tff,14813,23656,10337,5735,-8843,4602,41026
2012-11-06,AUD,AUSTRALIAN DOLLAR,tff,95548,55835,34929,52864,39713,-17935,178421
2012-11-06,CAD,CANADIAN DOLLAR,tff,74280,32817,22949,71078,41463,-48129,166422
2012-11-06,CHF,SWISS FRANC,tff,14033,11533,7036,11126,2500,-4090,40311
2012-11-06,COPPER,COPPER,dis,42032,44229,74633,70909,-2197,3724,155396
2012-11-06,EUR,EURO FX,tff,27499,90155,71806,18298,-62656,53508,227725
2012-11-06,GBP,BRITISH POUND,tff,97058,33862,8998,44258,63196,-35260,164481
2012-11-06,GOLD,GOLD,dis,196504,36331,144788,352530,160173,-207742,447154
2012-11-06,JPY,JAPANESE YEN,tff,44870,63066,47821,19213,-18196,28608,161552
2012-11-06,NZD,NEW ZEALAND DOLLAR,tff,27051,5566,1542,25174,21485,-23632,35323
2012-11-06,OIL,WTI CRUDE OIL,dis,59515,14368,70182,106698,45147,-36516,172513
2012-11-06,SILVER,SILVER,dis,44230,10111,38726,88404,34119,-49678,139313
2012-11-06,USD,US DOLLAR INDEX,tff,9470,21106,10194,5729,-11636,4465,36758
2012-11-13,AUD,AUSTRALIAN DOLLAR,tff,102457,57604,35226,51798,44853,-16572,183439
2012-11-13,CAD,CANADIAN DOLLAR,tff,66063,31186,31023,73559,34877,-42536,168339
2012-11-13,CHF,SWISS FRANC,tff,16897,17464,11611,10146,-567,1465,46940
2012-11-13,COPPER,COPPER,dis,41593,46017,71783,65074,-4424,6709,151884
2012-11-13,EUR,EURO FX,tff,26746,102124,77535,10475,-75378,67060,231660
2012-11-13,GBP,BRITISH POUND,tff,81870,33786,10688,33203,48084,-22515,149173
2012-11-13,GOLD,GOLD,dis,207847,36253,144488,369283,171594,-224795,459761
2012-11-13,JPY,JAPANESE YEN,tff,40246,51350,44741,25662,-11104,19079,155931
2012-11-13,NZD,NEW ZEALAND DOLLAR,tff,26271,5013,1489,23594,21258,-22105,33252
2012-11-13,OIL,WTI CRUDE OIL,dis,58035,14734,72337,106890,43301,-34553,173767
2012-11-13,SILVER,SILVER,dis,45185,10775,41797,92758,34410,-50961,144567
2012-11-13,USD,US DOLLAR INDEX,tff,12500,21539,9857,7414,-9039,2443,38393
2012-11-20,AUD,AUSTRALIAN DOLLAR,tff,101482,59754,34824,48396,41728,-13572,180364
2012-11-20,CAD,CANADIAN DOLLAR,tff,62483,32592,35795,72495,29891,-36700,169517
2012-11-20,CHF,SWISS FRANC,tff,14453,17090,11689,10146,-2637,1543,46210
2012-11-20,COPPER,COPPER,dis,39621,43052,75050,67260,-3431,7790,147748
2012-11-20,EUR,EURO FX,tff,23229,104356,86504,10436,-81127,76068,232328
2012-11-20,GBP,BRITISH POUND,tff,78450,41112,16511,26541,37338,-10030,150722
2012-11-20,GOLD,GOLD,dis,217433,36618,145098,381162,180815,-236064,474129
2012-11-20,JPY,JAPANESE YEN,tff,45380,74896,61839,18454,-29516,43385,180979
2012-11-20,NZD,NEW ZEALAND DOLLAR,tff,22921,3951,1307,20672,18970,-19365,29757
2012-11-20,OIL,WTI CRUDE OIL,dis,60352,15378,74700,111255,44974,-36555,177856
2012-11-20,SILVER,SILVER,dis,47308,9347,43419,98605,37961,-55186,150335
2012-11-20,USD,US DOLLAR INDEX,tff,14122,21420,9448,7701,-7298,1747,39211
2012-11-27,AUD,AUSTRALIAN DOLLAR,tff,119338,66816,28065,54698,52522,-26633,196520
2012-11-27,CAD,CANADIAN DOLLAR,tff,62530,31904,34427,75312,30626,-40885,170497
2012-11-27,CHF,SWISS FRANC,tff,12169,11970,8134,15103,199,-6969,42767
2012-11-27,COPPER,COPPER,dis,38126,41105,73463,66381,-2979,7082,145313
2012-11-27,EUR,EURO FX,tff,18908,80275,70090,12178,-61367,57912,210234
2012-11-27,GBP,BRITISH POUND,tff,82507,38920,13980,36318,43587,-22338,157701
2012-11-27,GOLD,GOLD,dis,228431,28024,141117,399829,200407,-258712,479373
2012-11-27,JPY,JAPANESE YEN,tff,53361,100835,82163,16667,-47474,65496,208130
2012-11-27,NZD,NEW ZEALAND DOLLAR,tff,24173,3268,1307,23759,20905,-22452,31901
2012-11-27,OIL,WTI CRUDE OIL,dis,62112,17170,74945,110907,44942,-35962,178449
2012-11-27,SILVER,SILVER,dis,51084,9809,42544,101878,41275,-59334,150727
2012-11-27,USD,US DOLLAR INDEX,tff,10370,18823,9761,7676,-8453,2085,35530
2012-12-04,AUD,AUSTRALIAN DOLLAR,tff,132421,67119,20722,59065,65302,-38343,212072
2012-12-04,CAD,CANADIAN DOLLAR,tff,57094,30520,31804,89544,26574,-57740,167343
2012-12-04,CHF,SWISS FRANC,tff,10330,11811,8327,17766,-1481,-9439,44798
2012-12-04,COPPER,COPPER,dis,44306,35254,71244,73478,9052,-2234,143993
2012-12-04,EUR,EURO FX,tff,29764,66642,54488,31265,-36878,23223,217546
2012-12-04,GBP,BRITISH POUND,tff,98498,38809,10018,68866,59689,-58848,178749
2012-12-04,GOLD,GOLD,dis,202177,36441,135887,353483,165736,-217596,434416
2012-12-04,JPY,JAPANESE YEN,tff,53597,103347,87287,14005,-49750,73282,220982
2012-12-04,NZD,NEW ZEALAND DOLLAR,tff,23763,2469,1564,24587,21294,-23023,32167
2012-12-04,OIL,WTI CRUDE OIL,dis,58054,15022,67934,106476,43032,-38542,167800
2012-12-04,SILVER,SILVER,dis,50204,8932,38410,96924,41272,-58514,141738
2012-12-04,USD,US DOLLAR INDEX,tff,15699,22290,9898,6874,-6591,3024,43191
2012-12-11,AUD,AUSTRALIAN DOLLAR,tff,136641,58324,20817,68616,78317,-47799,229394
2012-12-11,CAD,CANADIAN DOLLAR,tff,63739,31663,29495,94742,32076,-65247,178087
2012-12-11,CHF,SWISS FRANC,tff,10272,9230,9982,19496,1042,-9514,48835
2012-12-11,COPPER,COPPER,dis,48593,35962,71641,81729,12631,-10088,151310
2012-12-11,EUR,EURO FX,tff,36377,66223,56046,45560,-29846,10486,241932
2012-12-11,GBP,BRITISH POUND,tff,98416,34944,12040,72750,63472,-60710,183628
2012-12-11,GOLD,GOLD,dis,201955,38256,135772,350652,163699,-214880,433586
2012-12-11,JPY,JAPANESE YEN,tff,50058,103805,83628,15115,-53747,68513,267582
2012-12-11,NZD,NEW ZEALAND DOLLAR,tff,28489,5174,1624,27885,23315,-26261,41381
2012-12-11,OIL,WTI CRUDE OIL,dis,58006,14914,67919,106033,43092,-38114,167844
2012-12-11,SILVER,SILVER,dis,48548,9048,39515,97438,39500,-57923,142085
2012-12-11,USD,US DOLLAR INDEX,tff,21170,29590,9302,7370,-8420,1932,48730
2012-12-18,AUD,AUSTRALIAN DOLLAR,tff,143599,43891,11164,83334,99708,-72170,204312
2012-12-18,CAD,CANADIAN DOLLAR,tff,71014,20517,20818,103904,50497,-83086,219922
2012-12-18,CHF,SWISS FRANC,tff,16757,11337,435,16960,5420,-16525,43412
2012-12-18,COPPER,COPPER,dis,51535,36481,70922,84667,15054,-13745,153815
2012-12-18,EUR,EURO FX,tff,55166,59469,18751,24173,-4303,-5422,193681
2012-12-18,GBP,BRITISH POUND,tff,113452,46167,1919,57186,67285,-55267,188472
2012-12-18,GOLD,GOLD,dis,202641,44860,137780,339914,157781,-202134,435742
2012-12-18,JPY,JAPANESE YEN,tff,23610,111170,86969,7504,-87560,79465,196662
2012-12-18,NZD,NEW ZEALAND DOLLAR,tff,33874,19269,1724,17913,14605,-16189,42446
2012-12-18,OIL,WTI CRUDE OIL,dis,55772,15826,71464,106346,39946,-34882,169226
2012-12-18,SILVER,SILVER,dis,44889,8900,40347,95686,35989,-55339,141423
2012-12-18,USD,US DOLLAR INDEX,tff,19180,29855,11570,537,-10675,11033,43470
2012-12-24,AUD,AUSTRALIAN DOLLAR,tff,115463,36486,12874,67335,78977,-54461,173118
2012-12-24,CAD,CANADIAN DOLLAR,tff,61883,9886,4382,92160,51997,-87778,140965
2012-12-24,CHF,SWISS FRANC,tff,21293,9288,0,26175,12005,-26175,48634
2012-12-24,COPPER,COPPER,dis,45600,37889,71060,79791,7711,-8731,148449
2012-12-24,EUR,EURO FX,tff,61048,59348,19291,37166,1700,-17875,202591
2012-12-24,GBP,BRITISH POUND,tff,105269,35373,2217,62556,69896,-60339,181219
2012-12-24,GOLD,GOLD,dis,200436,50340,139479,327143,150096,-187664,426300
2012-12-24,JPY,JAPANESE YEN,tff,21077,105688,89696,8277,-84611,81419,195705
2012-12-24,NZD,NEW ZEALAND DOLLAR,tff,28806,13306,2847,21714,15500,-18867,40135
2012-12-24,OIL,WTI CRUDE OIL,dis,59772,14193,66085,108979,45579,-42894,174733
2012-12-24,SILVER,SILVER,dis,39620,8977,44302,91010,30643,-46708,140751
2012-12-24,USD,US DOLLAR INDEX,tff,19724,30130,10417,782,-10406,9635,43308
2012-12-31,AUD,AUSTRALIAN DOLLAR,tff,116805,34670,13537,66433,82135,-52896,170157
2012-12-31,CAD,CANADIAN DOLLAR,tff,62653,6961,4847,91454,55692,-86607,137247
2012-12-31,CHF,SWISS FRANC,tff,23196,11337,535,27294,11859,-26759,50182
2012-12-31,COPPER,COPPER,dis,45486,36155,71160,81298,9331,-10138,146548
2012-12-31,EUR,EURO FX,tff,67384,58509,19563,43456,8875,-23893,207608
2012-12-31,GBP,BRITISH POUND,tff,99277,30564,3032,61122,68713,-58090,174676
2012-12-31,GOLD,GOLD,dis,198660,50141,143210,331869,148519,-188659,427991
2012-12-31,JPY,JAPANESE YEN,tff,20391,103169,84420,9532,-82778,74888,194632
2012-12-31,NZD,NEW ZEALAND DOLLAR,tff,26054,9411,2917,20052,16643,-17135,34531
2012-12-31,OIL,WTI CRUDE OIL,dis,60285,15058,67609,109771,45227,-42162,177062
2012-12-31,SILVER,SILVER,dis,38291,9104,45415,90751,29187,-45336,141489
2012-12-31,USD,US DOLLAR INDEX,tff,18190,27713,10230,843,-9523,9387,42593
2013-01-08,AUD,AUSTRALIAN DOLLAR,tff,120831,37175,14724,75055,83656,-60331,184083
2013-01-08,CAD,CANADIAN DOLLAR,tff,59986,5331,3892,93300,54655,-89408,137314
2013-01-08,CHF,SWISS FRANC,tff,18765,7840,2351,25811,10925,-23460,46716
2013-01-08,COPPER,COPPER,dis,47014,34638,73141,89080,12376,-15939,156245
2013-01-08,EUR,EURO FX,tff,53695,62122,25030,28997,-8427,-3967,194251
2013-01-08,GBP,BRITISH POUND,tff,90660,30881,9066,52204,59779,-43138,165584
2013-01-08,GOLD,GOLD,dis,193869,51061,152103,330575,142808,-178472,441304
2013-01-08,JPY,JAPANESE YEN,tff,20465,101704,81990,13167,-81239,68823,193295
2013-01-08,NZD,NEW ZEALAND DOLLAR,tff,26957,7815,3020,23380,19142,-20360,36531
2013-01-08,OIL,WTI CRUDE OIL,dis,55496,14109,60012,99469,41387,-39457,166769
2013-01-08,SILVER,SILVER,dis,37257,9163,44977,86242,28094,-41265,137542
2013-01-08,USD,US DOLLAR INDEX,tff,17972,19300,8732,15389,-1328,-6657,44635
2013-01-15,AUD,AUSTRALIAN DOLLAR,tff,133828,42770,14785,88908,91058,-74123,203425
2013-01-15,CAD,CANADIAN DOLLAR,tff,62434,3578,4594,102474,58856,-97880,144716
2013-01-15,CHF,SWISS FRANC,tff,18554,3857,3824,25099,14697,-21275,43176
2013-01-15,COPPER,COPPER,dis,48130,36148,73334,89553,11982,-16219,155689
2013-01-15,EUR,EURO FX,tff,65502,61682,22157,46243,3820,-24086,211373
2013-01-15,GBP,BRITISH POUND,tff,85202,31335,11507,49501,53867,-37994,163295
2013-01-15,GOLD,GOLD,dis,192955,47839,156010,341123,145116,-185113,447773
2013-01-15,JPY,JAPANESE YEN,tff,19763,99690,75209,12338,-79927,62871,196509
2013-01-15,NZD,NEW ZEALAND DOLLAR,tff,28613,8176,3216,24710,20437,-21494,38654
2013-01-15,OIL,WTI CRUDE OIL,dis,58211,14372,59799,101446,43839,-41647,169789
2013-01-15,SILVER,SILVER,dis,38382,9810,46337,88369,28572,-42032,140433
2013-01-15,USD,US DOLLAR INDEX,tff,20807,20968,8790,15465,-161,-6675,46567
2013-01-22,AUD,AUSTRALIAN DOLLAR,tff,140758,43223,14616,94293,97535,-79677,208776
2013-01-22,CAD,CANADIAN DOLLAR,tff,58303,7513,7123,94114,50790,-86991,141710
2013-01-22,CHF,SWISS FRANC,tff,14689,6306,6240,18153,8383,-11913,39483
2013-01-22,COPPER,COPPER,dis,48234,38699,75176,90923,9535,-15747,161899
2013-01-22,EUR,EURO FX,tff,66444,52192,21957,63485,14252,-41528,216059
2013-01-22,GBP,BRITISH POUND,tff,73289,37110,27272,34548,36179,-7276,160820
2013-01-22,GOLD,GOLD,dis,195795,43898,153048,348998,151897,-195950,461369
2013-01-22,JPY,JAPANESE YEN,tff,23062,101043,77237,12130,-77981,65107,202225
2013-01-22,NZD,NEW ZEALAND DOLLAR,tff,27032,5908,2996,25391,21124,-22395,37179
2013-01-22,OIL,WTI CRUDE OIL,dis,61118,14390,64521,107684,46728,-43163,174015
2013-01-22,SILVER,SILVER,dis,41282,10189,44790,92188,31093,-47398,142279
2013-01-22,USD,US DOLLAR INDEX,tff,16583,18180,8906,15458,-1597,-6552,42728
2013-01-29,AUD,AUSTRALIAN DOLLAR,tff,121116,36152,16622,79279,84964,-62657,183507
2013-01-29,CAD,CANADIAN DOLLAR,tff,47197,16916,27456,74236,30281,-46780,144927
2013-01-29,CHF,SWISS FRANC,tff,12005,5354,9696,18153,6651,-8457,38618
2013-01-29,COPPER,COPPER,dis,50672,41305,75776,92214,9367,-16438,168493
2013-01-29,EUR,EURO FX,tff,74861,57466,25132,76748,17395,-51616,237856
2013-01-29,GBP,BRITISH POUND,tff,61314,39362,50932,31364,21952,19568,166060
2013-01-29,GOLD,GOLD,dis,181103,54155,159776,326873,126948,-167097,430718
2013-01-29,JPY,JAPANESE YEN,tff,25435,109944,88636,12537,-84509,76099,219635
2013-01-29,NZD,NEW ZEALAND DOLLAR,tff,25050,6061,3349,23323,18989,-19974,35480
2013-01-29,OIL,WTI CRUDE OIL,dis,63218,14724,65422,108555,48494,-43133,177223
2013-01-29,SILVER,SILVER,dis,43089,8285,45404,95671,34804,-50267,148532
2013-01-29,USD,US DOLLAR INDEX,tff,18453,16263,7648,15460,2190,-7812,43634
2013-02-05,AUD,AUSTRALIAN DOLLAR,tff,118027,37971,16856,74143,80056,-57287,180781
2013-02-05,CAD,CANADIAN DOLLAR,tff,38462,15754,34577,72896,22708,-38319,141807
2013-02-05,CHF,SWISS FRANC,tff,13206,7711,4598,22873,5495,-18275,43585
2013-02-05,COPPER,COPPER,dis,61901,45697,81590,105513,16204,-23923,183941
2013-02-05,EUR,EURO FX,tff,82597,49624,27323,92528,32973,-65205,251236
2013-02-05,GBP,BRITISH POUND,tff,50462,41858,64645,26750,8604,37895,165369
2013-02-05,GOLD,GOLD,dis,192806,55341,145291,319898,137465,-174607,423982
2013-02-05,JPY,JAPANESE YEN,tff,25925,107995,99580,12677,-82070,86903,217709
2013-02-05,NZD,NEW ZEALAND DOLLAR,tff,24701,4682,3190,25101,20019,-21911,37058
2013-02-05,OIL,WTI CRUDE OIL,dis,66706,11974,60344,103294,54732,-42950,166295
2013-02-05,SILVER,SILVER,dis,42449,6588,46293,98239,35861,-51946,151512
2013-02-05,USD,US DOLLAR INDEX,tff,33141,27835,8103,13870,5306,-5767,55093
2013-02-12,AUD,AUSTRALIAN DOLLAR,tff,98957,40262,29324,49735,58695,-20411,163745
2013-02-12,CAD,CANADIAN DOLLAR,tff,34290,12066,36203,73316,22224,-37113,140109
2013-02-12,CHF,SWISS FRANC,tff,12292,6355,5042,23222,5937,-18180,41850
2013-02-12,COPPER,COPPER,dis,60104,44242,74836,96583,15862,-21747,174441
2013-02-12,EUR,EURO FX,tff,73116,51671,30560,86284,21445,-55724,239566
2013-02-12,GBP,BRITISH POUND,tff,37367,49736,79292,26106,-12369,53186,167100
2013-02-12,GOLD,GOLD,dis,193941,67106,154573,315226,126835,-160653,435088
2013-02-12,JPY,JAPANESE YEN,tff,29517,104585,103825,14188,-75068,89637,215036
2013-02-12,NZD,NEW ZEALAND DOLLAR,tff,23170,4441,3463,22814,18729,-19351,35107
2013-02-12,OIL,WTI CRUDE OIL,dis,68955,12316,61080,108857,56639,-47777,169082
2013-02-12,SILVER,SILVER,dis,40205,8133,52182,98979,32072,-46797,152817
2013-02-12,USD,US DOLLAR INDEX,tff,25146,21396,7483,13706,3750,-6223,46236
2013-02-19,AUD,AUSTRALIAN DOLLAR,tff,86651,39926,34256,44145,46725,-9889,159346
2013-02-19,CAD,CANADIAN DOLLAR,tff,41633,25156,43050,69780,16477,-26730,156182
2013-02-19,CHF,SWISS FRANC,tff,11963,10730,7980,19142,1233,-11162,42833
2013-02-19,COPPER,COPPER,dis,58575,49258,77953,94735,9317,-16782,178372
2013-02-19,EUR,EURO FX,tff,67440,51723,29739,77151,15717,-47412,234039
2013-02-19,GBP,BRITISH POUND,tff,35753,63476,98303,24518,-27723,73785,187027
2013-02-19,GOLD,GOLD,dis,195870,92219,158900,290982,103651,-132082,447290
2013-02-19,JPY,JAPANESE YEN,tff,28909,106661,106818,15051,-77752,91767,218241
2013-02-19,NZD,NEW ZEALAND DOLLAR,tff,25695,4290,3319,25869,21405,-22550,37555
2013-02-19,OIL,WTI CRUDE OIL,dis,71012,12520,62063,112243,58492,-50180,174006
2013-02-19,SILVER,SILVER,dis,39057,12601,54208,92164,26456,-37956,155353
2013-02-19,USD,US DOLLAR INDEX,tff,27026,28477,7261,14106,-1451,-6845,50051
2013-02-26,AUD,AUSTRALIAN DOLLAR,tff,81887,46115,43214,29715,35772,13499,157363
2013-02-26,CAD,CANADIAN DOLLAR,tff,50275,64477,73100,63398,-14202,9702,195893
2013-02-26,CHF,SWISS FRANC,tff,13051,14081,15339,18614,-1030,-3275,47602
2013-02-26,COPPER,COPPER,dis,46791,47519,77621,79586,-728,-1965,161180
2013-02-26,EUR,EURO FX,tff,64662,66802,38435,55276,-2140,-16841,230567
2013-02-26,GBP,BRITISH POUND,tff,27301,74244,125330,22261,-46943,103069,205183
2013-02-26,GOLD,GOLD,dis,201956,85357,151145,288765,116599,-137620,433858
2013-02-26,JPY,JAPANESE YEN,tff,29092,116296,104902,14573,-87204,90329,216323
2013-02-26,NZD,NEW ZEALAND DOLLAR,tff,22398,4220,2883,20128,18178,-17245,32864
2013-02-26,OIL,WTI CRUDE OIL,dis,71606,12370,63977,113925,59236,-49948,176702
2013-02-26,SILVER,SILVER,dis,37753,16016,52509,83395,21737,-30886,145625
2013-02-26,USD,US DOLLAR INDEX,tff,42073,48123,7623,14739,-6050,-7116,69583
2013-03-05,AUD,AUSTRALIAN DOLLAR,tff,71134,49062,51913,26571,22072,25342,157595
2013-03-05,CAD,CANADIAN DOLLAR,tff,51558,86252,94576,61464,-34694,33112,221062
2013-03-05,CHF,SWISS FRANC,tff,17433,16507,23849,17957,926,5892,55311
2013-03-05,COPPER,COPPER,dis,49328,54915,78416,70708,-5587,7708,159485
2013-03-05,EUR,EURO FX,tff,47395,73062,53287,31129,-25667,22158,218469
2013-03-05,GBP,BRITISH POUND,tff,32854,89525,145032,22963,-56671,122069,236181
2013-03-05,GOLD,GOLD,dis,195248,87661,150453,284251,107587,-133798,434586
2013-03-05,JPY,JAPANESE YEN,tff,30704,119455,114351,15027,-88751,99324,241938
2013-03-05,NZD,NEW ZEALAND DOLLAR,tff,22061,7813,3977,17419,14248,-13442,31547
2013-03-05,OIL,WTI CRUDE OIL,dis,64081,12063,65569,108950,52018,-43381,171519
2013-03-05,SILVER,SILVER,dis,38449,19846,52774,81957,18603,-29183,147100
2013-03-05,USD,US DOLLAR INDEX,tff,48094,58102,8323,14755,-10008,-6432,78061
2013-03-12,AUD,AUSTRALIAN DOLLAR,tff,86894,48509,34175,28097,38385,6078,183095
2013-03-12,CAD,CANADIAN DOLLAR,tff,47094,91651,103420,62281,-44557,41139,249150
2013-03-12,CHF,SWISS FRANC,tff,15495,17525,33190,17494,-2030,15696,69408
2013-03-12,COPPER,COPPER,dis,48151,54295,79207,70107,-6144,9100,158500
2013-03-12,EUR,EURO FX,tff,44300,68546,46734,23677,-24246,23057,213113
2013-03-12,GBP,BRITISH POUND,tff,23371,94686,153896,26188,-71315,127708,297130
2013-03-12,GOLD,GOLD,dis,201617,87110,149550,291671,114507,-142121,445651
2013-03-12,JPY,JAPANESE YEN,tff,32269,142209,137822,17092,-109940,120730,288474
2013-03-12,NZD,NEW ZEALAND DOLLAR,tff,21908,7630,3606,16964,14278,-13358,32813
2013-03-12,OIL,WTI CRUDE OIL,dis,64760,12150,66355,113670,52610,-47315,173330
2013-03-12,SILVER,SILVER,dis,38637,20529,51929,81352,18108,-29423,148283
2013-03-12,USD,US DOLLAR INDEX,tff,45656,57976,8735,16040,-12320,-7305,79948
2013-03-19,AUD,AUSTRALIAN DOLLAR,tff,105678,45006,16405,46091,60672,-29686,158807
2013-03-19,CAD,CANADIAN DOLLAR,tff,53087,106401,109122,59716,-53314,49406,308970
2013-03-19,CHF,SWISS FRANC,tff,11623,19178,29305,8806,-7555,20499,50580
2013-03-19,COPPER,COPPER,dis,48036,64206,84936,68845,-16170,16091,168616
2013-03-19,EUR,EURO FX,tff,35843,72519,53922,10254,-36676,43668,195073
2013-03-19,GBP,BRITISH POUND,tff,35073,117759,105250,4520,-82686,100730,212517
2013-03-19,GOLD,GOLD,dis,208895,73285,136677,299041,135610,-162364,440712
2013-03-19,JPY,JAPANESE YEN,tff,41097,116075,98355,14504,-74978,83851,216674
2013-03-19,NZD,NEW ZEALAND DOLLAR,tff,21132,11742,3290,13860,9390,-10570,28933
2013-03-19,OIL,WTI CRUDE OIL,dis,66204,12120,67045,114722,54084,-47677,175656
2013-03-19,SILVER,SILVER,dis,38707,23656,55014,81453,15051,-26439,151521
2013-03-19,USD,US DOLLAR INDEX,tff,54502,49225,9340,32082,5277,-22742,85693
2013-03-26,AUD,AUSTRALIAN DOLLAR,tff,145900,53821,15838,81605,92079,-65767,202150
2013-03-26,CAD,CANADIAN DOLLAR,tff,16644,90397,83192,4514,-73753,78678,160847
2013-03-26,CHF,SWISS FRANC,tff,8828,18403,31044,8817,-9575,22227,49575
2013-03-26,COPPER,COPPER,dis,49956,70143,88515,66751,-20187,21764,172979
2013-03-26,EUR,EURO FX,tff,28181,71988,66753,11725,-43807,55028,204257
2013-03-26,GBP,BRITISH POUND,tff,33962,124052,107795,4068,-90090,103727,214636
2013-03-26,GOLD,GOLD,dis,200389,67943,139588,298061,132446,-158473,419727
2013-03-26,JPY,JAPANESE YEN,tff,39805,112933,103147,18782,-73128,84365,220896
2013-03-26,NZD,NEW ZEALAND DOLLAR,tff,25258,12062,2885,19408,13196,-16523,34922
2013-03-26,OIL,WTI CRUDE OIL,dis,66692,12620,68766,115396,54072,-46630,178502
2013-03-26,SILVER,SILVER,dis,37548,26144,55564,79605,11404,-24041,151568
2013-03-26,USD,US DOLLAR INDEX,tff,52442,45706,9398,31823,6736,-22425,83063
2013-04-02,AUD,AUSTRALIAN DOLLAR,tff,139223,50686,15831,78517,88537,-62686,197264
2013-04-02,CAD,CANADIAN DOLLAR,tff,16266,93606,83572,4506,-77340,79066,163150
2013-04-02,CHF,SWISS FRANC,tff,9809,19487,32105,8813,-9678,23292,51473
2013-04-02,COPPER,COPPER,dis,48872,75877,91372,64250,-27005,27122,179944
2013-04-02,EUR,EURO FX,tff,33814,88557,92230,11348,-54743,80882,235871
2013-04-02,GBP,BRITISH POUND,tff,29218,111460,105358,3496,-82242,101862,208425
2013-04-02,GOLD,GOLD,dis,202634,82428,137205,279727,120206,-142522,417176
2013-04-02,JPY,JAPANESE YEN,tff,39944,103518,99836,25297,-63574,74539,213997
2013-04-02,NZD,NEW ZEALAND DOLLAR,tff,28988,13967,3514,21226,15021,-17712,39229
2013-04-02,OIL,WTI CRUDE OIL,dis,62557,8769,61404,108889,53788,-47485,167827
2013-04-02,SILVER,SILVER,dis,38201,30055,57847,76350,8146,-18503,155755
2013-04-02,USD,US DOLLAR INDEX,tff,54348,51912,9661,32110,2436,-22449,89895
2013-04-09,AUD,AUSTRALIAN DOLLAR,tff,124576,38390,17433,79697,86186,-62264,186911
2013-04-09,CAD,CANADIAN DOLLAR,tff,13746,97400,86598,1871,-83654,84727,161861
2013-04-09,CHF,SWISS FRANC,tff,7771,13050,25250,9615,-5279,15635,42751
2013-04-09,COPPER,COPPER,dis,47713,75552,91588,62370,-27839,29218,182719
2013-04-09,EUR,EURO FX,tff,22934,72895,84690,12160,-49961,72530,220353
2013-04-09,GBP,BRITISH POUND,tff,28091,112717,103701,4436,-84626,99265,204827
2013-04-09,GOLD,GOLD,dis,203812,84453,135855,279657,119359,-143802,416513
2013-04-09,JPY,JAPANESE YEN,tff,42593,104010,108488,23630,-61417,84858,220626
2013-04-09,NZD,NEW ZEALAND DOLLAR,tff,33161,11472,2745,26199,21689,-23454,42549
2013-04-09,OIL,WTI CRUDE OIL,dis,64102,8916,67252,115940,55186,-48688,175328
2013-04-09,SILVER,SILVER,dis,38492,30577,61060,78984,7915,-17924,162241
2013-04-09,USD,US DOLLAR INDEX,tff,53014,50518,9614,31170,2496,-21556,87508
2013-04-16,AUD,AUSTRALIAN DOLLAR,tff,107012,41637,24415,58636,65375,-34221,169445
2013-04-16,CAD,CANADIAN DOLLAR,tff,17061,103402,94160,3594,-86341,90566,171111
2013-04-16,CHF,SWISS FRANC,tff,16095,14207,23140,23223,1888,-83,53769
2013-04-16,COPPER,COPPER,dis,44854,68981,104687,74314,-24127,30373,187450
2013-04-16,EUR,EURO FX,tff,37447,63934,64145,15288,-26487,48857,215657
2013-04-16,GBP,BRITISH POUND,tff,34093,108023,100762,6514,-73930,94248,200884
2013-04-16,GOLD,GOLD,dis,204677,75795,144522,286451,128882,-141929,413083
2013-04-16,JPY,JAPANESE YEN,tff,35689,105765,118477,20350,-70076,98127,214577
2013-04-16,NZD,NEW ZEALAND DOLLAR,tff,37919,10300,2438,31843,27619,-29405,46640
2013-04-16,OIL,WTI CRUDE OIL,dis,64285,12420,67735,117410,51865,-49675,176136
2013-04-16,SILVER,SILVER,dis,39701,22103,61641,84139,17598,-22498,157302
2013-04-16,USD,US DOLLAR INDEX,tff,43159,40026,9320,29701,3133,-20381,77787
2013-04-23,AUD,AUSTRALIAN DOLLAR,tff,93245,46321,34214,38962,46924,-4748,161752
2013-04-23,CAD,CANADIAN DOLLAR,tff,18522,101692,92904,4455,-83170,88449,171804
2013-04-23,CHF,SWISS FRANC,tff,14392,9515,22799,24116,4877,-1317,50101
2013-04-23,COPPER,COPPER,dis,43366,64755,98096,68995,-21389,29101,172312
2013-04-23,EUR,EURO FX,tff,38319,67615,68299,17535,-29296,50764,220051
2013-04-23,GBP,BRITISH POUND,tff,33351,101171,99517,7199,-67820,92318,199465
2013-04-23,GOLD,GOLD,dis,197188,92933,156131,260519,104255,-104388,415074
2013-04-23,JPY,JAPANESE YEN,tff,39782,90051,107794,22294,-50269,85500,204150
2013-04-23,NZD,NEW ZEALAND DOLLAR,tff,36176,11546,2746,28579,24630,-25833,45127
2013-04-23,OIL,WTI CRUDE OIL,dis,64323,12663,69241,117506,51660,-48265,177884
2013-04-23,SILVER,SILVER,dis,38817,23816,68258,85422,15001,-17164,158970
2013-04-23,USD,US DOLLAR INDEX,tff,40085,43352,8942,29966,-3267,-21024,78266
2013-04-30,AUD,AUSTRALIAN DOLLAR,tff,90817,46517,33399,41277,44300,-7878,158954
2013-04-30,CAD,CANADIAN DOLLAR,tff,15304,93895,87496,7122,-78591,80374,161473
2013-04-30,CHF,SWISS FRANC,tff,9305,13535,27602,19304,-4230,8298,50872
2013-04-30,COPPER,COPPER,dis,43244,67243,93694,62994,-23999,30700,166042
2013-04-30,EUR,EURO FX,tff,45834,71777,56250,20448,-25943,35802,222618
2013-04-30,GBP,BRITISH POUND,tff,31480,89210,86882,11602,-57730,75280,189084
2013-04-30,GOLD,GOLD,dis,193310,96258,170211,265774,97052,-95563,421087
2013-04-30,JPY,JAPANESE YEN,tff,38795,80744,104066,26822,-41949,77244,198106
2013-04-30,NZD,NEW ZEALAND DOLLAR,tff,35098,11163,3246,30601,23935,-27355,46571
2013-04-30,OIL,WTI CRUDE OIL,dis,63143,12785,68120,117849,50358,-49729,178609
2013-04-30,SILVER,SILVER,dis,35720,23530,65685,79915,12190,-14230,143477
2013-04-30,USD,US DOLLAR INDEX,tff,35586,36033,9134,29669,-447,-20535,70776
2013-05-07,AUD,AUSTRALIAN DOLLAR,tff,71495,51670,47759,28544,19825,19215,157170
2013-05-07,CAD,CANADIAN DOLLAR,tff,17054,79652,71381,12672,-62598,58709,149014
2013-05-07,CHF,SWISS FRANC,tff,8399,11675,27883,19508,-3276,8375,49245
2013-05-07,COPPER,COPPER,dis,42612,61802,88923,60526,-19190,28397,158787
2013-05-07,EUR,EURO FX,tff,44483,70879,50458,18078,-26396,32380,214597
2013-05-07,GBP,BRITISH POUND,tff,33571,82984,88976,18090,-49413,70886,190781
2013-05-07,GOLD,GOLD,dis,189343,99920,186671,274390,89423,-87719,437931
2013-05-07,JPY,JAPANESE YEN,tff,42176,90208,110698,26088,-48032,84610,209370
2013-05-07,NZD,NEW ZEALAND DOLLAR,tff,34718,11269,3528,28961,23449,-25433,46005
2013-05-07,OIL,WTI CRUDE OIL,dis,56007,11824,61005,108890,44183,-47885,165915
2013-05-07,SILVER,SILVER,dis,35834,22183,65703,80159,13651,-14456,144156
2013-05-07,USD,US DOLLAR INDEX,tff,29334,35105,9645,29592,-5771,-19947,69141
2013-05-14,AUD,AUSTRALIAN DOLLAR,tff,73455,68983,80281,30433,4472,49848,190884
2013-05-14,CAD,CANADIAN DOLLAR,tff,20997,73140,59110,14541,-52143,44569,142482
2013-05-14,CHF,SWISS FRANC,tff,10780,22160,35482,11878,-11380,23604,58084
2013-05-14,COPPER,COPPER,dis,39970,57425,89594,63429,-17455,26165,159750
2013-05-14,EUR,EURO FX,tff,46365,83141,67755,14606,-36776,53149,232417
2013-05-14,GBP,BRITISH POUND,tff,38498,90807,90202,18917,-52309,71285,198068
2013-05-14,GOLD,GOLD,dis,186921,103195,190502,274648,83726,-84146,443806
2013-05-14,JPY,JAPANESE YEN,tff,48837,100845,120530,26354,-52008,94176,229746
2013-05-14,NZD,NEW ZEALAND DOLLAR,tff,27608,8196,3389,22806,19412,-19417,37320
2013-05-14,OIL,WTI CRUDE OIL,dis,56008,12118,61846,108957,43890,-47111,167266
2013-05-14,SILVER,SILVER,dis,35690,24896,66717,79935,10794,-13218,144666
2013-05-14,USD,US DOLLAR INDEX,tff,39581,44815,8258,30853,-5234,-22595,80067
2013-05-21,AUD,AUSTRALIAN DOLLAR,tff,59641,72750,106759,28217,-13109,78542,205301
2013-05-21,CAD,CANADIAN DOLLAR,tff,22633,63325,62749,13826,-40692,48923,141531
2013-05-21,CHF,SWISS FRANC,tff,10051,25352,42226,11839,-15301,30387,65146
2013-05-21,COPPER,COPPER,dis,39525,53067,90768,68557,-13542,22211,162304
2013-05-21,EUR,EURO FX,tff,41601,110377,92070,14230,-68776,77840,265194
2013-05-21,GBP,BRITISH POUND,tff,34659,110407,107718,10078,-75748,97640,211098
2013-05-21,GOLD,GOLD,dis,189401,109142,192147,276269,80259,-84122,446087
2013-05-21,JPY,JAPANESE YEN,tff,40054,99040,128097,25721,-58986,102376,227826
2013-05-21,NZD,NEW ZEALAND DOLLAR,tff,22505,6764,5776,17230,15741,-11454,32833
2013-05-21,OIL,WTI CRUDE OIL,dis,66379,12610,62526,110161,53769,-47635,169716
2013-05-21,SILVER,SILVER,dis,35533,26718,67754,79680,8815,-11926,148619
2013-05-21,USD,US DOLLAR INDEX,tff,46132,53547,8990,37461,-7415,-28471,94765
2013-05-28,AUD,AUSTRALIAN DOLLAR,tff,52671,72888,115632,28752,-20217,86880,209027
2013-05-28,CAD,CANADIAN DOLLAR,tff,19773,59290,66093,11623,-39517,54470,144725
2013-05-28,CHF,SWISS FRANC,tff,10666,30428,44684,10847,-19762,33837,70015
2013-05-28,COPPER,COPPER,dis,38759,52325,91797,71095,-13566,20702,165931
2013-05-28,EUR,EURO FX,tff,37181,106382,94917,13980,-69201,80937,264212
2013-05-28,GBP,BRITISH POUND,tff,37150,119000,114103,10451,-81850,103652,221612
2013-05-28,GOLD,GOLD,dis,172565,115686,171995,231216,56879,-59221,411001
2013-05-28,JPY,JAPANESE YEN,tff,38455,102992,127534,24995,-64537,102539,231012
2013-05-28,NZD,NEW ZEALAND DOLLAR,tff,18459,6012,7217,17265,12447,-10048,29377
2013-05-28,OIL,WTI CRUDE OIL,dis,65918,13378,63383,109200,52540,-45817,170812
2013-05-28,SILVER,SILVER,dis,34059,29468,66428,74762,4591,-8334,145299
2013-05-28,USD,US DOLLAR INDEX,tff,45267,50798,8769,37229,-5531,-28460,92698
2013-06-04,AUD,AUSTRALIAN DOLLAR,tff,42568,80539,128426,21326,-37971,107100,212222
2013-06-04,CAD,CANADIAN DOLLAR,tff,14337,60778,73075,10027,-46441,63048,141838
2013-06-04,CHF,SWISS FRANC,tff,7206,26494,42287,11081,-19288,31206,64552
2013-06-04,COPPER,COPPER,dis,41488,51433,92573,73671,-9945,18902,168538
2013-06-04,EUR,EURO FX,tff,37549,78958,69606,17509,-41409,52097,240733
2013-06-04,GBP,BRITISH POUND,tff,28070,110868,114402,12945,-82798,101457,210499
2013-06-04,GOLD,GOLD,dis,170971,109771,147497,209149,61200,-61652,373061
2013-06-04,JPY,JAPANESE YEN,tff,38271,90863,115566,31524,-52592,84042,219135
2013-06-04,NZD,NEW ZEALAND DOLLAR,tff,10609,6618,11736,13210,3991,-1474,25530
2013-06-04,OIL,WTI CRUDE OIL,dis,61213,12351,56892,97713,48862,-40821,158242
2013-06-04,SILVER,SILVER,dis,35051,29695,66857,75256,5356,-8399,145734
2013-06-04,USD,US DOLLAR INDEX,tff,37245,39489,9130,36675,-2244,-27545,80851
2013-06-11,AUD,AUSTRALIAN DOLLAR,tff,39307,79878,131395,24651,-40571,106744,240067
2013-06-11,CAD,CANADIAN DOLLAR,tff,9274,52456,68304,10340,-43182,57964,145729
2013-06-11,CHF,SWISS FRANC,tff,6874,22232,37749,17007,-15358,20742,65244
2013-06-11,COPPER,COPPER,dis,40874,58921,100850,75060,-18047,25790,181231
2013-06-11,EUR,EURO FX,tff,59561,61706,40056,32656,-2145,7400,260418
2013-06-11,GBP,BRITISH POUND,tff,34350,96301,92092,19730,-61951,72362,219176
2013-06-11,GOLD,GOLD,dis,174015,115010,146470,204792,59005,-58322,373844
2013-06-11,JPY,JAPANESE YEN,tff,43243,81056,110064,36672,-37813,73392,243644
2013-06-11,NZD,NEW ZEALAND DOLLAR,tff,8168,7373,13621,11446,795,2175,26293
2013-06-11,OIL,WTI CRUDE OIL,dis,61446,12653,57349,96646,48793,-39297,159124
2013-06-11,SILVER,SILVER,dis,35509,31806,68438,73458,3703,-5020,147175
2013-06-11,USD,US DOLLAR INDEX,tff,37900,32592,9048,37465,5308,-28417,79315
2013-06-18,AUD,AUSTRALIAN DOLLAR,tff,59029,84269,98730,0,-25240,98730,180895
2013-06-18,CAD,CANADIAN DOLLAR,tff,7405,42418,62028,16061,-35013,45967,145484
2013-06-18,CHF,SWISS FRANC,tff,14804,7432,7230,10411,7372,-3181,33846
2013-06-18,COPPER,COPPER,dis,47838,74277,108010,75483,-26439,32527,194877
2013-06-18,EUR,EURO FX,tff,76841,52976,26016,29409,23865,-3393,213331
2013-06-18,GBP,BRITISH POUND,tff,48102,60735,40720,12983,-12633,27737,140550
2013-06-18,GOLD,GOLD,dis,166771,123079,155303,199418,43692,-44115,377106
2013-06-18,JPY,JAPANESE YEN,tff,30375,72191,87747,4789,-41816,82958,163921
2013-06-18,NZD,NEW ZEALAND DOLLAR,tff,6921,6848,2333,255,73,2078,11742
2013-06-18,OIL,WTI CRUDE OIL,dis,62300,13288,59968,97447,49012,-37479,162223
2013-06-18,SILVER,SILVER,dis,35474,31570,68245,74197,3904,-5952,149891
2013-06-18,USD,US DOLLAR INDEX,tff,14255,31407,9073,13026,-17152,-3953,51036
2013-06-25,AUD,AUSTRALIAN DOLLAR,tff,50697,75367,99601,1311,-24670,98290,174012
2013-06-25,CAD,CANADIAN DOLLAR,tff,17980,38330,38252,7578,-20350,30674,109819
2013-06-25,CHF,SWISS FRANC,tff,13167,5995,7199,11197,7172,-3998,31477
2013-06-25,COPPER,COPPER,dis,46899,78588,101167,61366,-31689,39801,178746
2013-06-25,EUR,EURO FX,tff,76065,51019,26597,31093,25046,-4496,211651
2013-06-25,GBP,BRITISH POUND,tff,34051,40807,39846,12500,-6756,27346,123602
2013-06-25,GOLD,GOLD,dis,164901,130749,164958,200166,34152,-35208,390647
2013-06-25,JPY,JAPANESE YEN,tff,31899,72542,80784,5601,-40643,75183,161160
2013-06-25,NZD,NEW ZEALAND DOLLAR,tff,4117,6563,4877,0,-2446,4877,11632
2013-06-25,OIL,WTI CRUDE OIL,dis,62800,13451,60895,98237,49349,-37342,164708
2013-06-25,SILVER,SILVER,dis,34505,33668,66478,70571,837,-4093,140639
2013-06-25,USD,US DOLLAR INDEX,tff,11576,30996,9812,13659,-19420,-3847,52740
2013-07-02,AUD,AUSTRALIAN DOLLAR,tff,48379,84220,106952,2187,-35841,104765,182925
2013-07-02,CAD,CANADIAN DOLLAR,tff,27164,51405,46121,6863,-24241,39258,126754
2013-07-02,CHF,SWISS FRANC,tff,11516,7207,10096,8469,4309,1627,31795
2013-07-02,COPPER,COPPER,dis,44898,73439,95951,59369,-28541,36582,170977
2013-07-02,EUR,EURO FX,tff,47669,53155,43772,10197,-5486,33575,196064
2013-07-02,GBP,BRITISH POUND,tff,32054,55342,53567,2975,-23288,50592,131817
2013-07-02,GOLD,GOLD,dis,158712,137961,186385,209161,20751,-22776,410399
2013-07-02,JPY,JAPANESE YEN,tff,34274,84398,95104,4118,-50124,90986,178926
2013-07-02,NZD,NEW ZEALAND DOLLAR,tff,3907,6964,5954,126,-3057,5828,12384
2013-07-02,OIL,WTI CRUDE OIL,dis,54978,12522,56121,97501,42456,-41380,160197
2013-07-02,SILVER,SILVER,dis,36175,31528,63219,70988,4647,-7769,136146
2013-07-02,USD,US DOLLAR INDEX,tff,13898,32539,11054,16104,-18641,-5050,55430
2013-07-09,AUD,AUSTRALIAN DOLLAR,tff,49009,76994,104831,4090,-27985,100741,178595
2013-07-09,CAD,CANADIAN DOLLAR,tff,30098,61490,54976,7661,-31392,47315,140106
2013-07-09,CHF,SWISS FRANC,tff,15780,12054,13703,8250,3726,5453,39437
2013-07-09,COPPER,COPPER,dis,44259,72307,95384,59746,-28048,35638,169108
2013-07-09,EUR,EURO FX,tff,42649,69965,72004,8717,-27316,63287,225051
2013-07-09,GBP,BRITISH POUND,tff,30361,61954,67488,4619,-31593,62869,145033
2013-07-09,GOLD,GOLD,dis,160214,143657,202617,221658,16557,-19041,431574
2013-07-09,JPY,JAPANESE YEN,tff,30917,92813,106237,3541,-61896,102696,185249
2013-07-09,NZD,NEW ZEALAND DOLLAR,tff,4027,6771,5623,217,-2744,5406,12512
2013-07-09,OIL,WTI CRUDE OIL,dis,55936,12998,56337,98159,42938,-41822,161609
2013-07-09,SILVER,SILVER,dis,36560,31539,62307,69205,5021,-6898,133851
2013-07-09,USD,US DOLLAR INDEX,tff,22653,33276,11347,30091,-10623,-18744,69480
2013-07-16,AUD,AUSTRALIAN DOLLAR,tff,47351,81982,111534,8299,-34631,103235,186264
2013-07-16,CAD,CANADIAN DOLLAR,tff,26581,52474,55029,11533,-25893,43496,133870
2013-07-16,CHF,SWISS FRANC,tff,14635,13647,17359,8384,988,8975,40258
2013-07-16,COPPER,COPPER,dis,39403,61783,93211,64431,-22380,28780,163870
2013-07-16,EUR,EURO FX,tff,42779,68057,70762,12181,-25278,58581,220137
2013-07-16,GBP,BRITISH POUND,tff,24086,67901,82614,4240,-43815,78374,151127
2013-07-16,GOLD,GOLD,dis,156571,133109,222746,247353,23462,-24607,440283
2013-07-16,JPY,JAPANESE YEN,tff,26520,92385,108780,5334,-65865,103446,182429
2013-07-16,NZD,NEW ZEALAND DOLLAR,tff,2817,7528,6860,142,-4711,6718,12904
2013-07-16,OIL,WTI CRUDE OIL,dis,56196,13940,57093,99481,42256,-42388,163854
2013-07-16,SILVER,SILVER,dis,36775,30140,61325,72647,6635,-11322,133445
2013-07-16,USD,US DOLLAR INDEX,tff,21089,29627,12511,29902,-8538,-17391,64342
2013-07-23,AUD,AUSTRALIAN DOLLAR,tff,42822,80499,111862,12280,-37677,99582,185349
2013-07-23,CAD,CANADIAN DOLLAR,tff,17582,39555,49878,12269,-21973,37609,119597
2013-07-23,CHF,SWISS FRANC,tff,10601,9813,14506,8471,788,6035,34906
2013-07-23,COPPER,COPPER,dis,38642,61746,93980,64503,-23104,29477,161805
2013-07-23,EUR,EURO FX,tff,47633,68296,56886,12843,-20663,44043,219429
2013-07-23,GBP,BRITISH POUND,tff,18732,66599,84799,5637,-47867,79162,148065
2013-07-23,GOLD,GOLD,dis,161197,127006,210233,244929,34191,-34696,434750
2013-07-23,JPY,JAPANESE YEN,tff,28705,95338,111844,5273,-66633,106571,187250
2013-07-23,NZD,NEW ZEALAND DOLLAR,tff,2895,6884,6394,713,-3989,5681,12613
2013-07-23,OIL,WTI CRUDE OIL,dis,58651,14322,58689,106041,44329,-47352,166825
2013-07-23,SILVER,SILVER,dis,35440,29759,60950,71063,5681,-10113,131748
2013-07-23,USD,US DOLLAR INDEX,tff,18560,26153,11514,29395,-7593,-17881,60781
2013-07-30,AUD,AUSTRALIAN DOLLAR,tff,45708,91740,121674,10213,-46032,111461,198272
2013-07-30,CAD,CANADIAN DOLLAR,tff,16801,32095,40601,13206,-15294,27395,111005
2013-07-30,CHF,SWISS FRANC,tff,13466,8886,10584,9242,4580,1342,34099
2013-07-30,COPPER,COPPER,dis,39333,70427,94144,56749,-31094,37395,166158
2013-07-30,EUR,EURO FX,tff,58362,63919,45943,16770,-5557,29173,222957
2013-07-30,GBP,BRITISH POUND,tff,19874,67826,79880,5145,-47952,74735,146335
2013-07-30,GOLD,GOLD,dis,154519,126153,188832,214606,28366,-25774,397035
2013-07-30,JPY,JAPANESE YEN,tff,23304,86876,101437,10256,-63572,91181,174872
2013-07-30,NZD,NEW ZEALAND DOLLAR,tff,3945,6279,4098,1501,-2334,2597,12153
2013-07-30,OIL,WTI CRUDE OIL,dis,62986,16109,58970,105967,46877,-46997,167537
2013-07-30,SILVER,SILVER,dis,35628,30653,60510,68817,4975,-8307,132831
2013-07-30,USD,US DOLLAR INDEX,tff,15404,28585,11522,29211,-13181,-17689,63511
2013-08-06,AUD,AUSTRALIAN DOLLAR,tff,43442,90589,130792,11794,-47147,118998,201885
2013-08-06,CAD,CANADIAN DOLLAR,tff,17587,30936,38227,13048,-13349,25179,106787
2013-08-06,CHF,SWISS FRANC,tff,12504,6572,11032,12810,5932,-1778,34942
2013-08-06,COPPER,COPPER,dis,37858,59435,93975,63948,-21577,30027,163880
2013-08-06,EUR,EURO FX,tff,65290,56721,41399,27063,8569,14336,228726
2013-08-06,GBP,BRITISH POUND,tff,21987,63709,73422,6269,-41722,67153,145387
2013-08-06,GOLD,GOLD,dis,153812,102177,187636,241795,51635,-54159,396062
2013-08-06,JPY,JAPANESE YEN,tff,24553,85884,97330,9685,-61331,87645,172059
2013-08-06,NZD,NEW ZEALAND DOLLAR,tff,3223,6341,4934,750,-3118,4184,11572
2013-08-06,OIL,WTI CRUDE OIL,dis,58265,14730,54280,104274,43535,-49994,157339
2013-08-06,SILVER,SILVER,dis,34627,29160,58203,68503,5467,-10300,132053
2013-08-06,USD,US DOLLAR INDEX,tff,20574,33044,12072,28729,-12470,-16657,67341
2013-08-13,AUD,AUSTRALIAN DOLLAR,tff,38724,74130,119960,19586,-35406,100374,184822
2013-08-13,CAD,CANADIAN DOLLAR,tff,17683,28257,36869,12781,-10574,24088,105303
2013-08-13,CHF,SWISS FRANC,tff,14196,6640,9716,14341,7556,-4625,37584
2013-08-13,COPPER,COPPER,dis,38753,45587,92326,78847,-6834,13479,161593
2013-08-13,EUR,EURO FX,tff,71187,49934,34945,25316,21253,9629,225665
2013-08-13,GBP,BRITISH POUND,tff,21921,63443,71587,5865,-41522,65722,145126
2013-08-13,GOLD,GOLD,dis,148524,94598,184321,245195,53926,-60874,390547
2013-08-13,JPY,JAPANESE YEN,tff,22560,76572,85433,8808,-54012,76625,159496
2013-08-13,NZD,NEW ZEALAND DOLLAR,tff,5457,6553,3024,1812,-1096,1212,11976
2013-08-13,OIL,WTI CRUDE OIL,dis,59143,15573,59973,106053,43570,-46080,159824
2013-08-13,SILVER,SILVER,dis,36945,24236,60196,80472,12709,-20276,135226
2013-08-13,USD,US DOLLAR INDEX,tff,27515,35739,12061,28783,-8224,-16722,74194
2013-08-20,AUD,AUSTRALIAN DOLLAR,tff,38153,75298,121375,19156,-37145,102219,184178
2013-08-20,CAD,CANADIAN DOLLAR,tff,23153,32307,36397,12317,-9154,24080,108282
2013-08-20,CHF,SWISS FRANC,tff,15595,9123,10220,15717,6472,-5497,41138
2013-08-20,COPPER,COPPER,dis,44415,44535,88774,81533,-120,7241,160062
2013-08-20,EUR,EURO FX,tff,93057,53969,28258,44447,39088,-16189,249660
2013-08-20,GBP,BRITISH POUND,tff,26242,56743,55801,10355,-30501,45446,138505
2013-08-20,GOLD,GOLD,dis,151348,90952,176610,244275,60396,-67665,385410
2013-08-20,JPY,JAPANESE YEN,tff,24023,77148,85582,13228,-53125,72354,162168
2013-08-20,NZD,NEW ZEALAND DOLLAR,tff,8199,7287,1490,2674,912,-1184,13500
2013-08-20,OIL,WTI CRUDE OIL,dis,59884,16103,54474,107025,43781,-52551,162120
2013-08-20,SILVER,SILVER,dis,37308,18800,59439,82713,18508,-23274,131076
2013-08-20,USD,US DOLLAR INDEX,tff,26925,35942,12179,28783,-9017,-16604,75224
2013-08-27,AUD,AUSTRALIAN DOLLAR,tff,36571,78020,123452,20037,-41449,103415,186664
2013-08-27,CAD,CANADIAN DOLLAR,tff,30357,55203,49121,6760,-24846,42361,133392
2013-08-27,CHF,SWISS FRANC,tff,15012,9166,10865,17365,5846,-6500,41682
2013-08-27,COPPER,COPPER,dis,42772,43565,87986,83036,-793,4950,156847
2013-08-27,EUR,EURO FX,tff,93380,50844,27609,49639,42536,-22030,248672
2013-08-27,GBP,BRITISH POUND,tff,37613,57926,56375,17390,-20313,38985,149328
2013-08-27,GOLD,GOLD,dis,150074,71785,175698,263336,78289,-87638,384102
2013-08-27,JPY,JAPANESE YEN,tff,26962,86054,91184,13982,-59092,77202,175588
2013-08-27,NZD,NEW ZEALAND DOLLAR,tff,5715,7268,2505,1309,-1553,1196,12193
2013-08-27,OIL,WTI CRUDE OIL,dis,61013,17342,56730,108453,43671,-51723,164358
2013-08-27,SILVER,SILVER,dis,33147,16767,54973,79347,16380,-24374,122271
2013-08-27,USD,US DOLLAR INDEX,tff,26361,34428,12173,28783,-8067,-16610,73930
2013-09-03,AUD,AUSTRALIAN DOLLAR,tff,36945,79430,122752,21310,-42485,101442,189334
2013-09-03,CAD,CANADIAN DOLLAR,tff,26804,61408,57461,5963,-34604,51498,143241
2013-09-03,CHF,SWISS FRANC,tff,14360,7483,11265,15415,6877,-4150,40091
2013-09-03,COPPER,COPPER,dis,40851,45303,84809,75371,-4452,9438,149072
2013-09-03,EUR,EURO FX,tff,77806,55233,34973,27675,22573,7298,244563
2013-09-03,GBP,BRITISH POUND,tff,40874,57836,57951,21737,-16962,36214,156870
2013-09-03,GOLD,GOLD,dis,151951,73760,177861,270322,78191,-92461,388584
2013-09-03,JPY,JAPANESE YEN,tff,31289,91528,99458,10446,-60239,89012,178360
2013-09-03,NZD,NEW ZEALAND DOLLAR,tff,4492,6915,5217,1426,-2423,3791,13105
2013-09-03,OIL,WTI CRUDE OIL,dis,63116,15427,55887,107709,47689,-51822,157272
2013-09-03,SILVER,SILVER,dis,34616,15769,49643,77006,18847,-27363,115644
2013-09-03,USD,US DOLLAR INDEX,tff,19102,29490,11620,29089,-10388,-17469,67467
2013-09-10,AUD,AUSTRALIAN DOLLAR,tff,33618,61652,105754,27278,-28034,78476,183606
2013-09-10,CAD,CANADIAN DOLLAR,tff,19045,53546,55513,8656,-34501,46857,137986
2013-09-10,CHF,SWISS FRANC,tff,14216,7330,12104,12629,6886,-525,38760
2013-09-10,COPPER,COPPER,dis,37874,46447,85973,72286,-8573,13687,149202
2013-09-10,EUR,EURO FX,tff,62609,52899,41131,27086,9710,14045,257969
2013-09-10,GBP,BRITISH POUND,tff,57558,61134,48056,32588,-3576,15468,185433
2013-09-10,GOLD,GOLD,dis,141506,72782,184972,265196,68724,-80224,384164
2013-09-10,JPY,JAPANESE YEN,tff,24356,97601,112818,6157,-73245,106661,197099
2013-09-10,NZD,NEW ZEALAND DOLLAR,tff,6665,9078,4218,1899,-2413,2319,15097
2013-09-10,OIL,WTI CRUDE OIL,dis,62825,19793,65181,107896,43032,-42715,161669
2013-09-10,SILVER,SILVER,dis,32644,16810,48979,72477,15834,-23498,112276
2013-09-10,USD,US DOLLAR INDEX,tff,22397,27113,11315,30736,-4716,-19421,70651
2013-09-17,AUD,AUSTRALIAN DOLLAR,tff,36615,47346,63970,5115,-10731,58855,129806
2013-09-17,CAD,CANADIAN DOLLAR,tff,17867,41477,40787,11774,-23610,29013,142925
2013-09-17,CHF,SWISS FRANC,tff,10218,6526,8479,6987,3692,1492,29094
2013-09-17,COPPER,COPPER,dis,35639,50892,86583,65915,-15253,20668,149173
2013-09-17,EUR,EURO FX,tff,90521,50140,21900,30183,40381,-8283,218264
2013-09-17,GBP,BRITISH POUND,tff,76968,30260,1552,40702,46708,-39150,141735
2013-09-17,GOLD,GOLD,dis,138956,80160,188729,254066,58796,-65337,384592
2013-09-17,JPY,JAPANESE YEN,tff,37657,100927,86916,3739,-63270,83177,177045
2013-09-17,NZD,NEW ZEALAND DOLLAR,tff,11181,6783,1407,6023,4398,-4616,15842
2013-09-17,OIL,WTI CRUDE OIL,dis,63886,19997,69893,110774,43889,-40881,164132
2013-09-17,SILVER,SILVER,dis,30889,17083,49729,71983,13806,-22254,112757
2013-09-17,USD,US DOLLAR INDEX,tff,25679,26361,11294,30526,-682,-19232,68238
2013-09-24,AUD,AUSTRALIAN DOLLAR,tff,25078,45481,71182,6182,-20403,65000,126462
2013-09-24,CAD,CANADIAN DOLLAR,tff,33323,35177,36147,24624,-1854,11523,119624
2013-09-24,CHF,SWISS FRANC,tff,15111,7559,5077,17838,7552,-12761,39512
2013-09-24,COPPER,COPPER,dis,36648,43898,82411,71113,-7250,11298,147511
2013-09-24,EUR,EURO FX,tff,119731,41112,17266,77960,78619,-60694,254464
2013-09-24,GBP,BRITISH POUND,tff,93246,29738,4114,61963,63508,-57849,163719
2013-09-24,GOLD,GOLD,dis,140468,73329,183688,255215,67139,-71527,378216
2013-09-24,JPY,JAPANESE YEN,tff,33898,94528,89069,6443,-60630,82626,174892
2013-09-24,NZD,NEW ZEALAND DOLLAR,tff,13963,7490,1404,9166,6473,-7762,19621
2013-09-24,OIL,WTI CRUDE OIL,dis,64453,19829,71333,113414,44624,-42081,166746
2013-09-24,SILVER,SILVER,dis,29357,16705,52271,71892,12652,-19621,112317
2013-09-24,USD,US DOLLAR INDEX,tff,19447,31801,10868,9756,-12354,1112,53075
2013-10-01,AUD,AUSTRALIAN DOLLAR,tff,20063,32266,61608,7012,-12203,54596,113676
2013-10-01,CAD,CANADIAN DOLLAR,tff,34953,36555,35935,31988,-1602,3947,122732
2013-10-01,CHF,SWISS FRANC,tff,17297,9766,5221,21691,7531,-16470,45298
2013-10-01,COPPER,COPPER,dis,39032,40366,80265,72900,-1334,7365,148001
2013-10-01,EUR,EURO FX,tff,115774,35270,18832,83640,80504,-64808,255067
2013-10-01,GBP,BRITISH POUND,tff,96225,27936,4822,74298,68289,-69476,172422
2013-10-01,GOLD,GOLD,dis,141541,68494,179659,257787,73047,-78128,374151
2013-10-01,JPY,JAPANESE YEN,tff,30298,85348,86906,11866,-55050,75040,170525
2013-10-01,NZD,NEW ZEALAND DOLLAR,tff,16143,6935,1432,13019,9208,-11587,22577
2013-10-01,OIL,WTI CRUDE OIL,dis,48920,18896,67407,107417,30024,-40010,156324
2013-10-01,SILVER,SILVER,dis,31235,18460,54294,70939,12775,-16645,115238
2013-10-01,USD,US DOLLAR INDEX,tff,20731,31627,11045,9518,-10896,1527,53794
2013-10-08,AUD,AUSTRALIAN DOLLAR,tff,21922,33166,63806,8109,-11244,55697,117075
2013-10-08,CAD,CANADIAN DOLLAR,tff,25054,35398,43115,27676,-10344,15439,118332
2013-10-08,CHF,SWISS FRANC,tff,19330,10996,6071,26467,8334,-20396,51017
2013-10-08,COPPER,COPPER,dis,37880,41764,80644,71930,-3884,8714,147936
2013-10-08,EUR,EURO FX,tff,118974,32919,22497,86821,86055,-64324,263859
2013-10-08,GBP,BRITISH POUND,tff,108343,32577,7999,82231,75766,-74232,184643
2013-10-08,GOLD,GOLD,dis,140207,57890,176330,266746,82317,-90416,370406
2013-10-08,JPY,JAPANESE YEN,tff,34774,69664,74534,21172,-34890,53362,165957
2013-10-08,NZD,NEW ZEALAND DOLLAR,tff,16829,7863,1438,12845,8966,-11407,23230
2013-10-08,OIL,WTI CRUDE OIL,dis,50353,18996,67606,109733,31357,-42127,159124
2013-10-08,SILVER,SILVER,dis,31887,16881,52815,74081,15006,-21266,116098
2013-10-08,USD,US DOLLAR INDEX,tff,25151,36185,10730,9595,-11034,1135,59355
2013-10-15,AUD,AUSTRALIAN DOLLAR,tff,22578,38294,66329,8520,-15716,57809,124276
2013-10-15,CAD,CANADIAN DOLLAR,tff,19740,34716,44395,23176,-14976,21219,112544
2013-10-15,CHF,SWISS FRANC,tff,20685,10533,7330,23896,10152,-16566,50287
2013-10-15,COPPER,COPPER,dis,37672,45400,83006,69117,-7728,13889,149819
2013-10-15,EUR,EURO FX,tff,110779,35060,26647,83915,75719,-57268,257199
2013-10-15,GBP,BRITISH POUND,tff,108704,31820,9191,81577,76884,-72386,183979
2013-10-15,GOLD,GOLD,dis,139663,77730,188890,253714,61933,-64824,381727
2013-10-15,JPY,JAPANESE YEN,tff,33112,66829,74136,19061,-33717,55075,159871
2013-10-15,NZD,NEW ZEALAND DOLLAR,tff,17945,6998,1445,15312,10947,-13867,24608
2013-10-15,OIL,WTI CRUDE OIL,dis,56779,18909,67880,110076,37870,-42196,159492
2013-10-15,SILVER,SILVER,dis,33368,18600,52976,72249,14768,-19273,116207
2013-10-15,USD,US DOLLAR INDEX,tff,16679,28517,10914,9624,-11838,1290,50217
2013-10-22,AUD,AUSTRALIAN DOLLAR,tff,26626,40002,58482,9849,-13376,48633,125592
2013-10-22,CAD,CANADIAN DOLLAR,tff,19055,27938,39610,27769,-8883,11841,109316
2013-10-22,CHF,SWISS FRANC,tff,21040,10729,8965,25131,10311,-16166,52402
2013-10-22,COPPER,COPPER,dis,44669,41054,81295,80208,3615,1087,154924
2013-10-22,EUR,EURO FX,tff,118439,37248,29963,105281,81191,-75318,278139
2013-10-22,GBP,BRITISH POUND,tff,101815,28113,10446,82300,73702,-71854,181489
2013-10-22,GOLD,GOLD,dis,147835,71170,183393,265541,76665,-82148,390369
2013-10-22,JPY,JAPANESE YEN,tff,21204,69897,78370,10787,-48693,67583,152938
2013-10-22,NZD,NEW ZEALAND DOLLAR,tff,19713,8449,1473,16428,11264,-14955,27336
2013-10-22,OIL,WTI CRUDE OIL,dis,58361,18677,67648,111933,39684,-44285,161136
2013-10-22,SILVER,SILVER,dis,35706,17498,51120,76005,18208,-24885,116767
2013-10-22,USD,US DOLLAR INDEX,tff,20755,30961,10797,9624,-10206,1173,54206
2013-10-29,AUD,AUSTRALIAN DOLLAR,tff,28582,44285,59356,11789,-15703,47567,129053
2013-10-29,CAD,CANADIAN DOLLAR,tff,19492,37315,45501,22118,-17823,23383,116157
2013-10-29,CHF,SWISS FRANC,tff,21700,10689,9326,27937,11011,-18611,54705
2013-10-29,COPPER,COPPER,dis,38310,48325,88002,72879,-10015,15123,154498
2013-10-29,EUR,EURO FX,tff,117110,38556,33835,107889,78554,-74054,282923
2013-10-29,GBP,BRITISH POUND,tff,95105,30912,14110,76506,64193,-62396,177427
2013-10-29,GOLD,GOLD,dis,153409,53173,174866,281653,100236,-106787,387166
2013-10-29,JPY,JAPANESE YEN,tff,25879,66468,73451,10815,-40589,62636,151987
2013-10-29,NZD,NEW ZEALAND DOLLAR,tff,16168,7233,1477,13877,8935,-12400,23564
2013-10-29,OIL,WTI CRUDE OIL,dis,60928,17578,68360,112991,43350,-44631,162352
2013-10-29,SILVER,SILVER,dis,36674,18225,51321,77457,18449,-26136,117934
2013-10-29,USD,US DOLLAR INDEX,tff,18488,29771,10689,9018,-11283,1671,51946
2013-11-05,AUD,AUSTRALIAN DOLLAR,tff,26250,41318,65585,12049,-15068,53536,129497
2013-11-05,CAD,CANADIAN DOLLAR,tff,22195,40691,44738,18011,-18496,26727,117253
2013-11-05,CHF,SWISS FRANC,tff,19482,11893,12740,25042,7589,-12302,52752
2013-11-05,COPPER,COPPER,dis,36754,46538,85907,71552,-9784,14355,148624
2013-11-05,EUR,EURO FX,tff,88170,44594,35671,71020,43576,-35349,252554
2013-11-05,GBP,BRITISH POUND,tff,87557,36694,17023,65725,50863,-48702,172368
2013-11-05,GOLD,GOLD,dis,149031,57895,178714,272614,91136,-93900,386796
2013-11-05,JPY,JAPANESE YEN,tff,32188,77147,86326,8950,-44959,77376,169004
2013-11-05,NZD,NEW ZEALAND DOLLAR,tff,15333,7298,1499,12139,8035,-10640,22367
2013-11-05,OIL,WTI CRUDE OIL,dis,57505,16178,63413,108075,41327,-44662,154213
2013-11-05,SILVER,SILVER,dis,36134,17231,51669,77503,18903,-25834,118718
2013-11-05,USD,US DOLLAR INDEX,tff,10686,25383,10917,9768,-14697,1149,43806
2013-11-12,AUD,AUSTRALIAN DOLLAR,tff,23717,50217,77585,9373,-26500,68212,137241
2013-11-12,CAD,CANADIAN DOLLAR,tff,23434,41416,44127,16489,-17982,27638,118952
2013-11-12,CHF,SWISS FRANC,tff,9826,6687,18870,21837,3139,-2967,44399
2013-11-12,COPPER,COPPER,dis,39966,58934,88967,66255,-18968,22712,163264
2013-11-12,EUR,EURO FX,tff,74893,45636,41892,41584,29257,308,229166
2013-11-12,GBP,BRITISH POUND,tff,84201,36613,17364,64321,47588,-46957,171002
2013-11-12,GOLD,GOLD,dis,144062,82710,190317,256102,61352,-65785,403840
2013-11-12,JPY,JAPANESE YEN,tff,33894,100099,108594,5783,-66205,102811,195690
2013-11-12,NZD,NEW ZEALAND DOLLAR,tff,15410,6385,1461,12793,9025,-11332,21996
2013-11-12,OIL,WTI CRUDE OIL,dis,58978,16166,63565,109379,42812,-45814,156167
2013-11-12,SILVER,SILVER,dis,37380,24344,55623,78252,13036,-22629,129525
2013-11-12,USD,US DOLLAR INDEX,tff,7420,25214,10703,9518,-17794,1185,41351
2013-11-19,AUD,AUSTRALIAN DOLLAR,tff,22066,48843,80476,10324,-26777,70152,136699
2013-11-19,CAD,CANADIAN DOLLAR,tff,25816,44850,44048,16636,-19034,27412,121813
2013-11-19,CHF,SWISS FRANC,tff,8854,5271,17958,20359,3583,-2401,41770
2013-11-19,COPPER,COPPER,dis,40413,74311,98110,59242,-33898,38868,173106
2013-11-19,EUR,EURO FX,tff,73540,46427,46507,42745,27113,3762,232326
2013-11-19,GBP,BRITISH POUND,tff,95211,39645,19700,68781,55566,-49081,183449
2013-11-19,GOLD,GOLD,dis,140853,92733,190106,241621,48120,-51515,397590
2013-11-19,JPY,JAPANESE YEN,tff,35741,115427,125322,6378,-79686,118944,214211
2013-11-19,NZD,NEW ZEALAND DOLLAR,tff,17649,6534,1616,14616,11115,-13000,24450
2013-11-19,OIL,WTI CRUDE OIL,dis,61549,18648,64066,112142,42901,-48076,157941
2013-11-19,SILVER,SILVER,dis,38586,28555,60926,78390,10031,-17464,138809
2013-11-19,USD,US DOLLAR INDEX,tff,10374,26797,10355,9518,-16423,837,43239
2013-11-26,AUD,AUSTRALIAN DOLLAR,tff,21535,46031,57027,17066,-24496,39961,111673
2013-11-26,CAD,CANADIAN DOLLAR,tff,24480,52902,49869,9054,-28422,40815,129471
2013-11-26,CHF,SWISS FRANC,tff,9028,4290,18097,21926,4738,-3829,42421
2013-11-26,COPPER,COPPER,dis,41232,71260,89001,53484,-30028,35517,158780
2013-11-26,EUR,EURO FX,tff,65636,52053,58983,35810,13583,23173,243049
2013-11-26,GBP,BRITISH POUND,tff,100719,41404,31699,75470,59315,-43771,214443
2013-11-26,GOLD,GOLD,dis,133414,106859,196011,224247,26555,-28236,394432
2013-11-26,JPY,JAPANESE YEN,tff,40686,129748,138777,4991,-89062,133786,236713
2013-11-26,NZD,NEW ZEALAND DOLLAR,tff,14485,6193,1573,11737,8292,-10164,20919
2013-11-26,OIL,WTI CRUDE OIL,dis,62012,18456,64453,113558,43556,-49105,159546
2013-11-26,SILVER,SILVER,dis,39270,32648,56669,73097,6622,-16428,133287
2013-11-26,USD,US DOLLAR INDEX,tff,9121,26431,9735,9518,-17310,217,42877
2013-12-03,AUD,AUSTRALIAN DOLLAR,tff,25029,58409,64506,10818,-33380,53688,121078
2013-12-03,CAD,CANADIAN DOLLAR,tff,28474,73112,62442,5254,-44638,57188,145767
2013-12-03,CHF,SWISS FRANC,tff,10706,4476,16283,24595,6230,-8312,45862
2013-12-03,COPPER,COPPER,dis,43029,70380,86479,55257,-27351,31222,160042
2013-12-03,EUR,EURO FX,tff,73150,49004,56483,42376,24146,14107,253653
2013-12-03,GBP,BRITISH POUND,tff,118601,41083,31086,101510,77518,-70424,239371
2013-12-03,GOLD,GOLD,dis,134546,111855,190092,212391,22691,-22299,386436
2013-12-03,JPY,JAPANESE YEN,tff,38505,142988,148164,4039,-104483,144125,245167
2013-12-03,NZD,NEW ZEALAND DOLLAR,tff,12038,5953,1409,9323,6085,-7914,18318
2013-12-03,OIL,WTI CRUDE OIL,dis,58545,17005,60707,106037,41540,-45330,149954
2013-12-03,SILVER,SILVER,dis,40438,37537,56666,68831,2901,-12165,133109
2013-12-03,USD,US DOLLAR INDEX,tff,11097,28678,9864,9618,-17581,246,46173
2013-12-10,AUD,AUSTRALIAN DOLLAR,tff,24655,60791,68253,12247,-36136,56006,126620
2013-12-10,CAD,CANADIAN DOLLAR,tff,28985,86858,79107,4705,-57873,74402,160759
2013-12-10,CHF,SWISS FRANC,tff,20876,5407,11631,30833,15469,-19202,64506
2013-12-10,COPPER,COPPER,dis,44375,57508,84272,66965,-13133,17307,159552
2013-12-10,EUR,EURO FX,tff,83721,47165,55235,48677,36556,6558,302100
2013-12-10,GBP,BRITISH POUND,tff,113841,39862,36685,106155,73979,-69470,255604
2013-12-10,GOLD,GOLD,dis,133866,107486,183319,212281,26380,-28962,377313
2013-12-10,JPY,JAPANESE YEN,tff,40742,135455,145334,9695,-94713,135639,262229
2013-12-10,NZD,NEW ZEALAND DOLLAR,tff,11486,4626,1403,10950,6860,-9547,19953
2013-12-10,OIL,WTI CRUDE OIL,dis,61151,17559,63020,108544,43592,-45524,155871
2013-12-10,SILVER,SILVER,dis,42551,32598,56471,74003,9953,-17532,133086
2013-12-10,USD,US DOLLAR INDEX,tff,16486,30078,9802,9857,-13592,-55,49070
2013-12-17,AUD,AUSTRALIAN DOLLAR,tff,13933,61370,73875,1669,-47437,72206,113118
2013-12-17,CAD,CANADIAN DOLLAR,tff,21881,90593,88475,4820,-68712,83655,187136
2013-12-17,CHF,SWISS FRANC,tff,24216,7305,449,21563,16911,-21114,47367
2013-12-17,COPPER,COPPER,dis,55009,52630,76939,73995,2379,2944,159879
2013-12-17,EUR,EURO FX,tff,91807,42189,24197,24696,49618,-499,230955
2013-12-17,GBP,BRITISH POUND,tff,106066,30174,14211,84500,75892,-70289,191648
2013-12-17,GOLD,GOLD,dis,133068,107164,191045,218144,25904,-27099,385432
2013-12-17,JPY,JAPANESE YEN,tff,45916,133054,117342,4665,-87138,112677,232743
2013-12-17,NZD,NEW ZEALAND DOLLAR,tff,11193,8057,986,6702,3136,-5716,17939
2013-12-17,OIL,WTI CRUDE OIL,dis,62354,17345,62398,110095,45009,-47697,157147
2013-12-17,SILVER,SILVER,dis,41916,30368,55860,75105,11548,-19245,133306
2013-12-17,USD,US DOLLAR INDEX,tff,7509,28855,9863,2155,-21346,7708,39322
2013-12-24,AUD,AUSTRALIAN DOLLAR,tff,15010,63379,78897,2248,-48369,76649,117884
2013-12-24,CAD,CANADIAN DOLLAR,tff,17620,83567,83932,1428,-65947,82504,149359
2013-12-24,CHF,SWISS FRANC,tff,25485,9951,2156,23037,15534,-20881,51131
2013-12-24,COPPER,COPPER,dis,60943,56208,74020,75004,4735,-984,164932
2013-12-24,EUR,EURO FX,tff,95554,41552,26369,31237,54002,-4868,240206
2013-12-24,GBP,BRITISH POUND,tff,109479,35339,13237,87282,74140,-74045,198063
2013-12-24,GOLD,GOLD,dis,135390,108051,188511,215029,27339,-26518,384974
2013-12-24,JPY,JAPANESE YEN,tff,43938,135205,127448,5772,-91267,121676,239160
2013-12-24,NZD,NEW ZEALAND DOLLAR,tff,11651,8246,979,7736,3405,-6757,18668
2013-12-24,OIL,WTI CRUDE OIL,dis,65260,18540,65016,115427,46720,-50411,162991
2013-12-24,SILVER,SILVER,dis,42097,29999,56157,75843,12098,-19686,132501
2013-12-24,USD,US DOLLAR INDEX,tff,5963,32873,10978,2512,-26910,8466,43607
2013-12-31,AUD,AUSTRALIAN DOLLAR,tff,14597,66928,80729,2074,-52331,78655,120071
2013-12-31,CAD,CANADIAN DOLLAR,tff,18046,85284,83771,1616,-67238,82155,149037
2013-12-31,CHF,SWISS FRANC,tff,25875,9919,3304,22087,15956,-18783,51139
2013-12-31,COPPER,COPPER,dis,66016,55653,70367,79191,10363,-8824,167024
2013-12-31,EUR,EURO FX,tff,96557,42201,27927,30789,54356,-2862,242071
2013-12-31,GBP,BRITISH POUND,tff,117803,34683,13130,96342,83120,-83212,206886
2013-12-31,GOLD,GOLD,dis,137182,104959,182101,215122,32223,-33021,379550
2013-12-31,JPY,JAPANESE YEN,tff,42204,126843,121792,6492,-84639,115300,232225
2013-12-31,NZD,NEW ZEALAND DOLLAR,tff,12082,8125,941,7914,3957,-6973,18748
2013-12-31,OIL,WTI CRUDE OIL,dis,65026,18558,65575,115409,46468,-49834,163455
2013-12-31,SILVER,SILVER,dis,42083,27402,54280,79052,14681,-24772,132475
2013-12-31,USD,US DOLLAR INDEX,tff,7916,30588,9563,2518,-22672,7045,43644
2014-01-07,AUD,AUSTRALIAN DOLLAR,tff,13382,66755,82150,3510,-53373,78640,122121
2014-01-07,CAD,CANADIAN DOLLAR,tff,22129,90896,84329,1202,-68767,83127,156950
2014-01-07,CHF,SWISS FRANC,tff,18181,8734,3622,14723,9447,-11101,42087
2014-01-07,COPPER,COPPER,dis,67546,55118,69472,81237,12428,-11765,169588
2014-01-07,EUR,EURO FX,tff,84159,43290,43982,24290,40869,19692,238570
2014-01-07,GBP,BRITISH POUND,tff,107597,32451,13381,85032,75146,-71651,194668
2014-01-07,GOLD,GOLD,dis,139244,100357,179334,221218,38887,-41884,383021
2014-01-07,JPY,JAPANESE YEN,tff,40600,120655,118407,10626,-80055,107781,230156
2014-01-07,NZD,NEW ZEALAND DOLLAR,tff,12895,6964,951,9977,5931,-9026,20039
2014-01-07,OIL,WTI CRUDE OIL,dis,57564,12885,52559,97769,44679,-45210,152072
2014-01-07,SILVER,SILVER,dis,41285,23950,53875,79404,17335,-25529,131294
2014-01-07,USD,US DOLLAR INDEX,tff,7145,34211,9579,4883,-27066,4696,46642
2014-01-14,AUD,AUSTRALIAN DOLLAR,tff,9116,58655,73712,4652,-49539,69060,112341
2014-01-14,CAD,CANADIAN DOLLAR,tff,24106,100390,88351,1120,-76284,87231,171370
2014-01-14,CHF,SWISS FRANC,tff,16851,11175,6950,13735,5676,-6785,42791
2014-01-14,COPPER,COPPER,dis,59343,52306,73137,77296,7037,-4159,163296
2014-01-14,EUR,EURO FX,tff,80190,46508,49071,27267,33682,21804,243434
2014-01-14,GBP,BRITISH POUND,tff,114896,38071,13494,83892,76825,-70398,201372
2014-01-14,GOLD,GOLD,dis,145857,101844,199650,244905,44013,-45255,415426
2014-01-14,JPY,JAPANESE YEN,tff,38923,115649,106752,13499,-76726,93253,218324
2014-01-14,NZD,NEW ZEALAND DOLLAR,tff,15626,8082,941,11743,7544,-10802,22870
2014-01-14,OIL,WTI CRUDE OIL,dis,57162,14495,54699,98248,42667,-43549,154132
2014-01-14,SILVER,SILVER,dis,41287,24798,58869,83678,16489,-24809,136158
2014-01-14,USD,US DOLLAR INDEX,tff,8030,29134,9949,7970,-21104,1979,42927
2014-01-21,AUD,AUSTRALIAN DOLLAR,tff,14433,78250,96015,4731,-63817,91284,137503
2014-01-21,CAD,CANADIAN DOLLAR,tff,18822,98742,94419,989,-79920,93430,169456
2014-01-21,CHF,SWISS FRANC,tff,16295,9472,10887,12918,6823,-2031,42110
2014-01-21,COPPER,COPPER,dis,61131,51418,69394,74338,9713,-4944,160115
2014-01-21,EUR,EURO FX,tff,74804,51479,69496,24677,23325,44819,255300
2014-01-21,GBP,BRITISH POUND,tff,120986,41278,13575,85598,79708,-72023,208112
2014-01-21,GOLD,GOLD,dis,146018,99435,200101,246192,46583,-46091,410959
2014-01-21,JPY,JAPANESE YEN,tff,41767,111587,103982,17221,-69820,86761,217548
2014-01-21,NZD,NEW ZEALAND DOLLAR,tff,15311,8311,941,10891,7000,-9950,22817
2014-01-21,OIL,WTI CRUDE OIL,dis,56650,14495,55660,98287,42155,-42627,154822
2014-01-21,SILVER,SILVER,dis,42334,26466,60600,84551,15868,-23951,139468
2014-01-21,USD,US DOLLAR INDEX,tff,10304,36009,10075,8376,-25705,1699,49768
2014-01-28,AUD,AUSTRALIAN DOLLAR,tff,12068,77095,100898,5127,-65027,95771,136426
2014-01-28,CAD,CANADIAN DOLLAR,tff,11944,86683,83566,1519,-74739,82047,157214
2014-01-28,CHF,SWISS FRANC,tff,15499,9920,7492,14413,5579,-6921,40869
2014-01-28,COPPER,COPPER,dis,51840,51836,70361,66484,4,3877,152829
2014-01-28,EUR,EURO FX,tff,76591,39634,69721,37878,36957,31843,260799
2014-01-28,GBP,BRITISH POUND,tff,129536,35595,14809,101520,93941,-86711,218738
2014-01-28,GOLD,GOLD,dis,150158,83817,176630,241609,66341,-64979,382739
2014-01-28,JPY,JAPANESE YEN,tff,43671,88714,83311,33443,-45043,49868,203014
2014-01-28,NZD,NEW ZEALAND DOLLAR,tff,14609,6240,899,11227,8369,-10328,21796
2014-01-28,OIL,WTI CRUDE OIL,dis,61458,14592,62850,102979,46866,-40129,159747
2014-01-28,SILVER,SILVER,dis,40816,30324,62077,83110,10492,-21033,144244
2014-01-28,USD,US DOLLAR INDEX,tff,8854,35067,10069,7920,-26213,2149,48844
2014-02-04,AUD,AUSTRALIAN DOLLAR,tff,9811,65277,92018,7538,-55466,84480,125394
2014-02-04,CAD,CANADIAN DOLLAR,tff,12844,87651,88324,1745,-74807,86579,160625
2014-02-04,CHF,SWISS FRANC,tff,17346,9451,8461,15487,7895,-7026,41918
2014-02-04,COPPER,COPPER,dis,45717,59136,76294,57375,-13419,18919,151800
2014-02-04,EUR,EURO FX,tff,56409,46760,100802,23613,9649,77189,274146
2014-02-04,GBP,BRITISH POUND,tff,121527,32387,15797,85358,89140,-69561,202690
2014-02-04,GOLD,GOLD,dis,147754,82815,165354,231136,64939,-65782,368279
2014-02-04,JPY,JAPANESE YEN,tff,39967,80115,83358,40582,-40148,42776,199361
2014-02-04,NZD,NEW ZEALAND DOLLAR,tff,12726,5788,1683,10150,6938,-8467,20098
2014-02-04,OIL,WTI CRUDE OIL,dis,59400,11038,55888,94526,48362,-38638,147950
2014-02-04,SILVER,SILVER,dis,41321,34333,65457,80309,6988,-14852,149163
2014-02-04,USD,US DOLLAR INDEX,tff,7584,35647,10077,7831,-28063,2246,47614
2014-02-11,AUD,AUSTRALIAN DOLLAR,tff,9097,53108,77014,9071,-44011,67943,110523
2014-02-11,CAD,CANADIAN DOLLAR,tff,10623,85926,84402,2329,-75303,82073,157495
2014-02-11,CHF,SWISS FRANC,tff,16363,10581,8719,15634,5782,-6915,42433
2014-02-11,COPPER,COPPER,dis,46907,64957,82698,57748,-18050,24950,164996
2014-02-11,EUR,EURO FX,tff,65787,51995,96688,33479,13792,63209,281037
2014-02-11,GBP,BRITISH POUND,tff,121615,33969,19102,85412,87646,-66310,204982
2014-02-11,GOLD,GOLD,dis,156786,85585,162156,234810,71201,-72654,376973
2014-02-11,JPY,JAPANESE YEN,tff,40886,80114,84301,40931,-39228,43370,196435
2014-02-11,NZD,NEW ZEALAND DOLLAR,tff,11942,4957,1856,10602,6985,-8746,19085
2014-02-11,OIL,WTI CRUDE OIL,dis,60363,11038,59707,96623,49325,-36916,148909
2014-02-11,SILVER,SILVER,dis,41279,28645,61524,83941,12634,-22417,147988
2014-02-11,USD,US DOLLAR INDEX,tff,6847,34409,10612,7668,-27562,2944,47189
2014-02-18,AUD,AUSTRALIAN DOLLAR,tff,8330,46950,68397,9468,-38620,58929,103049
2014-02-18,CAD,CANADIAN DOLLAR,tff,11118,83157,81648,11601,-72039,70047,154862
2014-02-18,CHF,SWISS FRANC,tff,18298,15239,9780,18983,3059,-9203,51003
2014-02-18,COPPER,COPPER,dis,45352,59186,77991,58421,-13834,19570,162959
2014-02-18,EUR,EURO FX,tff,78567,46323,87336,47163,32244,40173,291360
2014-02-18,GBP,BRITISH POUND,tff,148409,45719,17792,107788,102690,-89996,241471
2014-02-18,GOLD,GOLD,dis,164478,79847,159449,251200,84631,-91751,390535
2014-02-18,JPY,JAPANESE YEN,tff,43462,82600,85445,38326,-39138,47119,200057
2014-02-18,NZD,NEW ZEALAND DOLLAR,tff,14158,5793,1667,11949,8365,-10282,21516
2014-02-18,OIL,WTI CRUDE OIL,dis,61778,11509,62888,101322,50269,-38434,154928
2014-02-18,SILVER,SILVER,dis,40506,16971,63221,96074,23535,-32853,147035
2014-02-18,USD,US DOLLAR INDEX,tff,7694,31552,10303,7993,-23858,2310,49629
2014-02-25,AUD,AUSTRALIAN DOLLAR,tff,9176,42787,63662,10306,-33611,53356,98643
2014-02-25,CAD,CANADIAN DOLLAR,tff,7202,73459,70618,12103,-66257,58515,141519
2014-02-25,CHF,SWISS FRANC,tff,23066,16611,9439,21796,6455,-12357,55157
2014-02-25,COPPER,COPPER,dis,45032,53111,69425,53405,-8079,16020,146265
2014-02-25,EUR,EURO FX,tff,82354,44265,85407,52613,38089,32794,296924
2014-02-25,GBP,BRITISH POUND,tff,148874,42937,19780,119262,105937,-99482,257037
2014-02-25,GOLD,GOLD,dis,169870,60406,155969,272632,109464,-116663,387503
2014-02-25,JPY,JAPANESE YEN,tff,41622,85939,89792,39880,-44317,49912,203743
2014-02-25,NZD,NEW ZEALAND DOLLAR,tff,15468,5032,1042,13375,10436,-12333,22142
2014-02-25,OIL,WTI CRUDE OIL,dis,63724,13127,62736,109022,50597,-46286,158754
2014-02-25,SILVER,SILVER,dis,44848,15911,59225,98210,28937,-38985,144305
2014-02-25,USD,US DOLLAR INDEX,tff,7091,30940,10094,7709,-23849,2385,49811
2014-03-04,AUD,AUSTRALIAN DOLLAR,tff,11145,51536,64120,6180,-40391,57940,105792
2014-03-04,CAD,CANADIAN DOLLAR,tff,8792,75645,70979,12264,-66853,58715,147033
2014-03-04,CHF,SWISS FRANC,tff,25244,18910,10467,26861,6334,-16394,60532
2014-03-04,COPPER,COPPER,dis,45709,58950,70567,51317,-13241,19250,145295
2014-03-04,EUR,EURO FX,tff,96160,48412,81771,58970,47748,22801,304308
2014-03-04,GBP,BRITISH POUND,tff,147841,41489,18342,119563,106352,-101221,254013
2014-03-04,GOLD,GOLD,dis,171404,56238,157838,278987,115166,-121149,393266
2014-03-04,JPY,JAPANESE YEN,tff,47331,88276,84547,36399,-40945,48148,205886
2014-03-04,NZD,NEW ZEALAND DOLLAR,tff,18171,5360,1031,16521,12811,-15490,25616
2014-03-04,OIL,WTI CRUDE OIL,dis,60148,13498,58871,101066,46650,-42195,149587
2014-03-04,SILVER,SILVER,dis,44297,16388,54619,94388,27909,-39769,133550
2014-03-04,USD,US DOLLAR INDEX,tff,13139,31032,10130,7740,-17893,2390,52552
2014-03-11,AUD,AUSTRALIAN DOLLAR,tff,7914,49337,65169,10038,-41423,55131,122241
2014-03-11,CAD,CANADIAN DOLLAR,tff,10085,70108,69939,15717,-60023,54222,153639
2014-03-11,CHF,SWISS FRANC,tff,26467,12221,7994,30679,14246,-22685,66889
2014-03-11,COPPER,COPPER,dis,47674,69234,77436,47326,-21560,30110,155791
2014-03-11,EUR,EURO FX,tff,106455,43550,73477,63301,62905,10176,322020
2014-03-11,GBP,BRITISH POUND,tff,137477,36462,28194,125235,101015,-97041,250867
2014-03-11,GOLD,GOLD,dis,170482,51592,163920,289287,118890,-125367,415340
2014-03-11,JPY,JAPANESE YEN,tff,43677,100229,97304,28513,-56552,68791,242170
2014-03-11,NZD,NEW ZEALAND DOLLAR,tff,20332,6147,1041,17514,14185,-16473,31905
2014-03-11,OIL,WTI CRUDE OIL,dis,60507,13654,64277,101170,46853,-36893,150885
2014-03-11,SILVER,SILVER,dis,43886,17222,55639,93273,26664,-37634,136625
2014-03-11,USD,US DOLLAR INDEX,tff,17742,35559,9922,7755,-17817,2167,58004
2014-03-18,AUD,AUSTRALIAN DOLLAR,tff,21448,37091,29741,5302,-15643,24439,81737
2014-03-18,CAD,CANADIAN DOLLAR,tff,19629,88669,74388,16690,-69040,57698,186782
2014-03-18,CHF,SWISS FRANC,tff,24679,15586,813,19941,9093,-19128,49391
2014-03-18,COPPER,COPPER,dis,49027,77353,79853,44523,-28326,35330,159542
2014-03-18,EUR,EURO FX,tff,103686,33399,34889,31876,70287,3013,264443
2014-03-18,GBP,BRITISH POUND,tff,134478,28584,7419,100490,105894,-93071,208961
2014-03-18,GOLD,GOLD,dis,183324,46510,164293,310227,136814,-145934,420626
2014-03-18,JPY,JAPANESE YEN,tff,26521,75369,79833,10984,-48848,68849,156922
2014-03-18,NZD,NEW ZEALAND DOLLAR,tff,23334,9942,976,17832,13392,-16856,31463
2014-03-18,OIL,WTI CRUDE OIL,dis,62202,14392,65299,101153,47810,-35854,152104
2014-03-18,SILVER,SILVER,dis,44744,20372,60632,96532,24372,-35900,144578
2014-03-18,USD,US DOLLAR INDEX,tff,8383,36836,13122,153,-28453,12969,51698
2014-03-25,AUD,AUSTRALIAN DOLLAR,tff,25739,35731,25149,9343,-9992,15806,84232
2014-03-25,CAD,CANADIAN DOLLAR,tff,43634,71904,29163,3838,-28270,25325,133246
2014-03-25,CHF,SWISS FRANC,tff,24405,15594,660,16703,8811,-16043,47353
2014-03-25,COPPER,COPPER,dis,45358,78333,79055,42621,-32975,36434,154057
2014-03-25,EUR,EURO FX,tff,95313,35310,42530,26612,60003,15918,262179
2014-03-25,GBP,BRITISH POUND,tff,130224,26035,9965,94041,104189,-84076,202115
2014-03-25,GOLD,GOLD,dis,169083,51766,159979,287600,117317,-127621,398264
2014-03-25,JPY,JAPANESE YEN,tff,22065,75868,93589,9721,-53803,83868,158280
2014-03-25,NZD,NEW ZEALAND DOLLAR,tff,24745,9025,884,20030,15720,-19146,32748
2014-03-25,OIL,WTI CRUDE OIL,dis,62339,13194,66154,101756,49145,-35602,153243
2014-03-25,SILVER,SILVER,dis,45500,26487,60091,91846,19013,-31755,147597
2014-03-25,USD,US DOLLAR INDEX,tff,5122,37812,12455,526,-32690,11929,50393
2014-04-01,AUD,AUSTRALIAN DOLLAR,tff,35355,30372,22418,25431,4983,-3013,93999
2014-04-01,CAD,CANADIAN DOLLAR,tff,30213,62407,26035,4045,-32194,21990,117966
2014-04-01,CHF,SWISS FRANC,tff,24168,16128,3138,15919,8040,-12781,47228
2014-04-01,COPPER,COPPER,dis,45433,71228,76981,44511,-25795,32470,153098
2014-04-01,EUR,EURO FX,tff,89129,37164,47949,26479,51965,21470,260075
2014-04-01,GBP,BRITISH POUND,tff,141351,33275,8124,98318,108076,-90194,211437
2014-04-01,GOLD,GOLD,dis,158152,58007,143575,257604,100145,-114029,363451
2014-04-01,JPY,JAPANESE YEN,tff,32157,96976,115453,10089,-64819,105364,188464
2014-04-01,NZD,NEW ZEALAND DOLLAR,tff,21919,8014,946,20777,13905,-19831,32313
2014-04-01,OIL,WTI CRUDE OIL,dis,62988,13684,60583,91214,49304,-30631,146631
2014-04-01,SILVER,SILVER,dis,44145,29641,61104,89546,14504,-28442,150361
2014-04-01,USD,US DOLLAR INDEX,tff,5793,40036,12457,809,-34243,11648,52151
2014-04-08,AUD,AUSTRALIAN DOLLAR,tff,38593,25557,21824,32365,13036,-10541,96887
2014-04-08,CAD,CANADIAN DOLLAR,tff,30064,60963,25725,7844,-30899,17881,120336
2014-04-08,CHF,SWISS FRANC,tff,18662,13847,9073,14406,4815,-5333,44752
2014-04-08,COPPER,COPPER,dis,45495,63996,76360,51429,-18501,24931,153322
2014-04-08,EUR,EURO FX,tff,78871,41407,58013,26687,37464,31326,261439
2014-04-08,GBP,BRITISH POUND,tff,155023,37067,7659,104778,117956,-97119,226667
2014-04-08,GOLD,GOLD,dis,149693,61094,151954,253697,88599,-101743,365400
2014-04-08,JPY,JAPANESE YEN,tff,24135,90072,112183,13948,-65937,98235,181814
2014-04-08,NZD,NEW ZEALAND DOLLAR,tff,22536,7368,1055,21825,15168,-20770,32898
2014-04-08,OIL,WTI CRUDE OIL,dis,63422,13552,60740,91468,49870,-30728,147241
2014-04-08,SILVER,SILVER,dis,45042,28780,67545,96450,16262,-28905,159316
2014-04-08,USD,US DOLLAR INDEX,tff,5741,31729,9782,8654,-25988,1128,50988
2014-04-15,AUD,AUSTRALIAN DOLLAR,tff,41643,23397,20538,36234,18246,-15696,98933
2014-04-15,CAD,CANADIAN DOLLAR,tff,30066,62794,23729,11506,-32728,12223,119525
2014-04-15,CHF,SWISS FRANC,tff,23292,17389,6634,16371,5903,-9737,48976
2014-04-15,COPPER,COPPER,dis,43429,64895,85856,58519,-21466,27337,164022
2014-04-15,EUR,EURO FX,tff,92934,48114,51748,28306,44820,23442,270722
2014-04-15,GBP,BRITISH POUND,tff,153455,29828,7555,114776,123627,-107221,226688
2014-04-15,GOLD,GOLD,dis,147432,68140,157917,245522,79292,-87605,369577
2014-04-15,JPY,JAPANESE YEN,tff,22729,71705,91562,17182,-48976,74380,164843
2014-04-15,NZD,NEW ZEALAND DOLLAR,tff,22390,7297,1099,21726,15093,-20627,33100
2014-04-15,OIL,WTI CRUDE OIL,dis,64421,14642,60704,92448,49779,-31744,150233
2014-04-15,SILVER,SILVER,dis,45957,32858,74713,98007,13099,-23294,164158
2014-04-15,USD,US DOLLAR INDEX,tff,12540,32936,9851,7765,-20396,2086,52388
2014-04-22,AUD,AUSTRALIAN DOLLAR,tff,50476,23298,18499,47811,27178,-29312,107696
2014-04-22,CAD,CANADIAN DOLLAR,tff,30567,62088,23494,12391,-31521,11103,118707
2014-04-22,CHF,SWISS FRANC,tff,21119,14967,6582,16006,6152,-9424,46888
2014-04-22,COPPER,COPPER,dis,40925,60842,80932,54842,-19917,26090,152890
2014-04-22,EUR,EURO FX,tff,88509,44544,50580,26292,43965,24288,266259
2014-04-22,GBP,BRITISH POUND,tff,162393,34704,7228,118023,127689,-110795,237055
2014-04-22,GOLD,GOLD,dis,146880,65047,162799,253325,81833,-90526,372593
2014-04-22,JPY,JAPANESE YEN,tff,25236,75018,93996,17017,-49782,76979,165674
2014-04-22,NZD,NEW ZEALAND DOLLAR,tff,21831,6009,1103,22814,15822,-21711,32579
2014-04-22,OIL,WTI CRUDE OIL,dis,64914,14651,61431,94058,50263,-32627,151789
2014-04-22,SILVER,SILVER,dis,45868,31751,71987,94760,14117,-22773,157687
2014-04-22,USD,US DOLLAR INDEX,tff,9340,31333,9851,7747,-21993,2104,50260
2014-04-29,AUD,AUSTRALIAN DOLLAR,tff,51973,28927,22228,44291,23046,-22063,109934
2014-04-29,CAD,CANADIAN DOLLAR,tff,32506,60770,23047,15276,-28264,7771,123589
2014-04-29,CHF,SWISS FRANC,tff,21359,15347,6343,16457,6012,-10114,47424
2014-04-29,COPPER,COPPER,dis,42322,56203,72133,51832,-13881,20301,138987
2014-04-29,EUR,EURO FX,tff,88206,48473,50893,29344,39733,21549,271515
2014-04-29,GBP,BRITISH POUND,tff,156816,33623,7645,118040,123193,-110395,236030
2014-04-29,GOLD,GOLD,dis,147769,62542,162815,259986,85227,-97171,378092
2014-04-29,JPY,JAPANESE YEN,tff,20892,76299,99672,15985,-55407,83687,168820
2014-04-29,NZD,NEW ZEALAND DOLLAR,tff,21399,4761,1341,20984,16638,-19643,29858
2014-04-29,OIL,WTI CRUDE OIL,dis,67167,14522,61483,96024,52645,-34541,152751
2014-04-29,SILVER,SILVER,dis,46103,34052,63507,86863,12051,-23356,149341
2014-04-29,USD,US DOLLAR INDEX,tff,9297,34057,9851,7696,-24760,2155,52985
2014-05-06,AUD,AUSTRALIAN DOLLAR,tff,45788,27119,21894,40201,18669,-18307,104936
2014-05-06,CAD,CANADIAN DOLLAR,tff,28839,58410,24692,15184,-29571,9508,122287
2014-05-06,CHF,SWISS FRANC,tff,24489,19454,5554,20443,5035,-14889,55538
2014-05-06,COPPER,COPPER,dis,40898,58351,74484,51816,-17453,22668,142069
2014-05-06,EUR,EURO FX,tff,95027,50047,41059,35135,44980,5924,277013
2014-05-06,GBP,BRITISH POUND,tff,156033,32184,7652,125746,123849,-118094,241264
2014-05-06,GOLD,GOLD,dis,160982,63026,167794,278265,97956,-110471,404700
2014-05-06,JPY,JAPANESE YEN,tff,25799,74461,87569,17973,-48662,69596,167093
2014-05-06,NZD,NEW ZEALAND DOLLAR,tff,23390,4468,2074,22878,18922,-20804,33025
2014-05-06,OIL,WTI CRUDE OIL,dis,64322,11753,58895,93122,52569,-34227,145897
2014-05-06,SILVER,SILVER,dis,45772,35393,63588,83937,10379,-20349,149495
2014-05-06,USD,US DOLLAR INDEX,tff,13211,38657,9862,6647,-25446,3215,59850
2014-05-13,AUD,AUSTRALIAN DOLLAR,tff,51927,22254,20267,49482,29673,-29215,107302
2014-05-13,CAD,CANADIAN DOLLAR,tff,28502,52814,25514,20885,-24312,4629,121632
2014-05-13,CHF,SWISS FRANC,tff,16395,19811,9217,8862,-3416,355,45282
2014-05-13,COPPER,COPPER,dis,48908,58971,72247,57482,-10063,14765,151610
2014-05-13,EUR,EURO FX,tff,67940,59727,60718,25592,8213,35126,268142
2014-05-13,GBP,BRITISH POUND,tff,140876,29298,12986,119711,111578,-106725,230333
2014-05-13,GOLD,GOLD,dis,157176,65542,164941,267262,91634,-102321,397029
2014-05-13,JPY,JAPANESE YEN,tff,24568,74476,90982,15570,-49908,75412,164707
2014-05-13,NZD,NEW ZEALAND DOLLAR,tff,22012,4228,1552,22236,17784,-20684,30932
2014-05-13,OIL,WTI CRUDE OIL,dis,64700,12018,59287,93343,52682,-34056,146736
2014-05-13,SILVER,SILVER,dis,46625,35088,63645,83079,11537,-19434,149922
2014-05-13,USD,US DOLLAR INDEX,tff,8386,33234,10389,6506,-24848,3883,50532
2014-05-20,AUD,AUSTRALIAN DOLLAR,tff,52948,20817,19700,47849,32131,-28149,107613
2014-05-20,CAD,CANADIAN DOLLAR,tff,28339,51672,25401,21276,-23333,4125,121268
2014-05-20,CHF,SWISS FRANC,tff,16837,21986,14344,8475,-5149,5869,48803
2014-05-20,COPPER,COPPER,dis,50971,56564,71468,60812,-5593,10656,150346
2014-05-20,EUR,EURO FX,tff,57288,60999,73464,23477,-3711,49987,268199
2014-05-20,GBP,BRITISH POUND,tff,151947,37204,13946,115263,114743,-101317,237637
2014-05-20,GOLD,GOLD,dis,157398,60907,164289,270299,96491,-106010,399371
2014-05-20,JPY,JAPANESE YEN,tff,24232,64442,81118,28266,-40210,52852,164819
2014-05-20,NZD,NEW ZEALAND DOLLAR,tff,20599,4284,2337,21911,16315,-19574,30556
2014-05-20,OIL,WTI CRUDE OIL,dis,64029,11876,60437,94579,52153,-34142,148447
2014-05-20,SILVER,SILVER,dis,45967,37891,63691,81288,8076,-17597,150164
2014-05-20,USD,US DOLLAR INDEX,tff,6743,32372,10133,6812,-25629,3321,47494
2014-05-27,AUD,AUSTRALIAN DOLLAR,tff,54473,25947,21141,44350,28526,-23209,109139
2014-05-27,CAD,CANADIAN DOLLAR,tff,34701,53942,25172,28125,-19241,-2953,129989
2014-05-27,CHF,SWISS FRANC,tff,11345,19926,19998,8387,-8581,11611,48284
2014-05-27,COPPER,COPPER,dis,52012,56390,73429,61135,-4378,12294,153499
2014-05-27,EUR,EURO FX,tff,50359,64444,88065,22532,-14085,65533,274051
2014-05-27,GBP,BRITISH POUND,tff,153626,34111,13614,120731,119515,-107117,238440
2014-05-27,GOLD,GOLD,dis,155615,82224,162078,240716,73391,-78638,397695
2014-05-27,JPY,JAPANESE YEN,tff,24365,69150,83254,22942,-44785,60312,162820
2014-05-27,NZD,NEW ZEALAND DOLLAR,tff,20150,4379,2425,22419,15771,-19994,30649
2014-05-27,OIL,WTI CRUDE OIL,dis,64487,12479,60534,95312,52008,-34778,150898
2014-05-27,SILVER,SILVER,dis,48126,43038,64976,79206,5088,-14230,156319
2014-05-27,USD,US DOLLAR INDEX,tff,6767,34729,10213,7136,-27962,3077,49243
2014-06-03,AUD,AUSTRALIAN DOLLAR,tff,59587,25159,20448,48746,34428,-28298,110911
2014-06-03,CAD,CANADIAN DOLLAR,tff,34212,55288,25426,27730,-21076,-2304,130275
2014-06-03,CHF,SWISS FRANC,tff,11962,18503,22555,9359,-6541,13196,48936
2014-06-03,COPPER,COPPER,dis,47335,57075,75596,60861,-9740,14735,151783
2014-06-03,EUR,EURO FX,tff,38195,68036,106584,21193,-29841,85391,280747
2014-06-03,GBP,BRITISH POUND,tff,150539,34228,15509,116341,116311,-100832,239604
2014-06-03,GOLD,GOLD,dis,157332,98181,159545,222989,59151,-63444,382141
2014-06-03,JPY,JAPANESE YEN,tff,25798,79927,94759,14965,-54129,79794,171804
2014-06-03,NZD,NEW ZEALAND DOLLAR,tff,20593,4923,1535,20571,15670,-19036,30066
2014-06-03,OIL,WTI CRUDE OIL,dis,57369,10303,50400,84624,47066,-34224,141122
2014-06-03,SILVER,SILVER,dis,49778,49012,65523,75163,766,-9640,161062
2014-06-03,USD,US DOLLAR INDEX,tff,9758,38952,10203,7413,-29194,2790,54011
2014-06-10,AUD,AUSTRALIAN DOLLAR,tff,63378,24671,20845,59610,38707,-38765,128984
2014-06-10,CAD,CANADIAN DOLLAR,tff,33813,53784,22614,22471,-19971,143,125832
2014-06-10,CHF,SWISS FRANC,tff,9751,17180,23525,8754,-7429,14771,52445
2014-06-10,COPPER,COPPER,dis,40089,55418,77138,57193,-15329,19945,147453
2014-06-10,EUR,EURO FX,tff,28211,80460,135220,25794,-52249,109426,331636
2014-06-10,GBP,BRITISH POUND,tff,158171,46970,16548,121212,111201,-104664,271602
2014-06-10,GOLD,GOLD,dis,159567,98440,156553,219703,61127,-63150,378689
2014-06-10,JPY,JAPANESE YEN,tff,25188,85905,97764,16200,-60717,81564,201094
2014-06-10,NZD,NEW ZEALAND DOLLAR,tff,19049,4157,1282,19549,14892,-18267,32946
2014-06-10,OIL,WTI CRUDE OIL,dis,58363,10736,51455,85905,47627,-34450,144106
2014-06-10,SILVER,SILVER,dis,48592,44486,63087,77409,4106,-14322,161532
2014-06-10,USD,US DOLLAR INDEX,tff,11554,36784,9837,7457,-25230,2380,53957
2014-06-17,AUD,AUSTRALIAN DOLLAR,tff,61085,29534,2701,35555,31551,-32854,99400
2014-06-17,CAD,CANADIAN DOLLAR,tff,22357,54152,21019,25774,-31795,-4755,132209
2014-06-17,CHF,SWISS FRANC,tff,15801,11964,5020,2190,3837,2830,32259
2014-06-17,COPPER,COPPER,dis,38162,56201,80925,57657,-18039,23268,151523
2014-06-17,EUR,EURO FX,tff,41530,91462,122240,17681,-49932,104559,285489
2014-06-17,GBP,BRITISH POUND,tff,173283,53009,1934,105766,120274,-103832,250231
2014-06-17,GOLD,GOLD,dis,162052,83757,157023,235348,78295,-78325,379843
2014-06-17,JPY,JAPANESE YEN,tff,20271,80418,84148,7588,-60147,76560,153007
2014-06-17,NZD,NEW ZEALAND DOLLAR,tff,20155,16968,1628,3984,3187,-2356,28467
2014-06-17,OIL,WTI CRUDE OIL,dis,64272,15548,52404,87195,48724,-34791,147460
2014-06-17,SILVER,SILVER,dis,48333,34996,66461,89299,13337,-22838,164576
2014-06-17,USD,US DOLLAR INDEX,tff,13714,20186,10876,29818,-6472,-18942,55245
2014-06-24,AUD,AUSTRALIAN DOLLAR,tff,65126,27017,1319,38262,38109,-36943,101998
2014-06-24,CAD,CANADIAN DOLLAR,tff,23621,43314,10590,15211,-19693,-4621,103193
2014-06-24,CHF,SWISS FRANC,tff,9532,14561,11790,2902,-5029,8888,33599
2014-06-24,COPPER,COPPER,dis,41981,49814,74432,61850,-7833,12582,142413
2014-06-24,EUR,EURO FX,tff,44148,93738,124921,17971,-49590,106950,291244
2014-06-24,GBP,BRITISH POUND,tff,176002,52980,3909,110583,123022,-106674,254369
2014-06-24,GOLD,GOLD,dis,183433,62574,142864,274471,120859,-131607,392388
2014-06-24,JPY,JAPANESE YEN,tff,17172,75625,80770,9012,-58453,71758,148257
2014-06-24,NZD,NEW ZEALAND DOLLAR,tff,23543,17601,1580,6040,5942,-4460,31415
2014-06-24,OIL,WTI CRUDE OIL,dis,67398,16065,53391,88661,51333,-35270,151288
2014-06-24,SILVER,SILVER,dis,54160,24830,58728,101625,29330,-42897,158093
2014-06-24,USD,US DOLLAR INDEX,tff,14517,22095,10783,29781,-7578,-18998,58484
2014-07-01,AUD,AUSTRALIAN DOLLAR,tff,75971,31998,1913,46781,43973,-44868,114918
2014-07-01,CAD,CANADIAN DOLLAR,tff,29219,40340,10697,29589,-11121,-18892,111438
2014-07-01,CHF,SWISS FRANC,tff,10010,17241,11949,1517,-7231,10432,35221
2014-07-01,COPPER,COPPER,dis,52365,54129,71634,66841,-1764,4793,146243
2014-07-01,EUR,EURO FX,tff,40639,92697,123003,17969,-52058,105034,291488
2014-07-01,GBP,BRITISH POUND,tff,176813,50340,2551,111137,126473,-108586,255911
2014-07-01,GOLD,GOLD,dis,201287,55262,135444,295899,146025,-160455,401813
2014-07-01,JPY,JAPANESE YEN,tff,19599,72574,75858,23509,-52975,52349,156480
2014-07-01,NZD,NEW ZEALAND DOLLAR,tff,25260,16330,1625,9156,8930,-7531,33455
2014-07-01,OIL,WTI CRUDE OIL,dis,65842,14367,48182,84178,51475,-35996,142175
2014-07-01,SILVER,SILVER,dis,60392,20093,52495,104450,40299,-51955,156698
2014-07-01,USD,US DOLLAR INDEX,tff,17598,21679,10574,28786,-4081,-18212,58275
2014-07-08,AUD,AUSTRALIAN DOLLAR,tff,65795,25117,1715,38666,40678,-36951,101860
2014-07-08,CAD,CANADIAN DOLLAR,tff,43068,45915,14134,43397,-2847,-29263,128555
2014-07-08,CHF,SWISS FRANC,tff,9446,15986,12000,1770,-6540,10230,35053
2014-07-08,COPPER,COPPER,dis,65579,58447,71522,75439,7132,-3917,161048
2014-07-08,EUR,EURO FX,tff,39902,91011,131401,16599,-51109,114802,294381
2014-07-08,GBP,BRITISH POUND,tff,167457,50649,8530,108837,116808,-100307,254788
2014-07-08,GOLD,GOLD,dis,203464,53443,135998,302001,150021,-166003,410992
2014-07-08,JPY,JAPANESE YEN,tff,16100,74561,84162,22591,-58461,61571,157710
2014-07-08,NZD,NEW ZEALAND DOLLAR,tff,25637,12960,636,11103,12677,-10467,36123
2014-07-08,OIL,WTI CRUDE OIL,dis,68892,14994,47906,85520,53898,-37614,145296
2014-07-08,SILVER,SILVER,dis,67029,19148,51053,109071,47881,-58018,162879
2014-07-08,USD,US DOLLAR INDEX,tff,13794,17995,10574,28477,-4201,-17903,54011
2014-07-15,AUD,AUSTRALIAN DOLLAR,tff,69942,25978,1428,40282,43964,-38854,105209
2014-07-15,CAD,CANADIAN DOLLAR,tff,44633,42955,14739,48192,1678,-33453,129787
2014-07-15,CHF,SWISS FRANC,tff,9194,15061,12027,992,-5867,11035,35007
2014-07-15,COPPER,COPPER,dis,76533,61906,73432,85022,14627,-11590,179412
2014-07-15,EUR,EURO FX,tff,52941,102424,134432,15670,-49483,118762,310661
2014-07-15,GBP,BRITISH POUND,tff,166733,52798,9926,109054,113935,-99128,255115
2014-07-15,GOLD,GOLD,dis,199950,57492,138542,295448,142458,-156906,408368
2014-07-15,JPY,JAPANESE YEN,tff,13647,68318,84732,27713,-54671,57019,155127
2014-07-15,NZD,NEW ZEALAND DOLLAR,tff,25571,12609,762,11352,12962,-10590,32879
2014-07-15,OIL,WTI CRUDE OIL,dis,69377,16148,49331,87416,53229,-38085,147753
2014-07-15,SILVER,SILVER,dis,65907,16629,49410,108106,49278,-58696,162447
2014-07-15,USD,US DOLLAR INDEX,tff,12696,18463,10937,28474,-5767,-17537,53919
2014-07-22,AUD,AUSTRALIAN DOLLAR,tff,71605,27821,1593,43872,43784,-42279,109341
2014-07-22,CAD,CANADIAN DOLLAR,tff,43845,39968,14675,50759,3877,-36084,129188
2014-07-22,CHF,SWISS FRANC,tff,10048,17022,15132,57,-6974,15075,38359
2014-07-22,COPPER,COPPER,dis,70091,61289,75052,81909,8802,-6857,180479
2014-07-22,EUR,EURO FX,tff,58693,125676,155038,13639,-66983,141399,339706
2014-07-22,GBP,BRITISH POUND,tff,152059,50865,11792,96954,101194,-85162,241155
2014-07-22,GOLD,GOLD,dis,197835,51689,134809,295000,146146,-160191,405617
2014-07-22,JPY,JAPANESE YEN,tff,17045,63261,84823,37392,-46216,47431,162029
2014-07-22,NZD,NEW ZEALAND DOLLAR,tff,25013,12656,1058,12842,12357,-11784,32728
2014-07-22,OIL,WTI CRUDE OIL,dis,72092,16168,54810,91480,55924,-36670,151110
2014-07-22,SILVER,SILVER,dis,64277,16752,49553,107900,47525,-58347,162485
2014-07-22,USD,US DOLLAR INDEX,tff,15930,22155,11328,28998,-6225,-17670,57646
2014-07-29,AUD,AUSTRALIAN DOLLAR,tff,68254,23240,2829,43072,45014,-40243,106836
2014-07-29,CAD,CANADIAN DOLLAR,tff,38772,31346,14554,54184,7426,-39630,122619
2014-07-29,CHF,SWISS FRANC,tff,11007,20516,20678,39,-9509,20639,44022
2014-07-29,COPPER,COPPER,dis,63838,59519,74519,77068,4319,-2549,175017
2014-07-29,EUR,EURO FX,tff,61074,143273,171311,13610,-82199,157701,356865
2014-07-29,GBP,BRITISH POUND,tff,151461,54490,10315,86866,96971,-76551,237411
2014-07-29,GOLD,GOLD,dis,188980,49827,126297,275229,139153,-148932,374467
2014-07-29,JPY,JAPANESE YEN,tff,17776,76713,95609,26794,-58937,68815,172210
2014-07-29,NZD,NEW ZEALAND DOLLAR,tff,22164,10433,1861,13761,11731,-11900,30531
2014-07-29,OIL,WTI CRUDE OIL,dis,73154,16379,55550,93205,56775,-37655,153498
2014-07-29,SILVER,SILVER,dis,59030,14918,51091,107674,44112,-56583,158558
2014-07-29,USD,US DOLLAR INDEX,tff,28335,38587,12031,30232,-10252,-18201,74037
2014-08-05,AUD,AUSTRALIAN DOLLAR,tff,61265,22498,4462,31590,38767,-27128,98196
2014-08-05,CAD,CANADIAN DOLLAR,tff,31324,24322,14029,49373,7002,-35344,115261
2014-08-05,CHF,SWISS FRANC,tff,11792,28738,34956,1605,-16946,33351,57238
2014-08-05,COPPER,COPPER,dis,62107,54601,75480,80401,7506,-4921,171323
2014-08-05,EUR,EURO FX,tff,58092,163345,196767,14657,-105253,182110,379004
2014-08-05,GBP,BRITISH POUND,tff,137891,57894,23326,73549,79997,-50223,230801
2014-08-05,GOLD,GOLD,dis,176386,54923,123492,255134,121463,-131642,360342
2014-08-05,JPY,JAPANESE YEN,tff,23451,100618,111391,10849,-77167,100542,192906
2014-08-05,NZD,NEW ZEALAND DOLLAR,tff,17245,6446,2106,12566,10799,-10460,25603
2014-08-05,OIL,WTI CRUDE OIL,dis,68308,14710,51296,89247,53598,-37951,144800
2014-08-05,SILVER,SILVER,dis,54165,19802,52922,101125,34363,-48203,157578
2014-08-05,USD,US DOLLAR INDEX,tff,34175,43543,12317,33441,-9368,-21124,82000
2014-08-12,AUD,AUSTRALIAN DOLLAR,tff,55276,20409,9662,30199,34867,-20537,94030
2014-08-12,CAD,CANADIAN DOLLAR,tff,25306,22912,14780,42058,2394,-27278,108979
2014-08-12,CHF,SWISS FRANC,tff,7940,23252,34216,1457,-15312,32759,51981
2014-08-12,COPPER,COPPER,dis,47168,48601,76654,73411,-1433,3243,153657
2014-08-12,EUR,EURO FX,tff,54781,159247,199980,16316,-104466,183664,376424
2014-08-12,GBP,BRITISH POUND,tff,132642,52757,26450,72755,79885,-46305,223719
2014-08-12,GOLD,GOLD,dis,191325,43644,113862,274549,147681,-160687,368114
2014-08-12,JPY,JAPANESE YEN,tff,25113,94908,108904,28040,-69795,80864,192140
2014-08-12,NZD,NEW ZEALAND DOLLAR,tff,16142,6494,2157,11714,9648,-9557,25214
2014-08-12,OIL,WTI CRUDE OIL,dis,68568,14938,50158,88614,53630,-38456,144841
2014-08-12,SILVER,SILVER,dis,53942,24245,57024,100750,29697,-43726,158219
2014-08-12,USD,US DOLLAR INDEX,tff,34925,44992,12938,33240,-10067,-20302,84214
2014-08-19,AUD,AUSTRALIAN DOLLAR,tff,66448,23915,3258,33603,42533,-30345,103432
2014-08-19,CAD,CANADIAN DOLLAR,tff,25211,31965,18688,36707,-6754,-18019,113301
2014-08-19,CHF,SWISS FRANC,tff,8483,21992,31958,1680,-13509,30278,50414
2014-08-19,COPPER,COPPER,dis,44060,50174,78516,69643,-6114,8873,152025
2014-08-19,EUR,EURO FX,tff,59429,176719,208273,18177,-117290,190096,396460
2014-08-19,GBP,BRITISH POUND,tff,126179,61213,46718,73026,64966,-26308,237291
2014-08-19,GOLD,GOLD,dis,183846,45870,122377,270039,137976,-147662,366401
2014-08-19,JPY,JAPANESE YEN,tff,31725,105370,113309,18072,-73645,95237,203180
2014-08-19,NZD,NEW ZEALAND DOLLAR,tff,15546,6824,2384,9956,8722,-7572,24048
2014-08-19,OIL,WTI CRUDE OIL,dis,69025,14812,51761,91049,54213,-39288,149876
2014-08-19,SILVER,SILVER,dis,53677,29526,60527,97910,24151,-37383,164893
2014-08-19,USD,US DOLLAR INDEX,tff,38269,49755,13350,33228,-11486,-19878,89417
2014-08-26,AUD,AUSTRALIAN DOLLAR,tff,72762,23349,2526,38253,49413,-35727,107819
2014-08-26,CAD,CANADIAN DOLLAR,tff,22450,30446,19363,34899,-7996,-15536,108441
2014-08-26,CHF,SWISS FRANC,tff,9435,20706,30591,1628,-11271,28963,53761
2014-08-26,COPPER,COPPER,dis,46253,46126,74400,71722,127,2678,146526
2014-08-26,EUR,EURO FX,tff,52160,178320,217173,18511,-126160,198662,402709
2014-08-26,GBP,BRITISH POUND,tff,109013,56015,61761,72832,52998,-11071,233435
2014-08-26,GOLD,GOLD,dis,172022,58853,127433,250981,113169,-123548,363608
2014-08-26,JPY,JAPANESE YEN,tff,31770,122202,128155,7250,-90432,120905,218009
2014-08-26,NZD,NEW ZEALAND DOLLAR,tff,15090,7151,2377,9364,7939,-6987,23619
2014-08-26,OIL,WTI CRUDE OIL,dis,64094,14653,51588,91775,49441,-40187,151640
2014-08-26,SILVER,SILVER,dis,55545,33021,60343,97662,22524,-37319,164262
2014-08-26,USD,US DOLLAR INDEX,tff,38130,50256,13783,33328,-12126,-19545,90807
2014-09-02,AUD,AUSTRALIAN DOLLAR,tff,77816,21970,2104,44334,55846,-42230,114146
2014-09-02,CAD,CANADIAN DOLLAR,tff,20890,24962,18078,39647,-4072,-21569,105984
2014-09-02,CHF,SWISS FRANC,tff,11109,22415,33012,1984,-11306,31028,60436
2014-09-02,COPPER,COPPER,dis,43075,46865,72330,63393,-3790,8937,136370
2014-09-02,EUR,EURO FX,tff,61387,188588,230734,19784,-127201,210950,419850
2014-09-02,GBP,BRITISH POUND,tff,107623,57851,72581,74580,49772,-1999,238973
2014-09-02,GOLD,GOLD,dis,172522,75643,134701,238408,96879,-103707,371515
2014-09-02,JPY,JAPANESE YEN,tff,26430,130130,143384,8272,-103700,135112,230937
2014-09-02,NZD,NEW ZEALAND DOLLAR,tff,14148,8325,3193,8102,5823,-4909,23319
2014-09-02,OIL,WTI CRUDE OIL,dis,58805,13666,48523,86205,45139,-37682,143444
2014-09-02,SILVER,SILVER,dis,59472,39917,57555,89850,19555,-32295,162307
2014-09-02,USD,US DOLLAR INDEX,tff,35735,47137,13805,33072,-11402,-19267,87783
2014-09-09,AUD,AUSTRALIAN DOLLAR,tff,75101,25654,2242,36225,49447,-33983,126831
2014-09-09,CAD,CANADIAN DOLLAR,tff,19950,20404,20022,38282,-454,-18260,102951
2014-09-09,CHF,SWISS FRANC,tff,11934,23709,34804,3192,-11775,31612,77317
2014-09-09,COPPER,COPPER,dis,48401,57920,75177,60572,-9519,14605,144047
2014-09-09,EUR,EURO FX,tff,67831,186378,228008,27374,-118547,200634,484306
2014-09-09,GBP,BRITISH POUND,tff,103814,56494,94051,84818,47320,9233,256591
2014-09-09,GOLD,GOLD,dis,177555,82414,141921,239876,95141,-97955,384341
2014-09-09,JPY,JAPANESE YEN,tff,28874,115498,130762,6892,-86624,123870,255624
2014-09-09,NZD,NEW ZEALAND DOLLAR,tff,12618,8277,4007,7990,4341,-3983,24920
2014-09-09,OIL,WTI CRUDE OIL,dis,66347,13662,48874,88276,52685,-39402,145449
2014-09-09,SILVER,SILVER,dis,58910,42373,59823,89776,16537,-29953,165281
2014-09-09,USD,US DOLLAR INDEX,tff,32714,49330,13991,33038,-16616,-19047,89540
2014-09-16,AUD,AUSTRALIAN DOLLAR,tff,57012,21537,17520,19562,35475,-2042,97839
2014-09-16,CAD,CANADIAN DOLLAR,tff,24281,27657,23999,34272,-3376,-10273,110275
2014-09-16,CHF,SWISS FRANC,tff,13819,23725,31946,1869,-9906,30077,54929
2014-09-16,COPPER,COPPER,dis,48575,62031,75914,56323,-13456,19591,143370
2014-09-16,EUR,EURO FX,tff,80424,182280,185302,16873,-101856,168429,397652
2014-09-16,GBP,BRITISH POUND,tff,73666,43077,16852,7370,30589,9482,134560
2014-09-16,GOLD,GOLD,dis,170749,98562,145480,221723,72187,-76243,386080
2014-09-16,JPY,JAPANESE YEN,tff,36991,113583,112322,3664,-76592,108658,208235
2014-09-16,NZD,NEW ZEALAND DOLLAR,tff,9064,8542,2310,3057,522,-747,16050
2014-09-16,OIL,WTI CRUDE OIL,dis,69330,13837,49146,88932,55493,-39786,146563
2014-09-16,SILVER,SILVER,dis,58536,47624,64619,88178,10912,-23559,171260
2014-09-16,USD,US DOLLAR INDEX,tff,35354,30529,14006,56131,4825,-42125,90930
2014-09-23,AUD,AUSTRALIAN DOLLAR,tff,54736,23167,26162,18000,31569,8162,105756
2014-09-23,CAD,CANADIAN DOLLAR,tff,15060,24806,4781,8071,-9746,-3290,76530
2014-09-23,CHF,SWISS FRANC,tff,9774,21319,33320,2401,-11545,30919,52124
2014-09-23,COPPER,COPPER,dis,51273,70968,80785,53954,-19695,26831,152016
2014-09-23,EUR,EURO FX,tff,61813,170386,193302,19225,-108573,174077,398937
2014-09-23,GBP,BRITISH POUND,tff,73876,36900,15086,8023,36976,7063,134061
2014-09-23,GOLD,GOLD,dis,170382,106498,148615,212934,63884,-64319,385788
2014-09-23,JPY,JAPANESE YEN,tff,30416,124263,127486,4589,-93847,122897,222214
2014-09-23,NZD,NEW ZEALAND DOLLAR,tff,9179,7451,2254,3603,1728,-1349,16146
2014-09-23,OIL,WTI CRUDE OIL,dis,69867,13659,50293,89820,56208,-39527,148753
2014-09-23,SILVER,SILVER,dis,55602,46780,67047,83814,8822,-16767,170393
2014-09-23,USD,US DOLLAR INDEX,tff,36007,31038,13275,56464,4969,-43189,93016
2014-09-30,AUD,AUSTRALIAN DOLLAR,tff,47917,29047,44470,17003,18870,27467,118488
2014-09-30,CAD,CANADIAN DOLLAR,tff,20147,35510,7131,6665,-15363,466,89376
2014-09-30,CHF,SWISS FRANC,tff,13490,24816,35129,3032,-11326,32097,57223
2014-09-30,COPPER,COPPER,dis,52035,75466,85536,52955,-23431,32581,160389
2014-09-30,EUR,EURO FX,tff,65812,164819,199628,27283,-99007,172345,409986
2014-09-30,GBP,BRITISH POUND,tff,75814,31702,9989,12717,44112,-2728,132369
2014-09-30,GOLD,GOLD,dis,171075,106205,145396,206125,64870,-60729,379874
2014-09-30,JPY,JAPANESE YEN,tff,35592,130165,140967,7629,-94573,133338,239477
2014-09-30,NZD,NEW ZEALAND DOLLAR,tff,10205,9249,3082,2589,956,493,18209
2014-09-30,OIL,WTI CRUDE OIL,dis,72062,15544,51925,90081,56518,-38156,151281
2014-09-30,SILVER,SILVER,dis,58730,52104,68945,84406,6626,-15461,173222
2014-09-30,USD,US DOLLAR INDEX,tff,33916,34000,13596,56357,-84,-42761,95588
2014-10-07,AUD,AUSTRALIAN DOLLAR,tff,39513,42535,64159,14773,-3022,49386,129561
2014-10-07,CAD,CANADIAN DOLLAR,tff,25768,45060,10358,5313,-19292,5045,100900
2014-10-07,CHF,SWISS FRANC,tff,16308,28198,35977,3555,-11890,32422,60516
2014-10-07,COPPER,COPPER,dis,54483,79479,88398,54408,-24996,33990,167622
2014-10-07,EUR,EURO FX,tff,60122,166201,219948,29711,-106079,190237,425656
2014-10-07,GBP,BRITISH POUND,tff,65834,26095,19469,14584,39739,4885,129666
2014-10-07,GOLD,GOLD,dis,174075,107628,143466,206873,66447,-63407,380087
2014-10-07,JPY,JAPANESE YEN,tff,27877,117443,123682,4361,-89566,119321,223255
2014-10-07,NZD,NEW ZEALAND DOLLAR,tff,9522,9227,5231,3877,295,1354,19214
2014-10-07,OIL,WTI CRUDE OIL,dis,67728,16858,46532,82560,50870,-36028,142318
2014-10-07,SILVER,SILVER,dis,58526,49584,67816,84056,8942,-16240,171283
2014-10-07,USD,US DOLLAR INDEX,tff,34176,33374,14219,56085,802,-41866,94286
2014-10-14,AUD,AUSTRALIAN DOLLAR,tff,24986,35471,69036,14548,-10485,54488,115941
2014-10-14,CAD,CANADIAN DOLLAR,tff,21753,50355,16316,1963,-28602,14353,104060
2014-10-14,CHF,SWISS FRANC,tff,12054,28921,41370,3812,-16867,37558,60968
2014-10-14,COPPER,COPPER,dis,54973,78838,86037,52582,-23865,33455,167530
2014-10-14,EUR,EURO FX,tff,56164,176761,234639,34969,-120597,199670,434873
2014-10-14,GBP,BRITISH POUND,tff,58279,24035,38987,16869,34244,22118,138471
2014-10-14,GOLD,GOLD,dis,193580,108165,140637,219460,85415,-78823,397855
2014-10-14,JPY,JAPANESE YEN,tff,22986,106146,120134,8161,-83160,111973,212420
2014-10-14,NZD,NEW ZEALAND DOLLAR,tff,8851,10333,8640,3986,-1482,4654,21317
2014-10-14,OIL,WTI CRUDE OIL,dis,68485,18156,46734,83443,50329,-36709,144101
2014-10-14,SILVER,SILVER,dis,58188,50451,66900,83160,7737,-16260,169329
2014-10-14,USD,US DOLLAR INDEX,tff,33629,30865,15012,56428,2764,-41416,92018
2014-10-21,AUD,AUSTRALIAN DOLLAR,tff,24626,35654,70197,14345,-11028,55852,115985
2014-10-21,CAD,CANADIAN DOLLAR,tff,14930,48726,22117,1118,-33796,20999,102170
2014-10-21,CHF,SWISS FRANC,tff,8496,25727,39675,3649,-17231,36026,55550
2014-10-21,COPPER,COPPER,dis,54569,82309,92601,55057,-27740,37544,175541
2014-10-21,EUR,EURO FX,tff,58283,182016,237053,36007,-123733,201046,439863
2014-10-21,GBP,BRITISH POUND,tff,44554,21503,49968,15794,23051,34174,135766
2014-10-21,GOLD,GOLD,dis,207129,99145,139429,244327,107984,-104898,411057
2014-10-21,JPY,JAPANESE YEN,tff,28580,82071,89552,9817,-53491,79735,185412
2014-10-21,NZD,NEW ZEALAND DOLLAR,tff,7835,9926,9320,3684,-2091,5636,21311
2014-10-21,OIL,WTI CRUDE OIL,dis,71038,18036,48464,88149,53002,-39685,147732
2014-10-21,SILVER,SILVER,dis,57236,50405,70098,84689,6831,-14591,170192
2014-10-21,USD,US DOLLAR INDEX,tff,26781,19379,15759,56002,7402,-40243,80315
2014-10-28,AUD,AUSTRALIAN DOLLAR,tff,28984,38342,68582,15561,-9358,53021,120071
2014-10-28,CAD,CANADIAN DOLLAR,tff,11516,45908,21162,475,-34392,20687,99309
2014-10-28,CHF,SWISS FRANC,tff,7673,27357,40831,3447,-19684,37384,57006
2014-10-28,COPPER,COPPER,dis,54392,75749,90853,59728,-21357,31125,169924
2014-10-28,EUR,EURO FX,tff,54852,186066,241419,33927,-131214,207492,441369
2014-10-28,GBP,BRITISH POUND,tff,48910,27430,45058,15363,21480,29695,138661
2014-10-28,GOLD,GOLD,dis,195885,95146,146345,245209,100739,-98864,414410
2014-10-28,JPY,JAPANESE YEN,tff,28276,74566,87199,14450,-46290,72749,184120
2014-10-28,NZD,NEW ZEALAND DOLLAR,tff,7538,11370,10012,3704,-3832,6308,22023
2014-10-28,OIL,WTI CRUDE OIL,dis,74144,19020,49359,90730,55124,-41371,149631
2014-10-28,SILVER,SILVER,dis,57469,51537,71215,85370,5932,-14155,173733
2014-10-28,USD,US DOLLAR INDEX,tff,26163,18438,16021,55922,7725,-39901,79369
2014-11-04,AUD,AUSTRALIAN DOLLAR,tff,26503,38738,74265,12793,-12235,61472,123342
2014-11-04,CAD,CANADIAN DOLLAR,tff,11987,49931,26018,315,-37944,25703,104720
2014-11-04,CHF,SWISS FRANC,tff,8992,28256,42095,3589,-19264,38506,59699
2014-11-04,COPPER,COPPER,dis,47492,73355,94794,58919,-25863,35875,164942
2014-11-04,EUR,EURO FX,tff,55669,194303,260855,33545,-138634,227310,465332
2014-11-04,GBP,BRITISH POUND,tff,51460,32128,51571,16173,19332,35398,144215
2014-11-04,GOLD,GOLD,dis,176899,113674,161667,216974,63225,-55307,417377
2014-11-04,JPY,JAPANESE YEN,tff,33288,91103,100140,8743,-57815,91397,207974
2014-11-04,NZD,NEW ZEALAND DOLLAR,tff,9071,13217,10523,3053,-4146,7470,23716
2014-11-04,OIL,WTI CRUDE OIL,dis,68226,17958,44563,83609,50268,-39046,140967
2014-11-04,SILVER,SILVER,dis,58088,51146,73977,86385,6942,-12408,176463
2014-11-04,USD,US DOLLAR INDEX,tff,26477,32305,16772,56249,-5828,-39477,92157
2014-11-11,AUD,AUSTRALIAN DOLLAR,tff,24150,35562,78600,13358,-11412,65242,123726
2014-11-11,CAD,CANADIAN DOLLAR,tff,16128,54303,25861,546,-38175,25315,108445
2014-11-11,CHF,SWISS FRANC,tff,9457,31422,42407,3481,-21965,38926,61280
2014-11-11,COPPER,COPPER,dis,48196,73757,95350,57969,-25561,37381,170361
2014-11-11,EUR,EURO FX,tff,54932,184026,260884,50344,-129094,210540,463976
2014-11-11,GBP,BRITISH POUND,tff,51993,34820,53803,17874,17173,35929,151660
2014-11-11,GOLD,GOLD,dis,177268,121225,184326,234350,56043,-50024,443422
2014-11-11,JPY,JAPANESE YEN,tff,39040,102178,116647,11223,-63138,105424,227576
2014-11-11,NZD,NEW ZEALAND DOLLAR,tff,8304,9339,7550,3029,-1035,4521,19809
2014-11-11,OIL,WTI CRUDE OIL,dis,68809,17721,45219,83504,51088,-38285,142322
2014-11-11,SILVER,SILVER,dis,57465,47033,69712,87324,10432,-17612,170684
2014-11-11,USD,US DOLLAR INDEX,tff,27086,30873,16735,56639,-3787,-39904,95206
2014-11-18,AUD,AUSTRALIAN DOLLAR,tff,21071,32894,75749,12900,-11823,62849,117859
2014-11-18,CAD,CANADIAN DOLLAR,tff,15147,51646,25924,703,-36499,25221,106914
2014-11-18,CHF,SWISS FRANC,tff,9551,30828,41168,3347,-21277,37821,60718
2014-11-18,COPPER,COPPER,dis,52968,77573,89399,53946,-24605,35453,176417
2014-11-18,EUR,EURO FX,tff,52016,186132,261649,49513,-134116,212136,465168
2014-11-18,GBP,BRITISH POUND,tff,51823,45048,69281,17299,6775,51982,166966
2014-11-18,GOLD,GOLD,dis,187955,106533,193668,264665,81422,-70997,459657
2014-11-18,JPY,JAPANESE YEN,tff,39378,113035,126680,9072,-73657,117608,238898
2014-11-18,NZD,NEW ZEALAND DOLLAR,tff,8137,9374,7380,3240,-1237,4140,19907
2014-11-18,OIL,WTI CRUDE OIL,dis,69449,17999,45516,84577,51450,-39061,143485
2014-11-18,SILVER,SILVER,dis,56831,45077,74136,92503,11754,-18367,173075
2014-11-18,USD,US DOLLAR INDEX,tff,28404,29845,15409,56694,-1441,-41285,90731
2014-11-25,AUD,AUSTRALIAN DOLLAR,tff,23834,36504,78695,11035,-12670,67660,127008
2014-11-25,CAD,CANADIAN DOLLAR,tff,15811,48395,20932,1649,-32584,19283,102393
2014-11-25,CHF,SWISS FRANC,tff,8369,31263,40654,3061,-22894,37593,61037
2014-11-25,COPPER,COPPER,dis,55391,83669,81388,44220,-28278,37168,160924
2014-11-25,EUR,EURO FX,tff,52559,180788,260302,51029,-128229,209273,465339
2014-11-25,GBP,BRITISH POUND,tff,41559,48194,84824,15990,-6635,68834,171730
2014-11-25,GOLD,GOLD,dis,167394,91187,156334,224819,76207,-68485,388145
2014-11-25,JPY,JAPANESE YEN,tff,39754,117825,137981,6358,-78071,131623,253976
2014-11-25,NZD,NEW ZEALAND DOLLAR,tff,9077,10720,7270,3001,-1643,4269,21096
2014-11-25,OIL,WTI CRUDE OIL,dis,80670,17663,35210,85234,63007,-50024,147576
2014-11-25,SILVER,SILVER,dis,52883,37427,65268,87311,15456,-22043,156984
2014-11-25,USD,US DOLLAR INDEX,tff,30196,34246,16310,56963,-4050,-40653,98005
2014-12-02,AUD,AUSTRALIAN DOLLAR,tff,24327,44543,82168,11144,-20216,71024,133675
2014-12-02,CAD,CANADIAN DOLLAR,tff,12724,44786,22001,1940,-32062,20061,101752
2014-12-02,CHF,SWISS FRANC,tff,8837,31006,40639,3067,-22169,37572,63659
2014-12-02,COPPER,COPPER,dis,50746,84928,87855,41272,-34182,46583,159261
2014-12-02,EUR,EURO FX,tff,54669,174780,249872,51923,-120111,197949,462058
2014-12-02,GBP,BRITISH POUND,tff,40141,48274,88838,15989,-8133,72849,174875
2014-12-02,GOLD,GOLD,dis,170635,81305,135777,225185,89330,-89408,368121
2014-12-02,JPY,JAPANESE YEN,tff,36986,115410,142745,4499,-78424,138246,257828
2014-12-02,NZD,NEW ZEALAND DOLLAR,tff,8667,9789,6553,3080,-1122,3473,20448
2014-12-02,OIL,WTI CRUDE OIL,dis,72729,15956,33315,78439,56773,-45124,136384
2014-12-02,SILVER,SILVER,dis,50686,29095,62023,88609,21591,-26586,148422
2014-12-02,USD,US DOLLAR INDEX,tff,31133,34162,16106,57085,-3029,-40979,97454
2014-12-09,AUD,AUSTRALIAN DOLLAR,tff,28863,53716,88056,9092,-24853,78964,159287
2014-12-09,CAD,CANADIAN DOLLAR,tff,14705,44259,27707,6438,-29554,21269,109650
2014-12-09,CHF,SWISS FRANC,tff,9719,30748,40920,3836,-21029,37084,78496
2014-12-09,COPPER,COPPER,dis,47171,80129,84548,40338,-32958,44210,152267
2014-12-09,EUR,EURO FX,tff,62299,149894,240542,69037,-87595,171505,477861
2014-12-09,GBP,BRITISH POUND,tff,37121,42383,96319,28896,-5262,67423,192104
2014-12-09,GOLD,GOLD,dis,186861,71999,125091,241692,114862,-116601,375323
2014-12-09,JPY,JAPANESE YEN,tff,35286,104216,138885,15715,-68930,123170,279859
2014-12-09,NZD,NEW ZEALAND DOLLAR,tff,8073,11160,8306,3273,-3087,5033,23550
2014-12-09,OIL,WTI CRUDE OIL,dis,74064,15482,33198,78694,58582,-45496,137631
2014-12-09,SILVER,SILVER,dis,52129,23670,59448,94805,28459,-35357,148195
2014-12-09,USD,US DOLLAR INDEX,tff,30515,31280,16719,57027,-765,-40308,94289
2014-12-16,AUD,AUSTRALIAN DOLLAR,tff,31923,54340,61551,928,-22417,60623,116787
2014-12-16,CAD,CANADIAN DOLLAR,tff,14868,42724,27168,6270,-27856,20898,129475
2014-12-16,CHF,SWISS FRANC,tff,21980,21416,20072,2509,564,17563,51377
2014-12-16,COPPER,COPPER,dis,47122,76837,84046,41356,-29715,42690,152045
2014-12-16,EUR,EURO FX,tff,37772,140458,169095,9503,-102686,159592,368171
2014-12-16,GBP,BRITISH POUND,tff,35739,34603,65156,6380,1136,58776,137581
2014-12-16,GOLD,GOLD,dis,182147,63739,132868,247959,118408,-115091,371743
2014-12-16,JPY,JAPANESE YEN,tff,33384,102332,80020,5313,-68948,74707,227685
2014-12-16,NZD,NEW ZEALAND DOLLAR,tff,8275,9483,5207,0,-1208,5207,18447
2014-12-16,OIL,WTI CRUDE OIL,dis,75144,14470,29155,76349,60674,-47194,135827
2014-12-16,SILVER,SILVER,dis,52921,26432,62195,96192,26489,-33997,150199
2014-12-16,USD,US DOLLAR INDEX,tff,26206,28998,15407,54405,-2792,-38998,87377
2014-12-23,AUD,AUSTRALIAN DOLLAR,tff,30540,56108,65050,1379,-25568,63671,118773
2014-12-23,CAD,CANADIAN DOLLAR,tff,19603,39696,16619,1571,-20093,15048,98477
2014-12-23,CHF,SWISS FRANC,tff,10551,21749,34392,2560,-11198,31832,55021
2014-12-23,COPPER,COPPER,dis,43503,75702,87515,43435,-32199,44080,152816
2014-12-23,EUR,EURO FX,tff,23487,151153,190661,11119,-127666,179542,376849
2014-12-23,GBP,BRITISH POUND,tff,33128,34777,70152,6624,-1649,63528,141455
2014-12-23,GOLD,GOLD,dis,180980,70070,134796,240021,110910,-105225,375212
2014-12-23,JPY,JAPANESE YEN,tff,18258,98666,94556,8709,-80408,85847,226107
2014-12-23,NZD,NEW ZEALAND DOLLAR,tff,8361,10309,6445,0,-1948,6445,19295
2014-12-23,OIL,WTI CRUDE OIL,dis,67706,14333,38952,79029,53373,-40077,136413
2014-12-23,SILVER,SILVER,dis,52057,25744,62444,96176,26313,-33732,149149
2014-12-23,USD,US DOLLAR INDEX,tff,30422,34857,16640,55830,-4435,-39190,94321
2014-12-30,AUD,AUSTRALIAN DOLLAR,tff,27759,54705,66806,1377,-26946,65429,120316
2014-12-30,CAD,CANADIAN DOLLAR,tff,18485,40519,17404,1331,-22034,16073,97308
2014-12-30,CHF,SWISS FRANC,tff,11060,24121,37581,2504,-13061,35077,57951
2014-12-30,COPPER,COPPER,dis,44538,79591,92094,45609,-35053,46485,159107
2014-12-30,EUR,EURO FX,tff,24362,155817,198138,11802,-131455,186336,386295
2014-12-30,GBP,BRITISH POUND,tff,32230,36904,71161,6136,-4674,65025,143660
2014-12-30,GOLD,GOLD,dis,182897,67060,125818,238952,115837,-113134,373982
2014-12-30,JPY,JAPANESE YEN,tff,17692,103614,94640,9295,-85922,85345,226629
2014-12-30,NZD,NEW ZEALAND DOLLAR,tff,7170,8919,6338,0,-1749,6338,18071
2014-12-30,OIL,WTI CRUDE OIL,dis,67780,14333,38952,79938,53447,-40986,136339
2014-12-30,SILVER,SILVER,dis,54126,24104,60612,99248,30022,-38636,149594
2014-12-30,USD,US DOLLAR INDEX,tff,32297,47498,17324,55751,-15201,-38427,106538
2015-01-06,AUD,AUSTRALIAN DOLLAR,tff,18531,55127,75867,625,-36596,75242,122205
2015-01-06,CAD,CANADIAN DOLLAR,tff,19410,43201,19879,1751,-23791,18128,103775
2015-01-06,CHF,SWISS FRANC,tff,7745,28910,46759,2434,-21165,44325,64427
2015-01-06,COPPER,COPPER,dis,45928,87193,99196,45205,-41265,53991,170037
2015-01-06,EUR,EURO FX,tff,26680,162045,218154,13695,-135365,204459,406624
2015-01-06,GBP,BRITISH POUND,tff,42547,43388,81932,6540,-841,75392,161876
2015-01-06,GOLD,GOLD,dis,187705,65527,130427,253099,122178,-122672,394021
2015-01-06,JPY,JAPANESE YEN,tff,19468,100586,94241,12046,-81118,82195,228954
2015-01-06,NZD,NEW ZEALAND DOLLAR,tff,9043,9412,5947,0,-369,5947,19437
2015-01-06,OIL,WTI CRUDE OIL,dis,59069,14739,38850,67955,44330,-29105,125067
2015-01-06,SILVER,SILVER,dis,54911,22872,62455,102064,32039,-39609,152879
2015-01-06,USD,US DOLLAR INDEX,tff,41559,42542,17810,79588,-983,-61778,126083
2015-01-13,AUD,AUSTRALIAN DOLLAR,tff,15649,51019,74038,864,-35370,73174,119819
2015-01-13,CAD,CANADIAN DOLLAR,tff,15733,42805,22920,1625,-27072,21295,105003
2015-01-13,CHF,SWISS FRANC,tff,6561,30172,49575,2554,-23611,47021,66272
2015-01-13,COPPER,COPPER,dis,53398,89221,94170,46356,-35823,47814,179459
2015-01-13,EUR,EURO FX,tff,30839,167542,227040,12119,-136703,214921,422426
2015-01-13,GBP,BRITISH POUND,tff,45756,61081,97843,8283,-15325,89560,178563
2015-01-13,GOLD,GOLD,dis,192959,62733,129436,267112,130226,-137676,402108
2015-01-13,JPY,JAPANESE YEN,tff,12467,101827,105877,12208,-89360,93669,231223
2015-01-13,NZD,NEW ZEALAND DOLLAR,tff,6931,9229,7739,0,-2298,7739,21064
2015-01-13,OIL,WTI CRUDE OIL,dis,59728,13473,39114,68044,46255,-28930,124832
2015-01-13,SILVER,SILVER,dis,59808,19869,61363,108167,39939,-46804,157282
2015-01-13,USD,US DOLLAR INDEX,tff,43140,34268,14111,88411,8872,-74300,127504
2015-01-20,AUD,AUSTRALIAN DOLLAR,tff,11429,46173,73934,342,-34744,73592,110904
2015-01-20,CAD,CANADIAN DOLLAR,tff,15921,45215,29404,1396,-29294,28008,111631
2015-01-20,CHF,SWISS FRANC,tff,10087,21055,25986,5686,-10968,20300,47236
2015-01-20,COPPER,COPPER,dis,46328,83113,94261,44335,-36785,49926,172846
2015-01-20,EUR,EURO FX,tff,32373,176807,247118,13740,-144434,233378,450262
2015-01-20,GBP,BRITISH POUND,tff,35739,61053,109230,7604,-25314,101626,182860
2015-01-20,GOLD,GOLD,dis,223257,60802,120946,298756,162455,-177810,430128
2015-01-20,JPY,JAPANESE YEN,tff,14845,88840,89363,13441,-73995,75922,215413
2015-01-20,NZD,NEW ZEALAND DOLLAR,tff,10455,12459,6435,236,-2004,6199,22818
2015-01-20,OIL,WTI CRUDE OIL,dis,59729,13753,39834,68628,45976,-28794,125370
2015-01-20,SILVER,SILVER,dis,62203,15929,60587,116228,46274,-55641,159904
2015-01-20,USD,US DOLLAR INDEX,tff,43557,34948,13677,90603,8609,-76926,130077
2015-01-27,AUD,AUSTRALIAN DOLLAR,tff,18755,49673,85225,380,-30918,84845,125620
2015-01-27,CAD,CANADIAN DOLLAR,tff,19565,47081,28903,1615,-27516,27288,112718
2015-01-27,CHF,SWISS FRANC,tff,10923,19005,20398,5878,-8082,14520,42956
2015-01-27,COPPER,COPPER,dis,46610,87272,96833,44280,-40662,52553,179152
2015-01-27,EUR,EURO FX,tff,27853,166533,242417,13348,-138680,229069,449726
2015-01-27,GBP,BRITISH POUND,tff,36743,62938,110432,7330,-26195,103102,185350
2015-01-27,GOLD,GOLD,dis,238407,49482,117326,323486,188925,-206160,438279
2015-01-27,JPY,JAPANESE YEN,tff,15230,75275,80242,17113,-60045,63129,202571
2015-01-27,NZD,NEW ZEALAND DOLLAR,tff,11456,14223,9805,238,-2767,9567,25594
2015-01-27,OIL,WTI CRUDE OIL,dis,61431,14031,41058,70191,47400,-29133,128206
2015-01-27,SILVER,SILVER,dis,65722,12375,59964,121557,53347,-61593,162440
2015-01-27,USD,US DOLLAR INDEX,tff,37892,33409,13021,90327,4483,-77306,129495
2015-02-03,AUD,AUSTRALIAN DOLLAR,tff,18585,57487,92488,274,-38902,92214,133075
2015-02-03,CAD,CANADIAN DOLLAR,tff,16925,47158,32164,1532,-30233,30632,113662
2015-02-03,CHF,SWISS FRANC,tff,10717,15776,16162,5248,-5059,10914,38421
2015-02-03,COPPER,COPPER,dis,46923,87221,98677,45864,-40298,52813,180944
2015-02-03,EUR,EURO FX,tff,25027,180585,253074,12145,-155558,240929,457209
2015-02-03,GBP,BRITISH POUND,tff,35323,60260,111735,8087,-24937,103648,182903
2015-02-03,GOLD,GOLD,dis,229006,43991,117174,320447,185015,-203273,419524
2015-02-03,JPY,JAPANESE YEN,tff,12610,71671,82165,20102,-59061,62063,203963
2015-02-03,NZD,NEW ZEALAND DOLLAR,tff,9941,13455,11484,262,-3514,11222,25687
2015-02-03,OIL,WTI CRUDE OIL,dis,61060,14596,41746,70360,46464,-28614,124681
2015-02-03,SILVER,SILVER,dis,64166,13593,65063,121262,50573,-56199,168486
2015-02-03,USD,US DOLLAR INDEX,tff,34206,29476,13891,90154,4730,-76263,125025
2015-02-10,AUD,AUSTRALIAN DOLLAR,tff,14239,51909,89013,571,-37670,88442,125359
2015-02-10,CAD,CANADIAN DOLLAR,tff,11981,51410,39939,2544,-39429,37395,115744
2015-02-10,CHF,SWISS FRANC,tff,7199,12975,16411,5300,-5776,11111,34459
2015-02-10,COPPER,COPPER,dis,45443,87427,97124,46414,-41984,50710,185606
2015-02-10,EUR,EURO FX,tff,26289,185271,243865,13861,-158982,230004,444139
2015-02-10,GBP,BRITISH POUND,tff,33247,57457,106768,9373,-24210,97395,175966
2015-02-10,GOLD,GOLD,dis,199036,43762,120702,291293,155274,-170591,393232
2015-02-10,JPY,JAPANESE YEN,tff,14087,77574,86869,19337,-63487,67532,204193
2015-02-10,NZD,NEW ZEALAND DOLLAR,tff,8509,14131,13921,169,-5622,13752,26593
2015-02-10,OIL,WTI CRUDE OIL,dis,63953,15454,40121,70156,48499,-30035,127611
2015-02-10,SILVER,SILVER,dis,62034,15170,64438,117895,46864,-53457,168146
2015-02-10,USD,US DOLLAR INDEX,tff,25199,18478,13883,89517,6721,-75634,114816
2015-02-17,AUD,AUSTRALIAN DOLLAR,tff,16410,54842,90630,956,-38432,89674,131722
2015-02-17,CAD,CANADIAN DOLLAR,tff,10631,49329,36878,2513,-38698,34365,111614
2015-02-17,CHF,SWISS FRANC,tff,6423,12350,16714,5097,-5927,11617,34204
2015-02-17,COPPER,COPPER,dis,44526,82691,97012,48031,-38165,48981,185675
2015-02-17,EUR,EURO FX,tff,27173,179139,235635,15054,-151966,220581,438411
2015-02-17,GBP,BRITISH POUND,tff,36864,55696,92781,9408,-18832,83373,170627
2015-02-17,GOLD,GOLD,dis,188121,56387,125433,269068,131734,-143635,389530
2015-02-17,JPY,JAPANESE YEN,tff,10546,70990,79169,21519,-60444,57650,203555
2015-02-17,NZD,NEW ZEALAND DOLLAR,tff,9871,14507,13216,378,-4636,12838,27700
2015-02-17,OIL,WTI CRUDE OIL,dis,65753,15894,43023,72229,49859,-29206,132331
2015-02-17,SILVER,SILVER,dis,61145,19822,68694,116415,41323,-47721,175193
2015-02-17,USD,US DOLLAR INDEX,tff,22923,17953,14350,89408,4970,-75058,115630
2015-02-24,AUD,AUSTRALIAN DOLLAR,tff,16531,58565,100558,856,-42034,99702,139805
2015-02-24,CAD,CANADIAN DOLLAR,tff,11075,53210,40999,3404,-42135,37595,118014
2015-02-24,CHF,SWISS FRANC,tff,7355,11787,17615,4375,-4432,13240,34765
2015-02-24,COPPER,COPPER,dis,50336,80639,91161,50893,-30303,40268,171520
2015-02-24,EUR,EURO FX,tff,26742,176724,226718,18461,-149982,208257,431217
2015-02-24,GBP,BRITISH POUND,tff,40426,56001,86801,10220,-15575,76581,169784
2015-02-24,GOLD,GOLD,dis,184416,58245,133432,269126,126171,-135694,399307
2015-02-24,JPY,JAPANESE YEN,tff,13712,70073,78614,22756,-56361,55858,202438
2015-02-24,NZD,NEW ZEALAND DOLLAR,tff,10943,14145,12179,409,-3202,11770,27328
2015-02-24,OIL,WTI CRUDE OIL,dis,66907,16479,43259,73125,50428,-29866,135488
2015-02-24,SILVER,SILVER,dis,57348,20009,67267,109414,37339,-42147,166676
2015-02-24,USD,US DOLLAR INDEX,tff,25528,20298,15303,91238,5230,-75935,118929
2015-03-03,AUD,AUSTRALIAN DOLLAR,tff,11687,57215,96742,1981,-45528,94761,136841
2015-03-03,CAD,CANADIAN DOLLAR,tff,13404,57420,41209,3247,-44016,37962,121344
2015-03-03,CHF,SWISS FRANC,tff,9670,13589,21731,5750,-3919,15981,40861
2015-03-03,COPPER,COPPER,dis,51043,73854,87470,55536,-22811,31934,163020
2015-03-03,EUR,EURO FX,tff,27440,172579,227513,24556,-145139,202957,440733
2015-03-03,GBP,BRITISH POUND,tff,40359,53517,80773,9855,-13158,70918,165737
2015-03-03,GOLD,GOLD,dis,180561,64741,140080,263467,115820,-123387,405124
2015-03-03,JPY,JAPANESE YEN,tff,29572,77543,85116,22733,-47971,62383,210611
2015-03-03,NZD,NEW ZEALAND DOLLAR,tff,15173,13663,7508,1183,1510,6325,27610
2015-03-03,OIL,WTI CRUDE OIL,dis,64505,13359,37163,69572,51146,-32409,126162
2015-03-03,SILVER,SILVER,dis,56342,25135,63453,103165,31207,-39712,164018
2015-03-03,USD,US DOLLAR INDEX,tff,27186,24240,15421,91090,2946,-75669,123981
2015-03-10,AUD,AUSTRALIAN DOLLAR,tff,14961,67304,118428,4776,-52343,113652,196534
2015-03-10,CAD,CANADIAN DOLLAR,tff,10986,60095,47559,3001,-49109,44558,146639
2015-03-10,CHF,SWISS FRANC,tff,8861,16655,27685,5894,-7794,21791,52384
2015-03-10,COPPER,COPPER,dis,53309,74837,88084,55730,-21528,32354,164239
2015-03-10,EUR,EURO FX,tff,44633,173805,224842,30059,-129172,194783,496465
2015-03-10,GBP,BRITISH POUND,tff,41346,61602,98642,12752,-20256,85890,205166
2015-03-10,GOLD,GOLD,dis,171821,89929,154578,243920,81892,-89342,410918
2015-03-10,JPY,JAPANESE YEN,tff,30690,82730,93178,22415,-52040,70763,235089
2015-03-10,NZD,NEW ZEALAND DOLLAR,tff,13672,13027,9218,1072,645,8146,29726
2015-03-10,OIL,WTI CRUDE OIL,dis,65593,13377,36595,69489,52216,-32894,127558
2015-03-10,SILVER,SILVER,dis,57966,31994,65853,99116,25972,-33263,169125
2015-03-10,USD,US DOLLAR INDEX,tff,26601,32204,17337,91716,-5603,-74379,148486
2015-03-17,AUD,AUSTRALIAN DOLLAR,tff,26395,60201,104643,968,-33806,103675,152746
2015-03-17,CAD,CANADIAN DOLLAR,tff,11917,53056,43302,2906,-41139,40396,158576
2015-03-17,CHF,SWISS FRANC,tff,15243,15452,15457,3445,-209,12012,38889
2015-03-17,COPPER,COPPER,dis,55248,72795,85615,57445,-17547,28170,164490
2015-03-17,EUR,EURO FX,tff,28948,173161,180155,8485,-144213,171670,449508
2015-03-17,GBP,BRITISH POUND,tff,44544,66434,105705,5271,-21890,100434,188238
2015-03-17,GOLD,GOLD,dis,162268,109175,180464,236954,53093,-56490,429738
2015-03-17,JPY,JAPANESE YEN,tff,29475,85220,62362,5062,-55745,57300,195913
2015-03-17,NZD,NEW ZEALAND DOLLAR,tff,10934,12961,7969,361,-2027,7608,23317
2015-03-17,OIL,WTI CRUDE OIL,dis,65826,12243,36555,70253,53583,-33698,128616
2015-03-17,SILVER,SILVER,dis,61649,37238,72202,102412,24411,-30210,178524
2015-03-17,USD,US DOLLAR INDEX,tff,20011,55969,18313,70319,-35958,-52006,132548
2015-03-24,AUD,AUSTRALIAN DOLLAR,tff,13508,53825,100198,2189,-40317,98009,135693
2015-03-24,CAD,CANADIAN DOLLAR,tff,8189,49044,39885,4416,-40855,35469,106731
2015-03-24,CHF,SWISS FRANC,tff,8905,16104,19224,2552,-7199,16672,36296
2015-03-24,COPPER,COPPER,dis,58237,67317,81659,64083,-9080,17576,165590
2015-03-24,EUR,EURO FX,tff,20642,190872,200278,7690,-170230,192588,460950
2015-03-24,GBP,BRITISH POUND,tff,33826,57922,106131,2744,-24096,103387,178140
2015-03-24,GOLD,GOLD,dis,168234,113953,178058,230983,54281,-52925,433767
2015-03-24,JPY,JAPANESE YEN,tff,24822,76173,49775,7995,-51351,41780,181026
2015-03-24,NZD,NEW ZEALAND DOLLAR,tff,10290,11198,6171,689,-908,5482,20958
2015-03-24,OIL,WTI CRUDE OIL,dis,65958,12313,36767,70484,53645,-33717,131123
2015-03-24,SILVER,SILVER,dis,62332,30209,67276,106518,32123,-39242,172659
2015-03-24,USD,US DOLLAR INDEX,tff,19483,37391,14826,70644,-17908,-55818,116148
2015-03-31,AUD,AUSTRALIAN DOLLAR,tff,14941,55196,99663,2150,-40255,97513,138260
2015-03-31,CAD,CANADIAN DOLLAR,tff,7102,46774,41901,11177,-39672,30724,110447
2015-03-31,CHF,SWISS FRANC,tff,8989,12916,17588,2675,-3927,14913,34149
2015-03-31,COPPER,COPPER,dis,60278,64432,82059,69145,-4154,12914,170125
2015-03-31,EUR,EURO FX,tff,21400,182074,208623,9791,-160674,198832,459746
2015-03-31,GBP,BRITISH POUND,tff,33754,58094,111247,3140,-24340,108107,182514
2015-03-31,GOLD,GOLD,dis,172818,92799,144197,225312,80019,-81115,387585
2015-03-31,JPY,JAPANESE YEN,tff,28992,66216,42986,17913,-37224,25073,177478
2015-03-31,NZD,NEW ZEALAND DOLLAR,tff,14640,9811,5296,4605,4829,691,24049
2015-03-31,OIL,WTI CRUDE OIL,dis,69635,12973,45345,81577,56662,-36232,138536
2015-03-31,SILVER,SILVER,dis,65426,22314,63225,113086,43112,-49861,170105
2015-03-31,USD,US DOLLAR INDEX,tff,17670,41357,16425,71978,-23687,-55553,118796
2015-04-07,AUD,AUSTRALIAN DOLLAR,tff,16209,66621,121612,2228,-50412,119384,159532
2015-04-07,CAD,CANADIAN DOLLAR,tff,10172,49832,43301,12781,-39660,30520,114881
2015-04-07,CHF,SWISS FRANC,tff,7957,13193,16327,2066,-5236,14261,33245
2015-04-07,COPPER,COPPER,dis,58765,63761,82527,71351,-4996,11176,171006
2015-04-07,EUR,EURO FX,tff,15124,169767,193390,8564,-154643,184826,441624
2015-04-07,GBP,BRITISH POUND,tff,34149,63858,112342,4742,-29709,107600,185219
2015-04-07,GOLD,GOLD,dis,183130,82373,133199,241488,100757,-108289,390571
2015-04-07,JPY,JAPANESE YEN,tff,37683,78627,44596,16803,-40944,27793,189444
2015-04-07,NZD,NEW ZEALAND DOLLAR,tff,15288,9180,5174,7234,6108,-2060,24920
2015-04-07,OIL,WTI CRUDE OIL,dis,67633,8147,40065,78368,59486,-38303,127992
2015-04-07,SILVER,SILVER,dis,63241,21160,64592,115030,42081,-50438,169700
2015-04-07,USD,US DOLLAR INDEX,tff,16897,35307,16248,71936,-18410,-55688,113690
2015-04-14,AUD,AUSTRALIAN DOLLAR,tff,13003,67871,127651,2058,-54868,125593,161971
2015-04-14,CAD,CANADIAN DOLLAR,tff,12511,51240,43753,12654,-38729,31099,118686
2015-04-14,CHF,SWISS FRANC,tff,7438,12680,17600,2237,-5242,15363,33935
2015-04-14,COPPER,COPPER,dis,54693,61923,81400,66570,-7230,14830,165760
2015-04-14,EUR,EURO FX,tff,24209,173013,188977,11333,-148804,177644,453518
2015-04-14,GBP,BRITISH POUND,tff,31102,56171,118865,5344,-25069,113521,189513
2015-04-14,GOLD,GOLD,dis,184741,86344,130960,234553,98397,-103593,395089
2015-04-14,JPY,JAPANESE YEN,tff,39722,82991,45828,23906,-43269,21922,195230
2015-04-14,NZD,NEW ZEALAND DOLLAR,tff,15128,9277,5205,7633,5851,-2428,25176
2015-04-14,OIL,WTI CRUDE OIL,dis,68609,8546,39015,80710,60063,-41695,129599
2015-04-14,SILVER,SILVER,dis,61417,26872,67026,110891,34545,-43865,177877
2015-04-14,USD,US DOLLAR INDEX,tff,16034,37667,16979,73214,-21633,-56235,119021
2015-04-21,AUD,AUSTRALIAN DOLLAR,tff,13133,63064,118822,2219,-49931,116603,153363
2015-04-21,CAD,CANADIAN DOLLAR,tff,23305,56324,40582,18717,-33019,21865,126801
2015-04-21,CHF,SWISS FRANC,tff,6829,11560,15997,3338,-4731,12659,31727
2015-04-21,COPPER,COPPER,dis,50483,62802,79538,64110,-12319,15428,157721
2015-04-21,EUR,EURO FX,tff,28537,167961,186085,10458,-139424,175627,457610
2015-04-21,GBP,BRITISH POUND,tff,31834,49975,104482,5610,-18141,98872,175066
2015-04-21,GOLD,GOLD,dis,184567,83322,126107,231113,101245,-105006,397379
2015-04-21,JPY,JAPANESE YEN,tff,32533,71810,44925,28920,-39277,16005,189332
2015-04-21,NZD,NEW ZEALAND DOLLAR,tff,16097,7634,5274,11031,8463,-5757,26617
2015-04-21,OIL,WTI CRUDE OIL,dis,68395,8901,39998,80966,59494,-40968,132293
2015-04-21,SILVER,SILVER,dis,60848,36523,73151,106987,24325,-33836,182633
2015-04-21,USD,US DOLLAR INDEX,tff,13668,37574,17458,72794,-23906,-55336,115918
2015-04-28,AUD,AUSTRALIAN DOLLAR,tff,12241,54114,101044,1256,-41873,99788,140298
2015-04-28,CAD,CANADIAN DOLLAR,tff,22725,52295,39475,27767,-29570,11708,128938
2015-04-28,CHF,SWISS FRANC,tff,6877,10058,16000,5026,-3181,10974,31585
2015-04-28,COPPER,COPPER,dis,50505,66588,81832,61536,-16083,20296,154447
2015-04-28,EUR,EURO FX,tff,33188,157422,172840,22674,-124234,150166,456919
2015-04-28,GBP,BRITISH POUND,tff,26679,46492,97716,7196,-19813,90520,171698
2015-04-28,GOLD,GOLD,dis,189929,88672,125733,232605,101257,-106872,403575
2015-04-28,JPY,JAPANESE YEN,tff,32964,61051,43274,43812,-28087,-538,188079
2015-04-28,NZD,NEW ZEALAND DOLLAR,tff,15894,5550,6050,14421,10344,-8371,28071
2015-04-28,OIL,WTI CRUDE OIL,dis,68651,8901,41084,81753,59750,-40669,135162
2015-04-28,SILVER,SILVER,dis,64340,41410,69451,103450,22930,-33999,179461
2015-04-28,USD,US DOLLAR INDEX,tff,15343,27840,17273,72374,-12497,-55101,112648
2015-05-05,AUD,AUSTRALIAN DOLLAR,tff,17698,36339,91378,25066,-18641,66312,137001
2015-05-05,CAD,CANADIAN DOLLAR,tff,17730,36237,38847,40003,-18507,-1156,122108
2015-05-05,CHF,SWISS FRANC,tff,9468,9239,15052,9346,229,5706,34449
2015-05-05,COPPER,COPPER,dis,63530,63982,78884,75206,-452,3678,166179
2015-05-05,EUR,EURO FX,tff,35663,153966,164383,22841,-118303,141542,449254
2015-05-05,GBP,BRITISH POUND,tff,35370,32107,94073,30183,3263,63890,173468
2015-05-05,GOLD,GOLD,dis,173105,100665,138096,212258,72440,-74162,399988
2015-05-05,JPY,JAPANESE YEN,tff,24591,75947,65901,29426,-51356,36475,198886
2015-05-05,NZD,NEW ZEALAND DOLLAR,tff,17019,7447,6207,12120,9572,-5913,28379
2015-05-05,OIL,WTI CRUDE OIL,dis,64111,8486,42349,76794,55625,-34445,129027
2015-05-05,SILVER,SILVER,dis,65383,37760,67908,105158,27623,-37250,175694
2015-05-05,USD,US DOLLAR INDEX,tff,18035,20346,17575,72304,-2311,-54729,102100
2015-05-12,AUD,AUSTRALIAN DOLLAR,tff,16593,32614,94229,29051,-16021,65178,136249
2015-05-12,CAD,CANADIAN DOLLAR,tff,17271,28434,38554,52477,-11163,-13923,123908
2015-05-12,CHF,SWISS FRANC,tff,10467,4578,11631,13771,5889,-2140,33465
2015-05-12,COPPER,COPPER,dis,73722,65206,77044,82657,8516,-5613,178077
2015-05-12,EUR,EURO FX,tff,32567,140065,162980,30395,-107498,132585,439122
2015-05-12,GBP,BRITISH POUND,tff,42746,36799,97261,32743,5947,64518,183586
2015-05-12,GOLD,GOLD,dis,179257,101817,144829,222331,77440,-77502,405612
2015-05-12,JPY,JAPANESE YEN,tff,19915,67987,66623,34874,-48072,31749,193296
2015-05-12,NZD,NEW ZEALAND DOLLAR,tff,12148,9329,7846,7163,2819,683,25525
2015-05-12,OIL,WTI CRUDE OIL,dis,66115,8611,42489,79344,57504,-36855,133402
2015-05-12,SILVER,SILVER,dis,65302,35964,68337,106440,29338,-38103,174919
2015-05-12,USD,US DOLLAR INDEX,tff,18329,15616,4105,72073,2713,-67968,99697
2015-05-19,AUD,AUSTRALIAN DOLLAR,tff,21310,29574,94172,35100,-8264,59072,142589
2015-05-19,CAD,CANADIAN DOLLAR,tff,14862,15381,39062,57769,-519,-18707,117811
2015-05-19,CHF,SWISS FRANC,tff,7850,3048,11529,14717,4802,-3188,31796
2015-05-19,COPPER,COPPER,dis,73598,64257,77109,83885,9341,-6776,179210
2015-05-19,EUR,EURO FX,tff,26542,129771,157044,34212,-103229,122832,428580
2015-05-19,GBP,BRITISH POUND,tff,57782,32424,80290,41489,25358,38801,182607
2015-05-19,GOLD,GOLD,dis,202190,79569,140751,273085,122621,-132334,428597
2015-05-19,JPY,JAPANESE YEN,tff,42816,91961,83731,36232,-49145,47499,231658
2015-05-19,NZD,NEW ZEALAND DOLLAR,tff,8790,10662,12328,6781,-1872,5547,26331
2015-05-19,OIL,WTI CRUDE OIL,dis,66393,8755,47086,81310,57638,-34224,136260
2015-05-19,SILVER,SILVER,dis,68171,16891,62550,125035,51280,-62485,174337
2015-05-19,USD,US DOLLAR INDEX,tff,18997,13155,4558,71927,5842,-67369,98050
2015-05-26,AUD,AUSTRALIAN DOLLAR,tff,20811,30637,99034,32128,-9826,66906,144495
2015-05-26,CAD,CANADIAN DOLLAR,tff,19405,16509,38691,55048,2896,-16357,121908
2015-05-26,CHF,SWISS FRANC,tff,6938,3207,12293,13319,3731,-1026,30432
2015-05-26,COPPER,COPPER,dis,64899,63275,78383,78749,1624,-366,172622
2015-05-26,EUR,EURO FX,tff,31548,134616,151039,30794,-103068,120245,431927
2015-05-26,GBP,BRITISH POUND,tff,59513,26911,73400,37887,32602,35513,176797
2015-05-26,GOLD,GOLD,dis,191951,87257,144540,254260,104694,-109720,411961
2015-05-26,JPY,JAPANESE YEN,tff,29546,115022,114719,14748,-85476,99971,251744
2015-05-26,NZD,NEW ZEALAND DOLLAR,tff,7590,12852,15758,5567,-5262,10191,28514
2015-05-26,OIL,WTI CRUDE OIL,dis,68808,9284,54535,86458,59524,-31923,140418
2015-05-26,SILVER,SILVER,dis,66592,15611,63321,124823,50981,-61502,173629
2015-05-26,USD,US DOLLAR INDEX,tff,17619,20562,5271,72156,-2943,-66885,103211
2015-06-02,AUD,AUSTRALIAN DOLLAR,tff,19205,39504,112886,23434,-20299,89452,156474
2015-06-02,CAD,CANADIAN DOLLAR,tff,17758,23645,39304,44647,-5887,-5343,123127
2015-06-02,CHF,SWISS FRANC,tff,8307,4443,12456,12171,3864,285,32449
2015-06-02,COPPER,COPPER,dis,50709,59453,79435,67856,-8744,11579,160588
2015-06-02,EUR,EURO FX,tff,33142,119478,140496,24415,-86336,116081,428403
2015-06-02,GBP,BRITISH POUND,tff,56861,25064,74112,32992,31797,41120,175291
2015-06-02,GOLD,GOLD,dis,194299,89889,138423,246573,104410,-108150,398724
2015-06-02,JPY,JAPANESE YEN,tff,27561,125816,126916,3232,-98255,123684,260104
2015-06-02,NZD,NEW ZEALAND DOLLAR,tff,7789,16173,18969,3831,-8384,15138,33005
2015-06-02,OIL,WTI CRUDE OIL,dis,67305,8481,51141,83121,58824,-31980,134129
2015-06-02,SILVER,SILVER,dis,63573,16728,67193,124762,46845,-57569,178343
2015-06-02,USD,US DOLLAR INDEX,tff,16338,23590,5345,72317,-7252,-66972,102174
2015-06-09,AUD,AUSTRALIAN DOLLAR,tff,18756,43169,108506,17850,-24413,90656,165681
2015-06-09,CAD,CANADIAN DOLLAR,tff,10101,30587,43102,36448,-20486,6654,118799
2015-06-09,CHF,SWISS FRANC,tff,8908,3386,10222,11238,5522,-1016,33813
2015-06-09,COPPER,COPPER,dis,50677,64059,81795,64122,-13382,17673,171541
2015-06-09,EUR,EURO FX,tff,33597,106766,130051,40482,-73169,89569,436540
2015-06-09,GBP,BRITISH POUND,tff,53491,29644,76298,31921,23847,44377,181049
2015-06-09,GOLD,GOLD,dis,186813,111723,150277,228866,75090,-78589,406069
2015-06-09,JPY,JAPANESE YEN,tff,23733,140716,158583,994,-116983,157589,306449
2015-06-09,NZD,NEW ZEALAND DOLLAR,tff,9176,19614,20408,2641,-10438,17767,36911
2015-06-09,OIL,WTI CRUDE OIL,dis,68650,8547,52085,83722,60103,-31637,136951
2015-06-09,SILVER,SILVER,dis,65881,43335,71347,107288,22546,-35941,189524
2015-06-09,USD,US DOLLAR INDEX,tff,22728,24641,1871,72160,-1913,-70289,105463
2015-06-16,AUD,AUSTRALIAN DOLLAR,tff,26179,41424,68493,4083,-15245,64410,119362
2015-06-16,CAD,CANADIAN DOLLAR,tff,13101,28528,44177,36812,-15427,7365,118620
2015-06-16,CHF,SWISS FRANC,tff,7877,3500,2411,2333,4377,78,19852
2015-06-16,COPPER,COPPER,dis,53535,70047,86938,66044,-16512,20894,181765
2015-06-16,EUR,EURO FX,tff,63194,96196,113798,5201,-33002,108597,350145
2015-06-16,GBP,BRITISH POUND,tff,55162,33901,45321,8762,21261,36559,146635
2015-06-16,GOLD,GOLD,dis,191053,115330,153712,230349,75723,-76637,415718
2015-06-16,JPY,JAPANESE YEN,tff,44062,132779,128193,782,-88717,127411,262329
2015-06-16,NZD,NEW ZEALAND DOLLAR,tff,14244,22974,17926,0,-8730,17926,37169
2015-06-16,OIL,WTI CRUDE OIL,dis,72865,8496,49571,86809,64369,-37238,142748
2015-06-16,SILVER,SILVER,dis,67315,51643,74139,102994,15672,-28855,191774
2015-06-16,USD,US DOLLAR INDEX,tff,14119,28644,1841,54289,-14525,-52448,86281
2015-06-23,AUD,AUSTRALIAN DOLLAR,tff,16323,39332,74462,3918,-23009,70544,116184
2015-06-23,CAD,CANADIAN DOLLAR,tff,9197,28139,14237,4314,-18942,9923,81380
2015-06-23,CHF,SWISS FRANC,tff,8974,2838,2363,4419,6136,-2056,21869
2015-06-23,COPPER,COPPER,dis,54093,77732,88108,61595,-23639,26513,184635
2015-06-23,EUR,EURO FX,tff,47174,92842,124562,6721,-45668,117841,345427
2015-06-23,GBP,BRITISH POUND,tff,74604,46387,44580,28376,28217,16204,178641
2015-06-23,GOLD,GOLD,dis,202944,107830,150444,251332,95114,-100888,430978
2015-06-23,JPY,JAPANESE YEN,tff,18657,130586,139345,6292,-111929,133053,247839
2015-06-23,NZD,NEW ZEALAND DOLLAR,tff,13536,25145,23254,263,-11609,22991,42911
2015-06-23,OIL,WTI CRUDE OIL,dis,75432,8515,49702,89244,66917,-39542,146800
2015-06-23,SILVER,SILVER,dis,74254,58697,73843,103320,15557,-29477,200273
2015-06-23,USD,US DOLLAR INDEX,tff,15745,22830,1816,58924,-7085,-57108,85932
2015-06-30,AUD,AUSTRALIAN DOLLAR,tff,15233,38088,79327,3845,-22855,75482,118443
2015-06-30,CAD,CANADIAN DOLLAR,tff,14171,31970,18462,3813,-17799,14649,91797
2015-06-30,CHF,SWISS FRANC,tff,8424,2704,2447,4825,5720,-2378,21472
2015-06-30,COPPER,COPPER,dis,59718,81525,77411,52697,-21807,24714,166278
2015-06-30,EUR,EURO FX,tff,42314,91268,129039,9540,-48954,119499,346115
2015-06-30,GBP,BRITISH POUND,tff,81166,37909,44340,41161,43257,3179,181413
2015-06-30,GOLD,GOLD,dis,194476,127321,163797,238566,67155,-74769,442301
2015-06-30,JPY,JAPANESE YEN,tff,22849,130351,138067,20848,-107502,117219,254014
2015-06-30,NZD,NEW ZEALAND DOLLAR,tff,11754,25405,25886,343,-13651,25543,43256
2015-06-30,OIL,WTI CRUDE OIL,dis,78041,10092,53915,92960,67949,-39045,150735
2015-06-30,SILVER,SILVER,dis,71886,62005,76246,97406,9881,-21160,196724
2015-06-30,USD,US DOLLAR INDEX,tff,13277,14602,2119,62871,-1325,-60752,83260
2015-07-07,AUD,AUSTRALIAN DOLLAR,tff,13848,46745,96243,550,-32897,95693,135648
2015-07-07,CAD,CANADIAN DOLLAR,tff,24685,50175,35745,1306,-25490,34439,120095
2015-07-07,CHF,SWISS FRANC,tff,8036,3104,4762,3223,4932,1539,23740
2015-07-07,COPPER,COPPER,dis,55639,81068,80720,49595,-25429,31125,167008
2015-07-07,EUR,EURO FX,tff,36754,95864,134726,10041,-59110,124685,354885
2015-07-07,GBP,BRITISH POUND,tff,80110,35391,46421,28756,44719,17665,168480
2015-07-07,GOLD,GOLD,dis,193776,143328,172552,225141,50448,-52589,452145
2015-07-07,JPY,JAPANESE YEN,tff,24030,113880,135732,35337,-89850,100395,250828
2015-07-07,NZD,NEW ZEALAND DOLLAR,tff,8791,24613,28644,0,-15822,28644,42873
2015-07-07,OIL,WTI CRUDE OIL,dis,72247,7493,49562,74408,64754,-24846,141071
2015-07-07,SILVER,SILVER,dis,70786,63993,78158,92477,6793,-14319,197092
2015-07-07,USD,US DOLLAR INDEX,tff,14002,15340,2984,69631,-1338,-66647,89292
2015-07-14,AUD,AUSTRALIAN DOLLAR,tff,12364,55070,111693,379,-42706,111314,148406
2015-07-14,CAD,CANADIAN DOLLAR,tff,25935,57324,51386,1224,-31389,50162,138431
2015-07-14,CHF,SWISS FRANC,tff,5325,3417,4755,2749,1908,2006,22390
2015-07-14,COPPER,COPPER,dis,53064,73822,78077,51355,-20758,26722,161713
2015-07-14,EUR,EURO FX,tff,33476,99335,131332,8737,-65859,122595,356760
2015-07-14,GBP,BRITISH POUND,tff,72945,27679,46007,24657,45266,21350,157073
2015-07-14,GOLD,GOLD,dis,191014,143190,183945,232414,47824,-48469,462664
2015-07-14,JPY,JAPANESE YEN,tff,24763,86737,131772,48695,-61974,83077,247704
2015-07-14,NZD,NEW ZEALAND DOLLAR,tff,7514,24265,30207,0,-16751,30207,42311
2015-07-14,OIL,WTI CRUDE OIL,dis,71984,7525,47168,73581,64459,-26413,141514
2015-07-14,SILVER,SILVER,dis,66392,56839,75946,91535,9553,-15589,185716
2015-07-14,USD,US DOLLAR INDEX,tff,14556,12622,3651,71988,1934,-68337,88719
2015-07-21,AUD,AUSTRALIAN DOLLAR,tff,11880,59280,127204,404,-47400,126800,159796
2015-07-21,CAD,CANADIAN DOLLAR,tff,29025,59403,62273,1313,-30378,60960,153762
2015-07-21,CHF,SWISS FRANC,tff,8690,6464,7745,2050,2226,5695,28424
2015-07-21,COPPER,COPPER,dis,56919,79086,75911,49681,-22167,26230,165842
2015-07-21,EUR,EURO FX,tff,37069,109230,134966,9140,-72161,125826,366892
2015-07-21,GBP,BRITISH POUND,tff,74423,31099,46064,32659,43324,13405,164779
2015-07-21,GOLD,GOLD,dis,187720,159441,189676,211260,28279,-21584,459760
2015-07-21,JPY,JAPANESE YEN,tff,28944,97714,133032,36517,-68770,96515,251136
2015-07-21,NZD,NEW ZEALAND DOLLAR,tff,7291,24417,27142,134,-17126,27008,38544
2015-07-21,OIL,WTI CRUDE OIL,dis,71552,7062,48556,74490,64490,-25934,142052
2015-07-21,SILVER,SILVER,dis,66576,62331,79791,90958,4245,-11167,190226
2015-07-21,USD,US DOLLAR INDEX,tff,15945,14898,3752,78390,1047,-74638,98609
2015-07-28,AUD,AUSTRALIAN DOLLAR,tff,6530,59072,139357,896,-52542,138461,165974
2015-07-28,CAD,CANADIAN DOLLAR,tff,23061,64444,75872,1282,-41383,74590,162118
2015-07-28,CHF,SWISS FRANC,tff,8773,9637,11644,1707,-864,9937,32365
2015-07-28,COPPER,COPPER,dis,55698,80152,77675,46041,-24454,31634,163656
2015-07-28,EUR,EURO FX,tff,37860,104351,121411,10965,-66491,110446,357940
2015-07-28,GBP,BRITISH POUND,tff,74069,27700,45769,42185,46369,3584,173295
2015-07-28,GOLD,GOLD,dis,182977,158512,176720,191986,24465,-15266,438282
2015-07-28,JPY,JAPANESE YEN,tff,23465,92829,132599,34767,-69364,97832,246269
2015-07-28,NZD,NEW ZEALAND DOLLAR,tff,7126,22499,25645,1687,-15373,23958,37487
2015-07-28,OIL,WTI CRUDE OIL,dis,71652,7096,49143,75053,64556,-25910,142955
2015-07-28,SILVER,SILVER,dis,67125,60829,79630,91703,6296,-12073,190322
2015-07-28,USD,US DOLLAR INDEX,tff,16883,14052,3616,78084,2831,-74468,96069
2015-08-04,AUD,AUSTRALIAN DOLLAR,tff,10366,63796,137848,1167,-53430,136681,168404
2015-08-04,CAD,CANADIAN DOLLAR,tff,19688,67154,86296,1379,-47466,84917,170087
2015-08-04,CHF,SWISS FRANC,tff,10354,12397,16217,2243,-2043,13974,37399
2015-08-04,COPPER,COPPER,dis,60578,92908,85447,46797,-32330,38650,181276
2015-08-04,EUR,EURO FX,tff,40472,114546,133619,12271,-74074,121348,367885
2015-08-04,GBP,BRITISH POUND,tff,71764,25928,46762,39074,45836,7688,169224
2015-08-04,GOLD,GOLD,dis,184792,154892,170826,185646,29900,-14820,434273
2015-08-04,JPY,JAPANESE YEN,tff,26482,107172,137110,16863,-80690,120247,252655
2015-08-04,NZD,NEW ZEALAND DOLLAR,tff,7902,22841,25433,2628,-14939,22805,38530
2015-08-04,OIL,WTI CRUDE OIL,dis,70819,5033,45346,67349,65786,-22003,134987
2015-08-04,SILVER,SILVER,dis,66772,58367,76161,89917,8405,-13756,185848
2015-08-04,USD,US DOLLAR INDEX,tff,15768,14605,3727,81774,1163,-78047,100515
2015-08-11,AUD,AUSTRALIAN DOLLAR,tff,9231,64687,134850,1115,-55456,133735,164751
2015-08-11,CAD,CANADIAN DOLLAR,tff,15648,69705,90858,3199,-54057,87659,172252
2015-08-11,CHF,SWISS FRANC,tff,8647,16217,23257,878,-7570,22379,43677
2015-08-11,COPPER,COPPER,dis,60308,94067,88567,47926,-33759,40641,195117
2015-08-11,EUR,EURO FX,tff,39630,111198,124248,16530,-71568,107718,361334
2015-08-11,GBP,BRITISH POUND,tff,66185,27180,48178,29230,39005,18948,158247
2015-08-11,GOLD,GOLD,dis,187778,155336,166020,190478,32442,-24458,435489
2015-08-11,JPY,JAPANESE YEN,tff,22907,129108,152232,3335,-106201,148897,264608
2015-08-11,NZD,NEW ZEALAND DOLLAR,tff,6848,21412,24861,3033,-14564,21828,36861
2015-08-11,OIL,WTI CRUDE OIL,dis,71833,5033,43670,67736,66800,-24066,136378
2015-08-11,SILVER,SILVER,dis,65566,48729,68255,90482,16837,-22227,177902
2015-08-11,USD,US DOLLAR INDEX,tff,18837,10202,4221,84498,8635,-80277,101605
2015-08-18,AUD,AUSTRALIAN DOLLAR,tff,8194,64306,133525,1090,-56112,132435,161344
2015-08-18,CAD,CANADIAN DOLLAR,tff,9067,65078,87394,2903,-56011,84491,161743
2015-08-18,CHF,SWISS FRANC,tff,7174,17528,25053,969,-10354,24084,43588
2015-08-18,COPPER,COPPER,dis,60821,89793,83872,47927,-28972,35945,191265
2015-08-18,EUR,EURO FX,tff,41471,99699,117159,36459,-58228,80700,356952
2015-08-18,GBP,BRITISH POUND,tff,67705,31009,47345,36405,36696,10940,172083
2015-08-18,GOLD,GOLD,dis,185712,144053,166062,196010,41659,-29948,432728
2015-08-18,JPY,JAPANESE YEN,tff,22472,128838,137026,11081,-106366,125945,251418
2015-08-18,NZD,NEW ZEALAND DOLLAR,tff,7237,21004,24338,3304,-13767,21034,36523
2015-08-18,OIL,WTI CRUDE OIL,dis,72366,6362,43996,68218,66004,-24222,138062
2015-08-18,SILVER,SILVER,dis,59535,45501,71220,94613,14034,-23393,173545
2015-08-18,USD,US DOLLAR INDEX,tff,24402,12229,4024,82728,12173,-78704,104952
2015-08-25,AUD,AUSTRALIAN DOLLAR,tff,9610,66676,145077,1194,-57066,143883,174378
2015-08-25,CAD,CANADIAN DOLLAR,tff,13473,73267,84451,3043,-59794,81408,168819
2015-08-25,CHF,SWISS FRANC,tff,4450,17373,20896,1353,-12923,19543,37901
2015-08-25,COPPER,COPPER,dis,60331,83656,76236,44390,-23325,31846,166991
2015-08-25,EUR,EURO FX,tff,54876,97336,120319,54869,-42460,65450,374977
2015-08-25,GBP,BRITISH POUND,tff,79311,29647,47623,34627,49664,12996,176962
2015-08-25,GOLD,GOLD,dis,189893,119160,156659,219295,70733,-62636,432154
2015-08-25,JPY,JAPANESE YEN,tff,27722,109540,125007,64856,-81818,60151,260458
2015-08-25,NZD,NEW ZEALAND DOLLAR,tff,8389,18883,19838,3108,-10494,16730,33400
2015-08-25,OIL,WTI CRUDE OIL,dis,71923,6344,44050,68406,65579,-24356,138782
2015-08-25,SILVER,SILVER,dis,58687,43129,71182,95152,15558,-23970,167243
2015-08-25,USD,US DOLLAR INDEX,tff,32108,13441,3500,71304,18667,-67804,100933
2015-09-01,AUD,AUSTRALIAN DOLLAR,tff,11261,67141,140570,1310,-55880,139260,173947
2015-09-01,CAD,CANADIAN DOLLAR,tff,14595,71850,76314,3094,-57255,73220,161893
2015-09-01,CHF,SWISS FRANC,tff,5275,13977,18204,2176,-8702,16028,36203
2015-09-01,COPPER,COPPER,dis,61031,81421,74534,46459,-20390,28075,158648
2015-09-01,EUR,EURO FX,tff,46880,87166,124657,59769,-40286,64888,363980
2015-09-01,GBP,BRITISH POUND,tff,68291,31728,63016,9524,36563,53492,170032
2015-09-01,GOLD,GOLD,dis,182753,110068,146865,215953,72685,-69088,410274
2015-09-01,JPY,JAPANESE YEN,tff,35934,86385,123594,91692,-50451,31902,273205
2015-09-01,NZD,NEW ZEALAND DOLLAR,tff,7222,19436,22244,2775,-12214,19469,34339
2015-09-01,OIL,WTI CRUDE OIL,dis,69204,9783,43466,71629,59421,-28163,134547
2015-09-01,SILVER,SILVER,dis,57866,40394,63067,85633,17472,-22566,157013
2015-09-01,USD,US DOLLAR INDEX,tff,28575,9106,3265,66768,19469,-63503,100231
2015-09-08,AUD,AUSTRALIAN DOLLAR,tff,12427,63419,141499,1552,-50992,139947,190761
2015-09-08,CAD,CANADIAN DOLLAR,tff,15572,63986,70067,4518,-48414,65549,159492
2015-09-08,CHF,SWISS FRANC,tff,5466,12649,19108,2169,-7183,16939,40937
2015-09-08,COPPER,COPPER,dis,60691,73958,72133,52296,-13267,19837,159016
2015-09-08,EUR,EURO FX,tff,48378,98342,137255,54179,-49964,83076,383187
2015-09-08,GBP,BRITISH POUND,tff,53722,39446,84307,8496,14276,75811,186994
2015-09-08,GOLD,GOLD,dis,183615,124322,155620,211599,59293,-55979,421732
2015-09-08,JPY,JAPANESE YEN,tff,40308,68185,124630,100324,-27877,24306,279712
2015-09-08,NZD,NEW ZEALAND DOLLAR,tff,5449,19049,25153,1722,-13600,23431,38325
2015-09-08,OIL,WTI CRUDE OIL,dis,70514,9984,47157,72697,60530,-25540,136938
2015-09-08,SILVER,SILVER,dis,58761,40020,60995,86555,18741,-25560,155615
2015-09-08,USD,US DOLLAR INDEX,tff,32548,9485,1766,68459,23063,-66693,94284
2015-09-15,AUD,AUSTRALIAN DOLLAR,tff,31535,59443,99182,564,-27908,98618,156879
2015-09-15,CAD,CANADIAN DOLLAR,tff,17541,57762,69066,4588,-40221,64478,188043
2015-09-15,CHF,SWISS FRANC,tff,15124,15765,13899,1558,-641,12341,37846
2015-09-15,COPPER,COPPER,dis,59530,63571,69710,59257,-4041,10453,154631
2015-09-15,EUR,EURO FX,tff,33665,93306,95738,8397,-59641,87341,311366
2015-09-15,GBP,BRITISH POUND,tff,52745,24957,57707,3100,27788,54607,145704
2015-09-15,GOLD,GOLD,dis,174225,134678,154988,187967,39547,-32979,413333
2015-09-15,JPY,JAPANESE YEN,tff,27074,67344,70040,5636,-40270,64404,166081
2015-09-15,NZD,NEW ZEALAND DOLLAR,tff,11852,19565,17807,118,-7713,17689,33352
2015-09-15,OIL,WTI CRUDE OIL,dis,70862,8457,46723,73013,62405,-26290,137112
2015-09-15,SILVER,SILVER,dis,60443,46180,61170,82527,14263,-21357,158007
2015-09-15,USD,US DOLLAR INDEX,tff,15152,14646,1764,45410,506,-43646,65291
2015-09-22,AUD,AUSTRALIAN DOLLAR,tff,18028,55327,101773,485,-37299,101288,147279
2015-09-22,CAD,CANADIAN DOLLAR,tff,22924,61167,51601,444,-38243,51157,136213
2015-09-22,CHF,SWISS FRANC,tff,9790,16106,18549,1481,-6316,17068,36981
2015-09-22,COPPER,COPPER,dis,52382,65632,70959,51740,-13250,19219,152575
2015-09-22,EUR,EURO FX,tff,34018,90489,94736,12694,-56471,82042,315450
2015-09-22,GBP,BRITISH POUND,tff,49230,24230,56086,8555,25000,47531,146573
2015-09-22,GOLD,GOLD,dis,182080,120955,149092,206320,61125,-57228,419304
2015-09-22,JPY,JAPANESE YEN,tff,37244,69128,70991,6593,-31884,64398,177439
2015-09-22,NZD,NEW ZEALAND DOLLAR,tff,10725,21651,21585,0,-10926,21585,35920
2015-09-22,OIL,WTI CRUDE OIL,dis,71170,8466,46885,73735,62704,-26850,137498
2015-09-22,SILVER,SILVER,dis,60413,35554,56244,87558,24859,-31314,152140
2015-09-22,USD,US DOLLAR INDEX,tff,12377,11832,1944,48253,545,-46309,68333
2015-09-29,AUD,AUSTRALIAN DOLLAR,tff,17000,52580,99597,2489,-35580,97108,142869
2015-09-29,CAD,CANADIAN DOLLAR,tff,16094,59789,56573,1751,-43695,54822,139431
2015-09-29,CHF,SWISS FRANC,tff,9483,16489,20089,990,-7006,19099,38229
2015-09-29,COPPER,COPPER,dis,52419,69425,72385,49149,-17006,23236,151710
2015-09-29,EUR,EURO FX,tff,35818,93775,97954,9529,-57957,88425,322721
2015-09-29,GBP,BRITISH POUND,tff,52063,27383,59425,1754,24680,57671,155821
2015-09-29,GOLD,GOLD,dis,182792,106147,149535,222678,76645,-73143,415700
2015-09-29,JPY,JAPANESE YEN,tff,29910,64829,72439,7412,-34919,65027,174697
2015-09-29,NZD,NEW ZEALAND DOLLAR,tff,8028,19291,22231,1025,-11263,21206,34105
2015-09-29,OIL,WTI CRUDE OIL,dis,71384,8733,47144,73922,62651,-26778,138208
2015-09-29,SILVER,SILVER,dis,61556,38453,56932,87038,23103,-30106,156905
2015-09-29,USD,US DOLLAR INDEX,tff,17854,8923,2003,53524,8931,-51521,71478
2015-10-06,AUD,AUSTRALIAN DOLLAR,tff,16187,43145,99230,9304,-26958,89926,139935
2015-10-06,CAD,CANADIAN DOLLAR,tff,8389,51159,48574,2469,-42770,46105,121676
2015-10-06,CHF,SWISS FRANC,tff,8678,16884,20863,919,-8206,19944,38826
2015-10-06,COPPER,COPPER,dis,54617,66165,72020,55486,-11548,16534,153387
2015-10-06,EUR,EURO FX,tff,39560,101991,93918,20727,-62431,73191,337606
2015-10-06,GBP,BRITISH POUND,tff,49809,32762,71364,1652,17047,69712,160373
2015-10-06,GOLD,GOLD,dis,191000,104181,148424,236893,86819,-88469,430228
2015-10-06,JPY,JAPANESE YEN,tff,28235,64945,70954,7423,-36710,63531,170780
2015-10-06,NZD,NEW ZEALAND DOLLAR,tff,5195,14176,22227,3620,-8981,18607,31930
2015-10-06,OIL,WTI CRUDE OIL,dis,71568,7563,39927,63304,64005,-23377,131309
2015-10-06,SILVER,SILVER,dis,68838,28052,48944,98446,40786,-49502,156226
2015-10-06,USD,US DOLLAR INDEX,tff,17383,7523,2014,55796,9860,-53782,70957
2015-10-13,AUD,AUSTRALIAN DOLLAR,tff,14338,37319,99449,22673,-22981,76776,142024
2015-10-13,CAD,CANADIAN DOLLAR,tff,8354,41282,43352,3863,-32928,39489,116800
2015-10-13,CHF,SWISS FRANC,tff,7220,13791,17993,968,-6571,17025,34934
2015-10-13,COPPER,COPPER,dis,54291,60432,70513,60297,-6141,10216,156482
2015-10-13,EUR,EURO FX,tff,41637,101741,92589,40516,-60104,52073,349720
2015-10-13,GBP,BRITISH POUND,tff,41766,31295,64563,2184,10471,62379,152164
2015-10-13,GOLD,GOLD,dis,203299,86140,144242,262736,117159,-118494,435928
2015-10-13,JPY,JAPANESE YEN,tff,27558,59660,68675,16608,-32102,52067,169873
2015-10-13,NZD,NEW ZEALAND DOLLAR,tff,5112,12972,19670,3646,-7860,16024,29038
2015-10-13,OIL,WTI CRUDE OIL,dis,72908,10430,42914,65216,62478,-22302,135973
2015-10-13,SILVER,SILVER,dis,74575,22865,45022,103648,51710,-58626,161346
2015-10-13,USD,US DOLLAR INDEX,tff,22738,5787,2392,55896,16951,-53504,72734
2015-10-20,AUD,AUSTRALIAN DOLLAR,tff,15294,39719,99762,17933,-24425,81829,140367
2015-10-20,CAD,CANADIAN DOLLAR,tff,12979,36646,41122,15131,-23667,25991,121148
2015-10-20,CHF,SWISS FRANC,tff,8783,11969,16306,4886,-3186,11420,35628
2015-10-20,COPPER,COPPER,dis,56571,61154,70231,61490,-4583,8741,162963
2015-10-20,EUR,EURO FX,tff,41222,89838,89110,63726,-48616,25384,357133
2015-10-20,GBP,BRITISH POUND,tff,49943,26041,54755,21357,23902,33398,158043
2015-10-20,GOLD,GOLD,dis,233227,81926,134966,298266,151301,-163300,467792
2015-10-20,JPY,JAPANESE YEN,tff,32170,60693,71595,24868,-28523,46727,184281
2015-10-20,NZD,NEW ZEALAND DOLLAR,tff,5968,11117,19146,7661,-5149,11485,30142
2015-10-20,OIL,WTI CRUDE OIL,dis,73518,10695,42722,65081,62823,-22359,136562
2015-10-20,SILVER,SILVER,dis,79449,22151,42189,108989,57298,-66800,167574
2015-10-20,USD,US DOLLAR INDEX,tff,32059,15651,2463,55909,16408,-53446,81495
2015-10-27,AUD,AUSTRALIAN DOLLAR,tff,17924,39171,100706,18310,-21247,82396,141008
2015-10-27,CAD,CANADIAN DOLLAR,tff,13189,28672,40363,18326,-15483,22037,122885
2015-10-27,CHF,SWISS FRANC,tff,10757,12450,18080,1725,-1693,16355,38453
2015-10-27,COPPER,COPPER,dis,58172,59021,71732,65587,-849,6145,165946
2015-10-27,EUR,EURO FX,tff,43343,126389,114510,43905,-83046,70605,380564
2015-10-27,GBP,BRITISH POUND,tff,50409,21949,56443,18169,28460,38274,153453
2015-10-27,GOLD,GOLD,dis,225985,68551,138770,304618,157434,-165848,466780
2015-10-27,JPY,JAPANESE YEN,tff,23695,69742,89796,2171,-46047,87625,189472
2015-10-27,NZD,NEW ZEALAND DOLLAR,tff,7706,9492,18460,10598,-1786,7862,31743
2015-10-27,OIL,WTI CRUDE OIL,dis,73327,10687,42847,64618,62640,-21771,136442
2015-10-27,SILVER,SILVER,dis,82023,19578,41050,110423,62445,-69373,169757
2015-10-27,USD,US DOLLAR INDEX,tff,18426,13051,3394,54683,5375,-51289,75389
2015-11-03,AUD,AUSTRALIAN DOLLAR,tff,21716,43407,104065,11074,-21691,92991,145861
2015-11-03,CAD,CANADIAN DOLLAR,tff,11112,32359,41392,17837,-21247,23555,119629
2015-11-03,CHF,SWISS FRANC,tff,15235,25310,26686,1757,-10075,24929,51953
2015-11-03,COPPER,COPPER,dis,55293,67071,76694,58720,-11778,17974,165386
2015-11-03,EUR,EURO FX,tff,38820,157029,130312,34374,-118209,95938,405462
2015-11-03,GBP,BRITISH POUND,tff,47850,25304,57772,16588,22546,41184,151194
2015-11-03,GOLD,GOLD,dis,194784,78442,146369,271357,116342,-124988,443900
2015-11-03,JPY,JAPANESE YEN,tff,29004,78997,96019,1149,-49993,94870,204271
2015-11-03,NZD,NEW ZEALAND DOLLAR,tff,8370,9090,19123,10972,-720,8151,32539
2015-11-03,OIL,WTI CRUDE OIL,dis,72604,11425,38420,60111,61179,-21691,128973
2015-11-03,SILVER,SILVER,dis,77220,18843,41512,108653,58377,-67141,166942
2015-11-03,USD,US DOLLAR INDEX,tff,18914,10381,3519,56282,8533,-52763,76816
2015-11-10,AUD,AUSTRALIAN DOLLAR,tff,20768,46648,114530,2597,-25880,111933,153590
2015-11-10,CAD,CANADIAN DOLLAR,tff,23002,35327,42090,15265,-12325,26825,134360
2015-11-10,CHF,SWISS FRANC,tff,16489,29291,34366,2098,-12802,32268,60031
2015-11-10,COPPER,COPPER,dis,52814,80242,80345,48776,-27428,31569,173872
2015-11-10,EUR,EURO FX,tff,43341,173423,129759,25758,-130082,104001,421967
2015-11-10,GBP,BRITISH POUND,tff,48177,41212,77347,4499,6965,72848,172346
2015-11-10,GOLD,GOLD,dis,174561,106172,155946,227840,68389,-71894,436426
2015-11-10,JPY,JAPANESE YEN,tff,25156,99577,131078,4018,-74421,127060,234202
2015-11-10,NZD,NEW ZEALAND DOLLAR,tff,9213,10042,19289,10059,-829,9230,33719
2015-11-10,OIL,WTI CRUDE OIL,dis,72884,11075,38841,61066,61809,-22225,129801
2015-11-10,SILVER,SILVER,dis,72304,33314,48381,98510,38990,-50129,162435
2015-11-10,USD,US DOLLAR INDEX,tff,19873,16713,3232,58462,3160,-55230,84478
2015-11-17,AUD,AUSTRALIAN DOLLAR,tff,18463,48210,122691,2266,-29747,120425,162083
2015-11-17,CAD,CANADIAN DOLLAR,tff,24151,35831,47746,9521,-11680,38225,141785
2015-11-17,CHF,SWISS FRANC,tff,16449,35409,41394,1890,-18960,39504,67119
2015-11-17,COPPER,COPPER,dis,61534,90817,84208,49850,-29283,34358,193328
2015-11-17,EUR,EURO FX,tff,44106,185168,149102,20715,-141062,128387,436801
2015-11-17,GBP,BRITISH POUND,tff,49154,40977,83548,5236,8177,78312,175254
2015-11-17,GOLD,GOLD,dis,173395,138996,170494,198967,34399,-28473,435376
2015-11-17,JPY,JAPANESE YEN,tff,24199,107405,148283,3665,-83206,144618,250346
2015-11-17,NZD,NEW ZEALAND DOLLAR,tff,9825,11587,20006,9206,-1762,10800,34899
2015-11-17,OIL,WTI CRUDE OIL,dis,73440,10805,39240,62143,62635,-22903,131164
2015-11-17,SILVER,SILVER,dis,72282,47028,57596,93120,25254,-35524,170721
2015-11-17,USD,US DOLLAR INDEX,tff,19511,19317,2973,61556,194,-58583,89992
2015-11-24,AUD,AUSTRALIAN DOLLAR,tff,19180,43751,109891,2732,-24571,107159,152585
2015-11-24,CAD,CANADIAN DOLLAR,tff,18063,39442,52589,6690,-21379,45899,143742
2015-11-24,CHF,SWISS FRANC,tff,16122,40825,48840,1948,-24703,46892,72945
2015-11-24,COPPER,COPPER,dis,64527,98293,83953,46557,-33766,37396,186199
2015-11-24,EUR,EURO FX,tff,41300,193182,160535,19250,-151882,141285,444626
2015-11-24,GBP,BRITISH POUND,tff,45642,41308,83571,6271,4334,77300,172390
2015-11-24,GOLD,GOLD,dis,159440,143138,155709,167692,16302,-11983,397705
2015-11-24,JPY,JAPANESE YEN,tff,19745,103870,147906,3209,-84125,144697,247513
2015-11-24,NZD,NEW ZEALAND DOLLAR,tff,9280,13792,19982,8702,-4512,11280,35099
2015-11-24,OIL,WTI CRUDE OIL,dis,73067,10825,39767,62081,62242,-22314,132034
2015-11-24,SILVER,SILVER,dis,70210,50817,58718,87443,19393,-28725,170092
2015-11-24,USD,US DOLLAR INDEX,tff,18293,17693,2896,61697,600,-58801,91193
2015-12-01,AUD,AUSTRALIAN DOLLAR,tff,20082,32980,104567,14882,-12898,89685,154800
2015-12-01,CAD,CANADIAN DOLLAR,tff,15207,39503,55054,6312,-24296,48742,145547
2015-12-01,CHF,SWISS FRANC,tff,15166,43298,55049,2124,-28132,52925,78546
2015-12-01,COPPER,COPPER,dis,66155,100408,82846,45306,-34253,37540,180517
2015-12-01,EUR,EURO FX,tff,40995,197721,162540,19082,-156726,143458,462447
2015-12-01,GBP,BRITISH POUND,tff,50925,53629,91853,7578,-2704,84275,187628
2015-12-01,GOLD,GOLD,dis,158792,149042,155554,158465,9750,-2911,390940
2015-12-01,JPY,JAPANESE YEN,tff,21448,101731,142906,3270,-80283,139636,253505
2015-12-01,NZD,NEW ZEALAND DOLLAR,tff,9223,13226,20326,10594,-4003,9732,36623
2015-12-01,OIL,WTI CRUDE OIL,dis,72503,10957,34150,55969,61546,-21819,124269
2015-12-01,SILVER,SILVER,dis,72909,51019,53239,83060,21890,-29821,163286
2015-12-01,USD,US DOLLAR INDEX,tff,18612,19496,2844,62011,-884,-59167,95037
2015-12-08,AUD,AUSTRALIAN DOLLAR,tff,19485,24724,104494,29065,-5239,75429,162139
2015-12-08,CAD,CANADIAN DOLLAR,tff,25925,45545,57892,6508,-19620,51384,162857
2015-12-08,CHF,SWISS FRANC,tff,8507,37641,49680,1413,-29134,48267,77258
2015-12-08,COPPER,COPPER,dis,65812,100004,81927,43773,-34192,38154,179248
2015-12-08,EUR,EURO FX,tff,42876,182251,146745,19646,-139375,127099,474921
2015-12-08,GBP,BRITISH POUND,tff,45881,59125,90930,7169,-13244,83761,200245
2015-12-08,GOLD,GOLD,dis,162764,143141,149617,163614,19623,-13997,394128
2015-12-08,JPY,JAPANESE YEN,tff,16710,99741,135238,5253,-83031,129985,246055
2015-12-08,NZD,NEW ZEALAND DOLLAR,tff,9959,11457,18659,14034,-1498,4625,38425
2015-12-08,OIL,WTI CRUDE OIL,dis,73574,10777,34180,57599,62797,-23419,124747
2015-12-08,SILVER,SILVER,dis,70591,49331,52285,83312,21260,-31027,162758
2015-12-08,USD,US DOLLAR INDEX,tff,21418,18615,2556,62847,2803,-60291,96798
2015-12-15,AUD,AUSTRALIAN DOLLAR,tff,32896,21907,55874,2009,10989,53865,110538
2015-12-15,CAD,CANADIAN DOLLAR,tff,21976,55149,64545,1956,-33173,62589,189775
2015-12-15,CHF,SWISS FRANC,tff,24090,27974,20952,2045,-3884,18907,52468
2015-12-15,COPPER,COPPER,dis,68029,100662,79212,43369,-32633,35843,178761
2015-12-15,EUR,EURO FX,tff,37709,164104,146234,7454,-126395,138780,404837
2015-12-15,GBP,BRITISH POUND,tff,47586,46457,87454,2958,1129,84496,165845
2015-12-15,GOLD,GOLD,dis,155934,142278,151012,159278,13656,-8266,390944
2015-12-15,JPY,JAPANESE YEN,tff,26104,81947,78460,7027,-55843,71433,194196
2015-12-15,NZD,NEW ZEALAND DOLLAR,tff,12207,9540,5339,2310,2667,3029,23626
2015-12-15,OIL,WTI CRUDE OIL,dis,73915,11200,34918,58011,62715,-23093,125911
2015-12-15,SILVER,SILVER,dis,71479,55902,54707,78249,15577,-23542,166864
2015-12-15,USD,US DOLLAR INDEX,tff,11065,17412,2058,44109,-6347,-42051,71495
2015-12-22,AUD,AUSTRALIAN DOLLAR,tff,20248,24325,66943,1498,-4077,65445,106301
2015-12-22,CAD,CANADIAN DOLLAR,tff,18297,56133,77625,2475,-37836,75150,163581
2015-12-22,CHF,SWISS FRANC,tff,18558,25549,24813,2443,-6991,22370,50265
2015-12-22,COPPER,COPPER,dis,63124,93463,79311,43004,-30339,36307,170210
2015-12-22,EUR,EURO FX,tff,38680,168264,144981,9437,-129584,135544,406533
2015-12-22,GBP,BRITISH POUND,tff,52889,59818,111498,2095,-6929,109403,194313
2015-12-22,GOLD,GOLD,dis,154276,127849,151272,173523,26427,-22251,405294
2015-12-22,JPY,JAPANESE YEN,tff,25084,83156,85285,4985,-58072,80300,197375
2015-12-22,NZD,NEW ZEALAND DOLLAR,tff,11408,8834,6930,2743,2574,4187,24057
2015-12-22,OIL,WTI CRUDE OIL,dis,73669,11119,35473,58693,62550,-23220,126147
2015-12-22,SILVER,SILVER,dis,68584,45193,51148,82310,23391,-31162,161116
2015-12-22,USD,US DOLLAR INDEX,tff,10899,8186,1934,44403,2713,-42469,65071
2015-12-29,AUD,AUSTRALIAN DOLLAR,tff,14263,23203,61606,1521,-8940,60085,98174
2015-12-29,CAD,CANADIAN DOLLAR,tff,22080,61460,81852,1923,-39380,79929,172137
2015-12-29,CHF,SWISS FRANC,tff,17784,23848,24826,2431,-6064,22395,49114
2015-12-29,COPPER,COPPER,dis,59955,90061,78884,43214,-30106,35670,167689
2015-12-29,EUR,EURO FX,tff,35015,166364,142605,10140,-131349,132465,400497
2015-12-29,GBP,BRITISH POUND,tff,51124,68571,119550,2498,-17447,117052,204038
2015-12-29,GOLD,GOLD,dis,150229,131127,147179,162514,19102,-15335,401880
2015-12-29,JPY,JAPANESE YEN,tff,30990,75718,73645,10939,-44728,62706,196825
2015-12-29,NZD,NEW ZEALAND DOLLAR,tff,11409,8597,6856,3268,2812,3588,24587
2015-12-29,OIL,WTI CRUDE OIL,dis,73961,11119,35023,58515,62842,-23492,125753
2015-12-29,SILVER,SILVER,dis,68450,47746,52149,82027,20704,-29878,165006
2015-12-29,USD,US DOLLAR INDEX,tff,10968,8462,1934,44369,2506,-42435,64418
2016-01-05,AUD,AUSTRALIAN DOLLAR,tff,16809,22150,59686,1969,-5341,57717,99001
2016-01-05,CAD,CANADIAN DOLLAR,tff,15113,62484,80252,1231,-47371,79021,166610
2016-01-05,CHF,SWISS FRANC,tff,17168,23359,26607,886,-6191,25721,50276
2016-01-05,COPPER,COPPER,dis,63058,94871,79330,42180,-31813,37150,171819
2016-01-05,EUR,EURO FX,tff,38376,161853,145548,11758,-123477,133790,407105
2016-01-05,GBP,BRITISH POUND,tff,51433,81273,135234,2742,-29840,132492,221993
2016-01-05,GOLD,GOLD,dis,153532,126972,147674,166949,26560,-19275,413688
2016-01-05,JPY,JAPANESE YEN,tff,49626,73563,68796,35092,-23937,33704,220707
2016-01-05,NZD,NEW ZEALAND DOLLAR,tff,13491,9348,5772,2999,4143,2773,24928
2016-01-05,OIL,WTI CRUDE OIL,dis,69082,11009,33135,54058,58073,-20923,116029
2016-01-05,SILVER,SILVER,dis,69779,48153,52680,81479,21626,-28799,167520
2016-01-05,USD,US DOLLAR INDEX,tff,16870,11667,983,53603,5203,-52620,74475
2016-01-12,AUD,AUSTRALIAN DOLLAR,tff,20558,33393,80085,1431,-12835,78654,121590
2016-01-12,CAD,CANADIAN DOLLAR,tff,14013,63659,78369,2072,-49646,76297,166273
2016-01-12,CHF,SWISS FRANC,tff,15156,21232,23859,760,-6076,23099,46428
2016-01-12,COPPER,COPPER,dis,68662,110687,88452,40280,-42025,48172,193520
2016-01-12,EUR,EURO FX,tff,36831,146209,139817,16492,-109378,123325,398570
2016-01-12,GBP,BRITISH POUND,tff,45591,89200,161748,3880,-43609,157868,238868
2016-01-12,GOLD,GOLD,dis,158655,113937,142221,185806,44718,-43585,397565
2016-01-12,JPY,JAPANESE YEN,tff,65687,64880,70936,67895,807,3041,241366
2016-01-12,NZD,NEW ZEALAND DOLLAR,tff,12961,9324,5705,2872,3637,2833,25434
2016-01-12,OIL,WTI CRUDE OIL,dis,68851,11419,33852,53591,57432,-19739,117322
2016-01-12,SILVER,SILVER,dis,71255,48772,50690,81252,22483,-30562,166172
2016-01-12,USD,US DOLLAR INDEX,tff,20054,8618,855,56514,11436,-55659,73868
2016-01-19,AUD,AUSTRALIAN DOLLAR,tff,16860,44020,95195,1432,-27160,93763,132814
2016-01-19,CAD,CANADIAN DOLLAR,tff,11122,63206,78751,1568,-52084,77183,165344
2016-01-19,CHF,SWISS FRANC,tff,15670,23660,26337,1144,-7990,25193,49290
2016-01-19,COPPER,COPPER,dis,68711,112117,92728,43574,-43406,49154,199011
2016-01-19,EUR,EURO FX,tff,42777,138771,130616,29924,-95994,100692,400362
2016-01-19,GBP,BRITISH POUND,tff,48193,103655,177700,3922,-55462,173778,259589
2016-01-19,GOLD,GOLD,dis,158320,114626,140723,180866,43694,-40143,408835
2016-01-19,JPY,JAPANESE YEN,tff,71478,61766,67862,82815,9712,-14953,247614
2016-01-19,NZD,NEW ZEALAND DOLLAR,tff,9675,11284,11202,2002,-1609,9200,28114
2016-01-19,OIL,WTI CRUDE OIL,dis,68724,11606,34235,53642,57118,-19407,117475
2016-01-19,SILVER,SILVER,dis,68196,39238,49508,85542,28958,-36034,159521
2016-01-19,USD,US DOLLAR INDEX,tff,21064,10703,458,56937,10361,-56479,76206
2016-01-26,AUD,AUSTRALIAN DOLLAR,tff,14072,41535,86027,1492,-27463,84535,125451
2016-01-26,CAD,CANADIAN DOLLAR,tff,10525,70562,78188,3627,-60037,74561,165240
2016-01-26,CHF,SWISS FRANC,tff,15531,29301,32890,450,-13770,32440,55694
2016-01-26,COPPER,COPPER,dis,64968,101795,94258,50133,-36827,44125,202900
2016-01-26,EUR,EURO FX,tff,41806,130781,133705,34719,-88975,98986,402227
2016-01-26,GBP,BRITISH POUND,tff,44889,106570,194292,4719,-61681,189573,272798
2016-01-26,GOLD,GOLD,dis,170471,111431,115343,175176,59040,-59833,385350
2016-01-26,JPY,JAPANESE YEN,tff,77549,59819,65432,92636,17730,-27204,250711
2016-01-26,NZD,NEW ZEALAND DOLLAR,tff,10070,12089,13534,1678,-2019,11856,30437
2016-01-26,OIL,WTI CRUDE OIL,dis,68160,12297,37030,61782,55863,-24752,119861
2016-01-26,SILVER,SILVER,dis,68920,31334,46228,91352,37586,-45124,154734
2016-01-26,USD,US DOLLAR INDEX,tff,20036,9372,310,57628,10664,-57318,75839
2016-02-02,AUD,AUSTRALIAN DOLLAR,tff,13480,38081,75776,1928,-24601,73848,122056
2016-02-02,CAD,CANADIAN DOLLAR,tff,7362,56916,73164,9605,-49554,63559,157362
2016-02-02,CHF,SWISS FRANC,tff,16424,30519,35339,2005,-14095,33334,59370
2016-02-02,COPPER,COPPER,dis,63562,99073,90906,48979,-35511,41927,201682
2016-02-02,EUR,EURO FX,tff,44996,119549,124323,62749,-74553,61574,403939
2016-02-02,GBP,BRITISH POUND,tff,41567,113141,196739,4626,-71574,192113,270680
2016-02-02,GOLD,GOLD,dis,176968,104146,116469,193824,72822,-77355,379185
2016-02-02,JPY,JAPANESE YEN,tff,72639,56561,69903,71054,16078,-1151,237289
2016-02-02,NZD,NEW ZEALAND DOLLAR,tff,7874,12855,16316,1609,-4981,14707,30979
2016-02-02,OIL,WTI CRUDE OIL,dis,68170,11546,34266,60304,56624,-26038,117229
2016-02-02,SILVER,SILVER,dis,70685,32097,47967,93441,38588,-45474,157934
2016-02-02,USD,US DOLLAR INDEX,tff,21533,10602,303,57095,10931,-56792,76120
2016-02-09,AUD,AUSTRALIAN DOLLAR,tff,18587,33209,53554,6886,-14622,46668,113354
2016-02-09,CAD,CANADIAN DOLLAR,tff,7122,56866,72800,23333,-49744,49467,157150
2016-02-09,CHF,SWISS FRANC,tff,10695,27454,31078,2340,-16759,28738,52701
2016-02-09,COPPER,COPPER,dis,63452,90280,82362,51598,-26828,30764,189518
2016-02-09,EUR,EURO FX,tff,56296,118095,125835,110810,-61799,15025,441228
2016-02-09,GBP,BRITISH POUND,tff,40093,105342,185560,4456,-65249,181104,255866
2016-02-09,GOLD,GOLD,dis,201754,103326,121357,226280,98428,-104923,410833
2016-02-09,JPY,JAPANESE YEN,tff,62341,56896,70404,89756,5445,-19352,237081
2016-02-09,NZD,NEW ZEALAND DOLLAR,tff,7988,10501,18443,3541,-2513,14902,33544
2016-02-09,OIL,WTI CRUDE OIL,dis,67793,11547,34859,60396,56246,-25537,117726
2016-02-09,SILVER,SILVER,dis,78108,25426,44437,106146,52682,-61709,164664
2016-02-09,USD,US DOLLAR INDEX,tff,27594,11811,709,53768,15783,-53059,75853
2016-02-16,AUD,AUSTRALIAN DOLLAR,tff,21077,35206,48340,11151,-14129,37189,111447
2016-02-16,CAD,CANADIAN DOLLAR,tff,7142,53122,72134,31520,-45980,40614,158608
2016-02-16,CHF,SWISS FRANC,tff,10417,24361,25670,2645,-13944,23025,48564
2016-02-16,COPPER,COPPER,dis,60041,87379,84081,55020,-27338,29061,191131
2016-02-16,EUR,EURO FX,tff,57265,98372,118338,122124,-41107,-3786,429997
2016-02-16,GBP,BRITISH POUND,tff,46047,104980,184281,4462,-58933,179819,260649
2016-02-16,GOLD,GOLD,dis,209101,91741,127800,259784,117360,-131984,428912
2016-02-16,JPY,JAPANESE YEN,tff,69256,53947,70860,97322,15309,-26462,248985
2016-02-16,NZD,NEW ZEALAND DOLLAR,tff,7364,8467,19084,3720,-1103,15364,33596
2016-02-16,OIL,WTI CRUDE OIL,dis,68426,13270,35047,60904,55156,-25857,118632
2016-02-16,SILVER,SILVER,dis,80249,21532,44638,114700,58717,-70062,166645
2016-02-16,USD,US DOLLAR INDEX,tff,25055,13026,883,47857,12029,-46974,69926
2016-02-23,AUD,AUSTRALIAN DOLLAR,tff,26035,33180,47669,22027,-7145,25642,119526
2016-02-23,CAD,CANADIAN DOLLAR,tff,8561,51834,71111,38074,-43273,33037,157921
2016-02-23,CHF,SWISS FRANC,tff,10404,22379,27614,2255,-11975,25359,47838
2016-02-23,COPPER,COPPER,dis,57954,80901,77038,51058,-22947,25980,173541
2016-02-23,EUR,EURO FX,tff,55047,90947,123404,124087,-35900,-683,422624
2016-02-23,GBP,BRITISH POUND,tff,45264,103280,178814,3551,-58016,175263,257214
2016-02-23,GOLD,GOLD,dis,227381,82403,120854,284003,144978,-163149,445290
2016-02-23,JPY,JAPANESE YEN,tff,73625,57704,70873,105217,15921,-34344,257064
2016-02-23,NZD,NEW ZEALAND DOLLAR,tff,8925,8715,16636,3709,210,12927,32618
2016-02-23,OIL,WTI CRUDE OIL,dis,67465,13529,34583,62579,53936,-27996,120859
2016-02-23,SILVER,SILVER,dis,83189,21262,45040,118717,61927,-73677,174697
2016-02-23,USD,US DOLLAR INDEX,tff,24704,12436,679,46542,12268,-45863,69258
2016-03-01,AUD,AUSTRALIAN DOLLAR,tff,28271,31352,47241,31320,-3081,15921,122911
2016-03-01,CAD,CANADIAN DOLLAR,tff,6213,42929,71146,45764,-36716,25382,159107
2016-03-01,CHF,SWISS FRANC,tff,10691,21607,27413,1733,-10916,25680,47634
2016-03-01,COPPER,COPPER,dis,55749,80365,73508,47245,-24616,26263,160010
2016-03-01,EUR,EURO FX,tff,55422,107037,127024,89796,-51615,37228,417624
2016-03-01,GBP,BRITISH POUND,tff,47707,114471,196948,3526,-66764,193422,275825
2016-03-01,GOLD,GOLD,dis,223186,70773,115571,287002,152413,-171431,450555
2016-03-01,JPY,JAPANESE YEN,tff,78742,53078,70081,108400,25664,-38319,261679
2016-03-01,NZD,NEW ZEALAND DOLLAR,tff,10352,9966,14591,3811,386,10780,31473
2016-03-01,OIL,WTI CRUDE OIL,dis,67505,12809,31516,62011,54696,-30495,115959
2016-03-01,SILVER,SILVER,dis,78607,23127,48025,113262,55480,-65237,162293
2016-03-01,USD,US DOLLAR INDEX,tff,22039,11125,438,42424,10914,-41986,64297
2016-03-08,AUD,AUSTRALIAN DOLLAR,tff,32263,22935,46219,51999,9328,-5780,141845
2016-03-08,CAD,CANADIAN DOLLAR,tff,10860,43014,72631,57244,-32154,15387,174347
2016-03-08,CHF,SWISS FRANC,tff,10705,19415,26036,2098,-8710,23938,49744
2016-03-08,COPPER,COPPER,dis,63178,66056,70111,66455,-2878,3656,165888
2016-03-08,EUR,EURO FX,tff,51645,113572,126759,81881,-61927,44878,433221
2016-03-08,GBP,BRITISH POUND,tff,39717,114637,199736,3922,-74920,195814,299048
2016-03-08,GOLD,GOLD,dis,252895,78085,116493,311865,174810,-195372,499110
2016-03-08,JPY,JAPANESE YEN,tff,84529,49600,67235,112635,34929,-45400,289879
2016-03-08,NZD,NEW ZEALAND DOLLAR,tff,13481,12047,11329,3955,1434,7374,34957
2016-03-08,OIL,WTI CRUDE OIL,dis,69473,12728,31252,62376,56745,-31124,117781
2016-03-08,SILVER,SILVER,dis,79879,19995,47434,118249,59884,-70815,169875
2016-03-08,USD,US DOLLAR INDEX,tff,23029,10469,633,42259,12560,-41626,63702
2016-03-15,AUD,AUSTRALIAN DOLLAR,tff,29159,13780,1337,32299,15379,-30962,99992
2016-03-15,CAD,CANADIAN DOLLAR,tff,11772,35994,73309,67798,-24222,5511,169228
2016-03-15,CHF,SWISS FRANC,tff,17408,16167,14377,1438,1241,12939,40250
2016-03-15,COPPER,COPPER,dis,63343,63890,72119,71009,-547,1110,175443
2016-03-15,EUR,EURO FX,tff,31348,106061,83931,9761,-74713,74170,322405
2016-03-15,GBP,BRITISH POUND,tff,78410,104520,150129,1658,-26110,148471,253177
2016-03-15,GOLD,GOLD,dis,247659,78147,118610,304141,169512,-185531,493086
2016-03-15,JPY,JAPANESE YEN,tff,75676,30600,3705,16348,45076,-12643,140084
2016-03-15,NZD,NEW ZEALAND DOLLAR,tff,15355,9818,5539,1617,5537,3922,28451
2016-03-15,OIL,WTI CRUDE OIL,dis,71085,13925,33353,63817,57160,-30464,121487
2016-03-15,SILVER,SILVER,dis,76606,18533,46447,116471,58073,-70024,166180
2016-03-15,USD,US DOLLAR INDEX,tff,11725,16728,782,26416,-5003,-25634,49684
2016-03-22,AUD,AUSTRALIAN DOLLAR,tff,34577,15085,2446,42536,19492,-40090,111677
2016-03-22,CAD,CANADIAN DOLLAR,tff,13897,29497,2690,21448,-15600,-18758,98997
2016-03-22,CHF,SWISS FRANC,tff,13587,14519,13957,1731,-932,12226,37656
2016-03-22,COPPER,COPPER,dis,62514,61596,72166,73203,918,-1037,178177
2016-03-22,EUR,EURO FX,tff,34559,103365,78993,17380,-68806,61613,324310
2016-03-22,GBP,BRITISH POUND,tff,55389,103002,163485,1845,-47613,161640,246222
2016-03-22,GOLD,GOLD,dis,258646,79815,127081,327075,178831,-199994,510579
2016-03-22,JPY,JAPANESE YEN,tff,72622,27245,4343,29704,45377,-25361,146421
2016-03-22,NZD,NEW ZEALAND DOLLAR,tff,13884,9591,5277,1824,4293,3453,27163
2016-03-22,OIL,WTI CRUDE OIL,dis,72496,13187,35440,72817,59309,-37377,124782
2016-03-22,SILVER,SILVER,dis,82933,19504,47743,124985,63429,-77242,175775
2016-03-22,USD,US DOLLAR INDEX,tff,11022,18315,425,26362,-7293,-25937,52614
2016-03-29,AUD,AUSTRALIAN DOLLAR,tff,40086,15681,2410,47792,24405,-45382,119665
2016-03-29,CAD,CANADIAN DOLLAR,tff,19724,30350,2240,26367,-10626,-24127,101099
2016-03-29,CHF,SWISS FRANC,tff,12246,12572,12496,2213,-326,10283,35601
2016-03-29,COPPER,COPPER,dis,67603,72029,76022,72557,-4426,3465,186775
2016-03-29,EUR,EURO FX,tff,40268,103385,78533,23474,-63117,55059,330090
2016-03-29,GBP,BRITISH POUND,tff,53343,104806,165346,2222,-51463,163124,250444
2016-03-29,GOLD,GOLD,dis,262082,72276,123227,331191,189806,-207964,480461
2016-03-29,JPY,JAPANESE YEN,tff,72050,30144,3942,31396,41906,-27454,148292
2016-03-29,NZD,NEW ZEALAND DOLLAR,tff,14987,9476,5407,2356,5511,3051,28248
2016-03-29,OIL,WTI CRUDE OIL,dis,72948,13607,36713,74057,59341,-37344,127917
2016-03-29,SILVER,SILVER,dis,79493,24986,47675,115779,54507,-68104,175255
2016-03-29,USD,US DOLLAR INDEX,tff,11708,19607,373,26216,-7899,-25843,53669
2016-04-05,AUD,AUSTRALIAN DOLLAR,tff,48696,12511,2855,49051,36185,-46196,121060
2016-04-05,CAD,CANADIAN DOLLAR,tff,21159,26991,1853,35249,-5832,-33396,105335
2016-04-05,CHF,SWISS FRANC,tff,10885,10603,12276,7761,282,4515,36411
2016-04-05,COPPER,COPPER,dis,67537,77622,76425,66055,-10085,10370,192906
2016-04-05,EUR,EURO FX,tff,44989,99328,76957,34577,-54339,42380,338533
2016-04-05,GBP,BRITISH POUND,tff,55601,96512,160016,2633,-40911,157383,247586
2016-04-05,GOLD,GOLD,dis,263781,73381,118103,325348,190400,-207245,474094
2016-04-05,JPY,JAPANESE YEN,tff,77687,39341,3010,47906,38346,-44896,166831
2016-04-05,NZD,NEW ZEALAND DOLLAR,tff,15300,9887,5306,4085,5413,1221,28309
2016-04-05,OIL,WTI CRUDE OIL,dis,70994,8815,30207,68535,62179,-38328,120623
2016-04-05,SILVER,SILVER,dis,79942,27931,51291,110956,52011,-59665,179913
2016-04-05,USD,US DOLLAR INDEX,tff,9846,21194,429,26409,-11348,-25980,56323
2016-04-12,AUD,AUSTRALIAN DOLLAR,tff,53152,18318,2791,53602,34834,-50811,132621
2016-04-12,CAD,CANADIAN DOLLAR,tff,21219,25800,3187,42729,-4581,-39542,107755
2016-04-12,CHF,SWISS FRANC,tff,10947,8448,12394,14346,2499,-1952,39757
2016-04-12,COPPER,COPPER,dis,68479,90800,84007,59754,-22321,24253,201236
2016-04-12,EUR,EURO FX,tff,42407,89897,75309,37611,-47490,37698,333535
2016-04-12,GBP,BRITISH POUND,tff,51116,87161,151538,3689,-36045,147849,236169
2016-04-12,GOLD,GOLD,dis,286341,72534,122181,353968,213807,-231787,504523
2016-04-12,JPY,JAPANESE YEN,tff,85840,39564,6975,50472,46276,-43497,173515
2016-04-12,NZD,NEW ZEALAND DOLLAR,tff,15728,8728,5995,5036,7000,959,29575
2016-04-12,OIL,WTI CRUDE OIL,dis,70765,8917,31607,61705,61848,-30098,122801
2016-04-12,SILVER,SILVER,dis,87892,25424,52108,124524,62468,-72416,184800
2016-04-12,USD,US DOLLAR INDEX,tff,13938,22903,876,26582,-8965,-25706,59054
2016-04-19,AUD,AUSTRALIAN DOLLAR,tff,61030,15836,3086,63624,45194,-60538,142922
2016-04-19,CAD,CANADIAN DOLLAR,tff,23032,24947,3447,53746,-1915,-50299,114198
2016-04-19,CHF,SWISS FRANC,tff,13880,9390,12795,16329,4490,-3534,43212
2016-04-19,COPPER,COPPER,dis,66318,90834,86690,61270,-24516,25420,201891
2016-04-19,EUR,EURO FX,tff,48596,99473,75217,43377,-50877,31840,345563
2016-04-19,GBP,BRITISH POUND,tff,48821,89359,147251,14639,-40538,132612,238195
2016-04-19,GOLD,GOLD,dis,291143,74306,117743,357864,216837,-240121,503331
2016-04-19,JPY,JAPANESE YEN,tff,85076,42156,6264,56888,42920,-50624,179888
2016-04-19,NZD,NEW ZEALAND DOLLAR,tff,16754,8450,6277,7141,8304,-864,31313
2016-04-19,OIL,WTI CRUDE OIL,dis,70560,8917,31640,68638,61643,-36998,123140
2016-04-19,SILVER,SILVER,dis,94988,23560,53952,138036,71428,-84084,194510
2016-04-19,USD,US DOLLAR INDEX,tff,17827,25580,288,26216,-7753,-25928,62494
2016-04-26,AUD,AUSTRALIAN DOLLAR,tff,74943,13786,2854,78694,61157,-75840,155703
2016-04-26,CAD,CANADIAN DOLLAR,tff,27276,25727,2990,61748,1549,-58758,121080
2016-04-26,CHF,SWISS FRANC,tff,17542,12968,12477,10179,4574,2298,42860
2016-04-26,COPPER,COPPER,dis,65274,73350,74069,63893,-8076,10176,172378
2016-04-26,EUR,EURO FX,tff,47618,90830,65407,48424,-43212,16983,340200
2016-04-26,GBP,BRITISH POUND,tff,54424,84743,145261,24990,-30319,120271,243829
2016-04-26,GOLD,GOLD,dis,288173,67316,116445,356553,220857,-240108,497884
2016-04-26,JPY,JAPANESE YEN,tff,81734,35361,6006,45579,46373,-39573,168767
2016-04-26,NZD,NEW ZEALAND DOLLAR,tff,19014,8491,6267,10698,10523,-4431,33789
2016-04-26,OIL,WTI CRUDE OIL,dis,70711,8945,31911,68546,61766,-36635,125730
2016-04-26,SILVER,SILVER,dis,99774,21001,56700,148002,78773,-91302,206748
2016-04-26,USD,US DOLLAR INDEX,tff,16975,26723,376,26145,-9748,-25769,64034
2016-05-03,AUD,AUSTRALIAN DOLLAR,tff,68478,15046,4358,65410,53432,-61052,142695
2016-05-03,CAD,CANADIAN DOLLAR,tff,30255,22972,2821,66794,7283,-63973,123864
2016-05-03,CHF,SWISS FRANC,tff,14938,13053,11798,10500,1885,1298,41656
2016-05-03,COPPER,COPPER,dis,65651,73111,75186,66922,-7460,8264,176458
2016-05-03,EUR,EURO FX,tff,51355,89978,64509,69774,-38623,-5265,360461
2016-05-03,GBP,BRITISH POUND,tff,54733,76816,147495,39700,-22083,107795,248180
2016-05-03,GOLD,GOLD,dis,338476,66828,116644,411545,271648,-294901,565774
2016-05-03,JPY,JAPANESE YEN,tff,63441,33832,7846,44178,29609,-36332,161529
2016-05-03,NZD,NEW ZEALAND DOLLAR,tff,20351,8021,7311,13737,12330,-6426,36578
2016-05-03,OIL,WTI CRUDE OIL,dis,71160,11168,34461,67318,59992,-32857,121109
2016-05-03,SILVER,SILVER,dis,100401,24526,55731,146325,75875,-90594,198237
2016-05-03,USD,US DOLLAR INDEX,tff,20241,32635,436,26116,-12394,-25680,71528
2016-05-10,AUD,AUSTRALIAN DOLLAR,tff,52440,12251,7886,49730,40189,-41844,126768
2016-05-10,CAD,CANADIAN DOLLAR,tff,31964,14999,1316,72995,16965,-71679,124765
2016-05-10,CHF,SWISS FRANC,tff,16327,14964,14275,9180,1363,5095,42701
2016-05-10,COPPER,COPPER,dis,71365,94191,81612,59207,-22826,22405,184768
2016-05-10,EUR,EURO FX,tff,43026,74363,62811,67691,-31337,-4880,344978
2016-05-10,GBP,BRITISH POUND,tff,54308,60797,147348,41766,-6489,105582,238519
2016-05-10,GOLD,GOLD,dis,337251,72353,123211,408207,264898,-284996,579777
2016-05-10,JPY,JAPANESE YEN,tff,65849,38754,8271,40763,27095,-32492,165549
2016-05-10,NZD,NEW ZEALAND DOLLAR,tff,20008,6402,17045,13685,13606,3360,45419
2016-05-10,OIL,WTI CRUDE OIL,dis,71808,12102,34376,67719,59706,-33343,122819
2016-05-10,SILVER,SILVER,dis,107844,27573,53870,145602,80271,-91732,205391
2016-05-10,USD,US DOLLAR INDEX,tff,18845,28358,289,26117,-9513,-25828,67841
2016-05-17,AUD,AUSTRALIAN DOLLAR,tff,42813,14673,9553,32914,28140,-23361,114119
2016-05-17,CAD,CANADIAN DOLLAR,tff,28502,13679,1839,75499,14823,-73660,124370
2016-05-17,CHF,SWISS FRANC,tff,16123,17312,17842,7666,-1189,10176,44754
2016-05-17,COPPER,COPPER,dis,79184,109830,88280,58337,-30646,29943,203157
2016-05-17,EUR,EURO FX,tff,48634,71176,62501,65525,-22542,-3024,349559
2016-05-17,GBP,BRITISH POUND,tff,54283,62240,147755,36114,-7957,111641,239158
2016-05-17,GOLD,GOLD,dis,340748,74460,122477,412720,266288,-290243,595077
2016-05-17,JPY,JAPANESE YEN,tff,67494,37287,7646,38022,30207,-30376,158909
2016-05-17,NZD,NEW ZEALAND DOLLAR,tff,18679,7608,17176,10765,11071,6411,43986
2016-05-17,OIL,WTI CRUDE OIL,dis,73965,12809,35671,69754,61156,-34083,127305
2016-05-17,SILVER,SILVER,dis,105988,28786,54759,144654,77202,-89895,207394
2016-05-17,USD,US DOLLAR INDEX,tff,16994,26344,168,25621,-9350,-25453,65412
2016-05-24,AUD,AUSTRALIAN DOLLAR,tff,33843,17403,24077,26549,16440,-2472,114633
2016-05-24,CAD,CANADIAN DOLLAR,tff,22569,9516,3206,72971,13053,-69765,123789
2016-05-24,CHF,SWISS FRANC,tff,18727,22051,24367,4680,-3324,19687,52142
2016-05-24,COPPER,COPPER,dis,72160,113213,101182,59397,-41053,41785,210264
2016-05-24,EUR,EURO FX,tff,44138,92972,68359,40565,-48834,27794,350242
2016-05-24,GBP,BRITISH POUND,tff,53640,58378,148211,37684,-4738,110527,244377
2016-05-24,GOLD,GOLD,dis,291266,84634,146205,371418,206632,-225213,542958
2016-05-24,JPY,JAPANESE YEN,tff,65033,42602,11603,28222,22431,-16619,159833
2016-05-24,NZD,NEW ZEALAND DOLLAR,tff,15705,6616,18718,9108,9089,9610,42189
2016-05-24,OIL,WTI CRUDE OIL,dis,74211,13367,38050,71040,60844,-32990,130729
2016-05-24,SILVER,SILVER,dis,97242,31358,59097,137390,65884,-78293,203682
2016-05-24,USD,US DOLLAR INDEX,tff,13499,23392,163,25688,-9893,-25525,61266
2016-05-31,AUD,AUSTRALIAN DOLLAR,tff,27458,16344,35884,21794,11114,14090,114647
2016-05-31,CAD,CANADIAN DOLLAR,tff,23635,9509,3906,71659,14126,-67753,126518
2016-05-31,CHF,SWISS FRANC,tff,18311,30203,28424,1742,-11892,26682,57175
2016-05-31,COPPER,COPPER,dis,71316,110143,102473,61117,-38827,41356,217128
2016-05-31,EUR,EURO FX,tff,47103,108677,75509,31570,-61574,43939,356178
2016-05-31,GBP,BRITISH POUND,tff,51812,52122,147251,47176,-310,100075,243685
2016-05-31,GOLD,GOLD,dis,274589,77454,133624,347662,197135,-214038,494321
2016-05-31,JPY,JAPANESE YEN,tff,64787,39690,12566,22257,25097,-9691,156499
2016-05-31,NZD,NEW ZEALAND DOLLAR,tff,17576,6754,18981,11420,10822,7561,44604
2016-05-31,OIL,WTI CRUDE OIL,dis,74835,13799,39024,71876,61036,-32852,132829
2016-05-31,SILVER,SILVER,dis,89815,28184,59970,135935,61631,-75965,198118
2016-05-31,USD,US DOLLAR INDEX,tff,13292,24546,163,25616,-11254,-25453,62195
2016-06-07,AUD,AUSTRALIAN DOLLAR,tff,18906,24006,42509,17736,-5100,24773,119376
2016-06-07,CAD,CANADIAN DOLLAR,tff,18626,13785,5765,68221,4841,-62456,135330
2016-06-07,CHF,SWISS FRANC,tff,15871,31931,32347,2569,-16060,29778,62626
2016-06-07,COPPER,COPPER,dis,72543,111837,101886,65651,-39294,36235,227927
2016-06-07,EUR,EURO FX,tff,40588,104671,69125,31845,-64083,37280,386010
2016-06-07,GBP,BRITISH POUND,tff,52709,59499,150658,41084,-6790,109574,259238
2016-06-07,GOLD,GOLD,dis,295688,67069,112940,356632,228619,-243692,496330
2016-06-07,JPY,JAPANESE YEN,tff,61157,34991,15433,28876,26166,-13443,180894
2016-06-07,NZD,NEW ZEALAND DOLLAR,tff,26379,9695,16805,16654,16684,151,57750
2016-06-07,OIL,WTI CRUDE OIL,dis,73048,13596,28942,64233,59452,-35291,124294
2016-06-07,SILVER,SILVER,dis,86676,29635,56476,128310,57041,-71834,192376
2016-06-07,USD,US DOLLAR INDEX,tff,17319,28834,164,25532,-11515,-25368,70139
2016-06-14,AUD,AUSTRALIAN DOLLAR,tff,20051,22717,8391,2906,-2666,5485,79135
2016-06-14,CAD,CANADIAN DOLLAR,tff,26554,19923,354,71145,6631,-70791,177711
2016-06-14,CHF,SWISS FRANC,tff,16234,21720,16990,1969,-5486,15021,43110
2016-06-14,COPPER,COPPER,dis,71360,116171,108111,62804,-44811,45307,239071
2016-06-14,EUR,EURO FX,tff,34745,104819,79214,10230,-70074,68984,325402
2016-06-14,GBP,BRITISH POUND,tff,55304,58677,118981,2547,-3373,116434,206389
2016-06-14,GOLD,GOLD,dis,347557,67695,113281,411358,279862,-298077,545357
2016-06-14,JPY,JAPANESE YEN,tff,65862,19123,2286,2561,46739,-275,139052
2016-06-14,NZD,NEW ZEALAND DOLLAR,tff,30581,8802,1011,4338,21779,-3327,41919
2016-06-14,OIL,WTI CRUDE OIL,dis,72679,14874,31268,64533,57805,-33265,125999
2016-06-14,SILVER,SILVER,dis,97370,27731,56766,138510,69639,-81744,199111
2016-06-14,USD,US DOLLAR INDEX,tff,6820,30517,149,10893,-23697,-10744,50315
2016-06-21,AUD,AUSTRALIAN DOLLAR,tff,18437,24315,7574,5456,-5878,2118,78925
2016-06-21,CAD,CANADIAN DOLLAR,tff,25067,33983,0,47181,-8916,-47181,118157
2016-06-21,CHF,SWISS FRANC,tff,11203,18486,16012,2584,-7283,13428,38535
2016-06-21,COPPER,COPPER,dis,63839,96765,95785,61300,-32926,34485,215529
2016-06-21,EUR,EURO FX,tff,20771,99392,82416,10981,-78621,71435,317400
2016-06-21,GBP,BRITISH POUND,tff,40365,56844,124704,2910,-16479,121794,199189
2016-06-21,GOLD,GOLD,dis,358825,66096,119782,431919,292729,-312137,571517
2016-06-21,JPY,JAPANESE YEN,tff,66825,22600,3130,2993,44225,137,144710
2016-06-21,NZD,NEW ZEALAND DOLLAR,tff,32019,8428,1564,6518,23591,-4954,43562
2016-06-21,OIL,WTI CRUDE OIL,dis,72638,14838,31042,64630,57800,-33588,127292
2016-06-21,SILVER,SILVER,dis,106942,26699,55836,145772,80243,-89936,205618
2016-06-21,USD,US DOLLAR INDEX,tff,6999,30564,170,10876,-23565,-10706,50649
2016-06-28,AUD,AUSTRALIAN DOLLAR,tff,21846,26930,5046,11341,-5084,-6295,70276
2016-06-28,CAD,CANADIAN DOLLAR,tff,21287,27837,0,48511,-6550,-48511,114425
2016-06-28,CHF,SWISS FRANC,tff,10534,12519,16169,5147,-1985,11022,35507
2016-06-28,COPPER,COPPER,dis,53692,73506,83357,60873,-19814,22484,167927
2016-06-28,EUR,EURO FX,tff,49126,107937,84085,8870,-58811,75215,337273
2016-06-28,GBP,BRITISH POUND,tff,35904,50178,131463,3867,-14274,127596,206551
2016-06-28,GOLD,GOLD,dis,373128,71208,127169,453490,301920,-326321,613792
2016-06-28,JPY,JAPANESE YEN,tff,73531,22201,3543,3995,51330,-452,143117
2016-06-28,NZD,NEW ZEALAND DOLLAR,tff,31930,8291,2089,7581,23639,-5492,43462
2016-06-28,OIL,WTI CRUDE OIL,dis,73348,14856,31814,65557,58492,-33743,129183
2016-06-28,SILVER,SILVER,dis,107555,23894,56671,151872,83661,-95201,211396
2016-06-28,USD,US DOLLAR INDEX,tff,6706,27951,180,10862,-21245,-10682,47703
2016-07-05,AUD,AUSTRALIAN DOLLAR,tff,24599,23089,5043,13740,1510,-8697,72989
2016-07-05,CAD,CANADIAN DOLLAR,tff,22267,27060,0,51059,-4793,-51059,116494
2016-07-05,CHF,SWISS FRANC,tff,10237,14363,15945,2759,-4126,13186,34796
2016-07-05,COPPER,COPPER,dis,50675,70144,83339,61420,-19469,21919,164665
2016-07-05,EUR,EURO FX,tff,50547,125202,106777,7613,-74655,99164,362649
2016-07-05,GBP,BRITISH POUND,tff,38928,68243,145774,2687,-29315,143087,227939
2016-07-05,GOLD,GOLD,dis,389590,73627,123735,463942,315963,-340207,652971
2016-07-05,JPY,JAPANESE YEN,tff,74742,21125,5336,12791,53617,-7455,150417
2016-07-05,NZD,NEW ZEALAND DOLLAR,tff,32861,7434,2069,8247,25427,-6178,44234
2016-07-05,OIL,WTI CRUDE OIL,dis,65561,14525,31597,60354,51036,-28757,119340
2016-07-05,SILVER,SILVER,dis,111348,25594,55718,154486,85754,-98768,211347
2016-07-05,USD,US DOLLAR INDEX,tff,5981,31671,191,11061,-25690,-10870,51060
2016-07-12,AUD,AUSTRALIAN DOLLAR,tff,36394,20945,3164,31752,15449,-28588,89743
2016-07-12,CAD,CANADIAN DOLLAR,tff,22394,20948,144,54236,1446,-54092,114230
2016-07-12,CHF,SWISS FRANC,tff,10534,16752,19549,1610,-6218,17939,39010
2016-07-12,COPPER,COPPER,dis,54430,68660,81522,65891,-14230,15631,166225
2016-07-12,EUR,EURO FX,tff,44389,136261,117858,9535,-91872,108323,370372
2016-07-12,GBP,BRITISH POUND,tff,33110,73586,159428,4989,-40476,154439,236611
2016-07-12,GOLD,GOLD,dis,378081,80618,123258,448710,297463,-325452,633020
2016-07-12,JPY,JAPANESE YEN,tff,79740,24762,18407,3950,54978,14457,161262
2016-07-12,NZD,NEW ZEALAND DOLLAR,tff,32854,6364,1798,10285,26490,-8487,44750
2016-07-12,OIL,WTI CRUDE OIL,dis,65036,14040,31944,63091,50996,-31147,120486
2016-07-12,SILVER,SILVER,dis,114376,26724,54035,154155,87652,-100120,214617
2016-07-12,USD,US DOLLAR INDEX,tff,6660,31132,210,12600,-24472,-12390,52678
2016-07-19,AUD,AUSTRALIAN DOLLAR,tff,46513,18874,2831,39605,27639,-36774,99518
2016-07-19,CAD,CANADIAN DOLLAR,tff,22557,19480,456,59515,3077,-59059,117603
2016-07-19,CHF,SWISS FRANC,tff,10593,18384,21991,1415,-7791,20576,41766
2016-07-19,COPPER,COPPER,dis,66010,63646,79046,79937,2364,-891,178364
2016-07-19,EUR,EURO FX,tff,47774,152822,131597,10055,-105048,121542,388905
2016-07-19,GBP,BRITISH POUND,tff,19984,79458,163130,3953,-59474,159177,225589
2016-07-19,GOLD,GOLD,dis,366871,80960,119433,434910,285911,-315477,617069
2016-07-19,JPY,JAPANESE YEN,tff,72635,26719,20446,2298,45916,18148,158366
2016-07-19,NZD,NEW ZEALAND DOLLAR,tff,29862,5061,2097,10398,24801,-8301,41199
2016-07-19,OIL,WTI CRUDE OIL,dis,65770,14040,32047,63796,51730,-31749,121400
2016-07-19,SILVER,SILVER,dis,120839,26449,50379,156634,94390,-106255,219206
2016-07-19,USD,US DOLLAR INDEX,tff,12298,32640,224,14773,-20342,-14549,56826
2016-07-26,AUD,AUSTRALIAN DOLLAR,tff,46237,14384,1646,38263,31853,-36617,95520
2016-07-26,CAD,CANADIAN DOLLAR,tff,24096,18285,1288,55477,5811,-54189,118079
2016-07-26,CHF,SWISS FRANC,tff,14198,25765,27665,1330,-11567,26335,51507
2016-07-26,COPPER,COPPER,dis,69284,64466,80625,84320,4818,-3695,187184
2016-07-26,EUR,EURO FX,tff,45408,157311,142211,10135,-111903,132076,400035
2016-07-26,GBP,BRITISH POUND,tff,21752,86988,166705,4068,-65236,162637,231644
2016-07-26,GOLD,GOLD,dis,347426,68471,117420,426443,278955,-309023,576325
2016-07-26,JPY,JAPANESE YEN,tff,67261,25378,30481,3166,41883,27315,159869
2016-07-26,NZD,NEW ZEALAND DOLLAR,tff,28461,4411,2227,9094,24050,-6867,39825
2016-07-26,OIL,WTI CRUDE OIL,dis,65579,14265,32423,63109,51314,-30686,122131
2016-07-26,SILVER,SILVER,dis,123737,27660,48115,155238,96077,-107123,218299
2016-07-26,USD,US DOLLAR INDEX,tff,16984,33637,1177,19664,-16653,-18487,63131
2016-08-02,AUD,AUSTRALIAN DOLLAR,tff,43814,19264,1455,38066,24550,-36611,99112
2016-08-02,CAD,CANADIAN DOLLAR,tff,21632,19941,1928,51036,1691,-49108,115825
2016-08-02,CHF,SWISS FRANC,tff,8797,24597,25349,1379,-15800,23970,44853
2016-08-02,COPPER,COPPER,dis,68768,66086,82290,85727,2682,-3437,188805
2016-08-02,EUR,EURO FX,tff,34783,143066,122628,10311,-108283,112317,378500
2016-08-02,GBP,BRITISH POUND,tff,21963,88526,169879,4494,-66563,165385,233265
2016-08-02,GOLD,GOLD,dis,365801,71618,113911,437938,294183,-324027,582211
2016-08-02,JPY,JAPANESE YEN,tff,65031,31807,24299,3739,33224,20560,156696
2016-08-02,NZD,NEW ZEALAND DOLLAR,tff,28217,4806,1826,14766,23411,-12940,40392
2016-08-02,SILVER,SILVER,dis,122676,29242,49123,158244,93434,-109121,224540
2016-08-02,USD,US DOLLAR INDEX,tff,11957,21966,272,19599,-10009,-19327,54870
2016-08-09,AUD,AUSTRALIAN DOLLAR,tff,43735,20051,1421,42519,23684,-41098,102059
2016-08-09,CAD,CANADIAN DOLLAR,tff,21813,22840,2865,44934,-1027,-42069,115796
2016-08-09,CHF,SWISS FRANC,tff,8719,20222,24254,1494,-11503,22760,43405
2016-08-09,COPPER,COPPER,dis,66712,71890,81248,78533,-5178,2715,188297
2016-08-09,EUR,EURO FX,tff,30468,134266,127026,10982,-103798,116044,368693
2016-08-09,GBP,BRITISH POUND,tff,25102,92882,174237,7270,-67780,166967,243430
2016-08-09,GOLD,GOLD,dis,356471,70024,116251,429192,286447,-312941,575399
2016-08-09,JPY,JAPANESE YEN,tff,75174,35902,20403,10622,39272,9781,167011
2016-08-09,NZD,NEW ZEALAND DOLLAR,tff,29860,5952,1587,13950,23908,-12363,41475
2016-08-09,SILVER,SILVER,dis,122165,31101,47020,150331,91064,-103311,210647
2016-08-09,USD,US DOLLAR INDEX,tff,10757,22912,208,19917,-12155,-19709,56359
2016-08-16,AUD,AUSTRALIAN DOLLAR,tff,51862,23016,1340,49463,28846,-48123,112135
2016-08-16,CAD,CANADIAN DOLLAR,tff,18804,30019,3136,50841,-11215,-47705,124610
2016-08-16,CHF,SWISS FRANC,tff,7422,22413,22825,2121,-14991,20704,42786
2016-08-16,COPPER,COPPER,dis,61208,66282,80860,77040,-5074,3820,180360
2016-08-16,EUR,EURO FX,tff,33869,132494,112228,11099,-98625,101129,366037
2016-08-16,GBP,BRITISH POUND,tff,23807,95771,177906,4504,-71964,173402,248568
2016-08-16,GOLD,GOLD,dis,351535,67684,116128,427121,283851,-310993,572496
2016-08-16,JPY,JAPANESE YEN,tff,75185,30065,12629,17136,45120,-4507,165905
2016-08-16,NZD,NEW ZEALAND DOLLAR,tff,31678,5673,2053,15006,26005,-12953,43268
2016-08-16,OIL,WTI CRUDE OIL,dis,59185,13981,33959,63523,45204,-29564,116825
2016-08-16,SILVER,SILVER,dis,118988,33999,49176,149770,84989,-100594,205905
2016-08-16,USD,US DOLLAR INDEX,tff,10971,24998,184,19071,-14027,-18887,57759
2016-08-23,AUD,AUSTRALIAN DOLLAR,tff,51180,23767,1757,48375,27413,-46618,114452
2016-08-23,CAD,CANADIAN DOLLAR,tff,21782,29395,5805,60283,-7613,-54478,131618
2016-08-23,CHF,SWISS FRANC,tff,9002,19786,16547,3842,-10784,12705,39554
2016-08-23,COPPER,COPPER,dis,70207,76873,78581,76444,-6666,2137,192196
2016-08-23,EUR,EURO FX,tff,37197,120293,101701,23423,-83096,78278,364044
2016-08-23,GBP,BRITISH POUND,tff,25147,97778,173663,4983,-72631,168680,247711
2016-08-23,GOLD,GOLD,dis,359785,65176,108571,426046,294609,-317475,572973
2016-08-23,JPY,JAPANESE YEN,tff,77958,27027,8146,16490,50931,-8344,164756
2016-08-23,NZD,NEW ZEALAND DOLLAR,tff,32916,6863,2249,14826,26053,-12577,44393
2016-08-23,OIL,WTI CRUDE OIL,dis,61200,14774,32871,63505,46426,-30634,120243
2016-08-23,SILVER,SILVER,dis,118356,35153,47602,145671,83203,-98069,206264
2016-08-23,USD,US DOLLAR INDEX,tff,8237,22557,367,18796,-14320,-18429,57651
2016-08-30,AUD,AUSTRALIAN DOLLAR,tff,51352,21663,1771,41476,29689,-39705,110040
2016-08-30,CAD,CANADIAN DOLLAR,tff,21352,21131,6113,62871,221,-56758,125716
2016-08-30,CHF,SWISS FRANC,tff,13145,16416,19773,3252,-3271,16521,42294
2016-08-30,COPPER,COPPER,dis,69279,91152,83132,62594,-21873,20538,187028
2016-08-30,EUR,EURO FX,tff,40910,123907,106753,16941,-82997,89812,364843
2016-08-30,GBP,BRITISH POUND,tff,28893,100877,173608,6558,-71984,167050,248410
2016-08-30,GOLD,GOLD,dis,340586,64245,109854,411067,276341,-301213,558398
2016-08-30,JPY,JAPANESE YEN,tff,85185,27003,8502,16761,58182,-8259,164329
2016-08-30,NZD,NEW ZEALAND DOLLAR,tff,34309,6283,2271,15069,28026,-12798,46496
2016-08-30,OIL,WTI CRUDE OIL,dis,61529,15278,34518,63615,46251,-29097,121071
2016-08-30,SILVER,SILVER,dis,114230,29876,44378,140056,84354,-95678,189416
2016-08-30,USD,US DOLLAR INDEX,tff,8392,20825,783,18789,-12433,-18006,55341
2016-09-06,AUD,AUSTRALIAN DOLLAR,tff,52070,20341,2123,38814,31729,-36691,108852
2016-09-06,CAD,CANADIAN DOLLAR,tff,19332,19054,6279,58814,278,-52535,122747
2016-09-06,CHF,SWISS FRANC,tff,11306,22103,23874,2590,-10797,21284,45795
2016-09-06,COPPER,COPPER,dis,79928,110153,88295,59323,-30225,28972,203453
2016-09-06,EUR,EURO FX,tff,32909,120521,117268,16233,-87612,101035,375985
2016-09-06,GBP,BRITISH POUND,tff,29190,98630,159558,8492,-69440,151066,255953
2016-09-06,GOLD,GOLD,dis,370375,62515,110470,440443,307860,-329973,590656
2016-09-06,JPY,JAPANESE YEN,tff,77049,26708,6528,9446,50341,-2918,159342
2016-09-06,NZD,NEW ZEALAND DOLLAR,tff,38312,8050,2154,18577,30262,-16423,51939
2016-09-06,OIL,WTI CRUDE OIL,dis,61594,13219,30853,59056,48375,-28203,112710
2016-09-06,SILVER,SILVER,dis,118059,30031,45970,145552,88028,-99582,199197
2016-09-06,USD,US DOLLAR INDEX,tff,10306,23760,194,19975,-13454,-19781,58169
2016-09-13,AUD,AUSTRALIAN DOLLAR,tff,51517,23738,3302,30207,27779,-26905,112367
2016-09-13,CAD,CANADIAN DOLLAR,tff,27274,24426,7545,49275,2848,-41730,124676
2016-09-13,CHF,SWISS FRANC,tff,9511,19680,23245,1649,-10169,21596,44748
2016-09-13,COPPER,COPPER,dis,88681,113974,80099,55217,-25293,24882,203945
2016-09-13,EUR,EURO FX,tff,29045,111600,112651,24635,-82555,88016,379624
2016-09-13,GBP,BRITISH POUND,tff,32297,94002,157194,8832,-61705,148362,252539
2016-09-13,GOLD,GOLD,dis,351776,66363,116841,428212,285413,-311371,575002
2016-09-13,JPY,JAPANESE YEN,tff,78321,26306,10176,12241,52015,-2065,167340
2016-09-13,NZD,NEW ZEALAND DOLLAR,tff,36272,6936,1471,18012,29336,-16541,61941
2016-09-13,OIL,WTI CRUDE OIL,dis,62113,13745,31316,60690,48368,-29374,114018
2016-09-13,SILVER,SILVER,dis,113792,32224,45479,142154,81568,-96675,193953
2016-09-13,USD,US DOLLAR INDEX,tff,11654,22940,197,20056,-11286,-19859,55501
2016-09-20,AUD,AUSTRALIAN DOLLAR,tff,32301,29891,8320,14729,2410,-6409,86614
2016-09-20,CAD,CANADIAN DOLLAR,tff,41344,38147,10839,40550,3197,-29711,137204
2016-09-20,CHF,SWISS FRANC,tff,23306,19644,10132,774,3662,9358,40838
2016-09-20,COPPER,COPPER,dis,82274,95425,74737,61223,-13151,13514,190574
2016-09-20,EUR,EURO FX,tff,29136,111313,87218,7754,-82177,79464,324525
2016-09-20,GBP,BRITISH POUND,tff,61999,95359,133982,7493,-33360,126489,237759
2016-09-20,GOLD,GOLD,dis,326326,70147,120314,410929,256179,-290615,558791
2016-09-20,JPY,JAPANESE YEN,tff,74453,26148,4244,13529,48305,-9285,140738
2016-09-20,NZD,NEW ZEALAND DOLLAR,tff,36550,14839,2456,12049,21711,-9593,49526
2016-09-20,OIL,WTI CRUDE OIL,dis,61662,13898,31057,60008,47764,-28951,114855
2016-09-20,SILVER,SILVER,dis,113567,30932,45909,142854,82635,-96945,193501
2016-09-20,USD,US DOLLAR INDEX,tff,7083,21123,260,18017,-14040,-17757,47964
2016-09-27,AUD,AUSTRALIAN DOLLAR,tff,43392,32762,2016,19986,10630,-17970,98351
2016-09-27,CAD,CANADIAN DOLLAR,tff,18617,40338,14269,14901,-21721,-632,105130
2016-09-27,CHF,SWISS FRANC,tff,7800,20032,21475,596,-12232,20879,38969
2016-09-27,COPPER,COPPER,dis,74769,76859,72312,70341,-2090,1971,179904
2016-09-27,EUR,EURO FX,tff,27769,107429,75038,9853,-79660,65185,328490
2016-09-27,GBP,BRITISH POUND,tff,40781,102964,152525,2043,-62183,150482,239025
2016-09-27,GOLD,GOLD,dis,358972,67068,123156,437750,291904,-314594,583161
2016-09-27,JPY,JAPANESE YEN,tff,87127,26397,3385,21636,60730,-18251,155170
2016-09-27,NZD,NEW ZEALAND DOLLAR,tff,36580,9330,2644,14301,27250,-11657,49416
2016-09-27,OIL,WTI CRUDE OIL,dis,62699,14895,31651,60133,47804,-28482,118888
2016-09-27,SILVER,SILVER,dis,116948,32086,48161,148979,84862,-100818,201486
2016-09-27,USD,US DOLLAR INDEX,tff,6784,23032,204,17897,-16248,-17693,50534
2016-10-04,AUD,AUSTRALIAN DOLLAR,tff,53449,26993,1642,37068,26456,-35426,110028
2016-10-04,CAD,CANADIAN DOLLAR,tff,13295,40511,15791,14520,-27216,1271,104219
2016-10-04,CHF,SWISS FRANC,tff,15570,21331,22528,1542,-5761,20986,46330
2016-10-04,COPPER,COPPER,dis,77097,76198,70272,71224,899,-952,181809
2016-10-04,EUR,EURO FX,tff,31968,120181,80065,8464,-88213,71601,347643
2016-10-04,GBP,BRITISH POUND,tff,43481,122684,164363,2696,-79203,161667,262478
2016-10-04,GOLD,GOLD,dis,324136,78628,111864,383106,245508,-271242,544824
2016-10-04,JPY,JAPANESE YEN,tff,90282,29523,4040,15090,60759,-11050,157574
2016-10-04,NZD,NEW ZEALAND DOLLAR,tff,35682,8225,3235,14914,27457,-11679,49242
2016-10-04,OIL,WTI CRUDE OIL,dis,57066,15273,30719,56773,41793,-26054,112911
2016-10-04,SILVER,SILVER,dis,110764,34961,48885,139781,75803,-90896,198747
2016-10-04,USD,US DOLLAR INDEX,tff,9595,27406,309,18125,-17811,-17816,53795
2016-10-11,AUD,AUSTRALIAN DOLLAR,tff,52809,22468,3910,49873,30341,-45963,112028
2016-10-11,CAD,CANADIAN DOLLAR,tff,15555,35618,15540,17195,-20063,-1655,104002
2016-10-11,CHF,SWISS FRANC,tff,14032,29549,33430,0,-15517,33430,55747
2016-10-11,COPPER,COPPER,dis,79132,74806,69184,72810,4326,-3626,185814
2016-10-11,EUR,EURO FX,tff,33435,142631,102809,12013,-109196,90796,378774
2016-10-11,GBP,BRITISH POUND,tff,33842,123170,160426,4474,-89328,155952,255590
2016-10-11,GOLD,GOLD,dis,283386,88167,112362,333561,195219,-221199,500328
2016-10-11,JPY,JAPANESE YEN,tff,58226,26997,23092,11512,31229,11580,150394
2016-10-11,NZD,NEW ZEALAND DOLLAR,tff,30999,7893,6437,11454,23106,-5017,47124
2016-10-11,OIL,WTI CRUDE OIL,dis,58027,16590,29863,51170,41437,-21307,114743
2016-10-11,SILVER,SILVER,dis,97527,34634,52174,129809,62893,-77635,187469
2016-10-11,USD,US DOLLAR INDEX,tff,22289,29334,410,33298,-7045,-32888,69769
2016-10-18,AUD,AUSTRALIAN DOLLAR,tff,60939,21628,4710,57596,39311,-52886,122436
2016-10-18,CAD,CANADIAN DOLLAR,tff,13932,32668,13051,17221,-18736,-4170,95793
2016-10-18,CHF,SWISS FRANC,tff,13937,34870,39897,442,-20933,39455,63226
2016-10-18,COPPER,COPPER,dis,87535,98677,77369,68856,-11142,8513,207729
2016-10-18,EUR,EURO FX,tff,36224,175376,128464,11039,-139152,117425,413183
2016-10-18,GBP,BRITISH POUND,tff,35579,120048,160830,4570,-84469,156260,255194
2016-10-18,GOLD,GOLD,dis,274345,94727,115441,318112,179618,-202671,497061
2016-10-18,JPY,JAPANESE YEN,tff,49163,26001,38181,12778,23162,25403,156607
2016-10-18,NZD,NEW ZEALAND DOLLAR,tff,28135,7883,10313,11464,20252,-1151,47413
2016-10-18,OIL,WTI CRUDE OIL,dis,58022,16914,30022,51280,41108,-21258,115728
2016-10-18,SILVER,SILVER,dis,94230,34944,53771,128682,59286,-74911,189229
2016-10-18,USD,US DOLLAR INDEX,tff,26075,28250,471,44188,-2175,-43717,79933
2016-10-25,AUD,AUSTRALIAN DOLLAR,tff,64037,22169,4616,59640,41868,-55024,124584
2016-10-25,CAD,CANADIAN DOLLAR,tff,23460,36467,25457,17333,-13007,8124,113501
2016-10-25,CHF,SWISS FRANC,tff,14153,37834,45580,466,-23681,45114,67211
2016-10-25,COPPER,COPPER,dis,90935,104689,79101,66345,-13754,12756,213569
2016-10-25,EUR,EURO FX,tff,52746,205053,156875,11802,-152307,145073,448471
2016-10-25,GBP,BRITISH POUND,tff,39428,129690,169164,4260,-90262,164904,267500
2016-10-25,GOLD,GOLD,dis,285376,88396,114700,332299,196980,-217599,507617
2016-10-25,JPY,JAPANESE YEN,tff,53764,26327,41205,13119,27437,28086,163040
2016-10-25,NZD,NEW ZEALAND DOLLAR,tff,28254,8235,10588,11456,20019,-868,47257
2016-10-25,OIL,WTI CRUDE OIL,dis,57840,17652,30234,50784,40188,-20550,116046
2016-10-25,SILVER,SILVER,dis,92213,35140,57120,130516,57073,-73396,196311
2016-10-25,USD,US DOLLAR INDEX,tff,28950,27929,414,49814,1021,-49400,86683
2016-11-01,AUD,AUSTRALIAN DOLLAR,tff,67502,20269,3743,62333,47233,-58590,125387
2016-11-01,CAD,CANADIAN DOLLAR,tff,23436,41664,33150,16290,-18228,16860,121156
2016-11-01,CHF,SWISS FRANC,tff,10577,34649,41245,471,-24072,40774,59698
2016-11-01,COPPER,COPPER,dis,88669,77371,73188,79722,11298,-6534,203042
2016-11-01,EUR,EURO FX,tff,43948,201538,164037,12348,-157590,151689,444502
2016-11-01,GBP,BRITISH POUND,tff,39891,130173,168113,3826,-90282,164287,267564
2016-11-01,GOLD,GOLD,dis,288308,73177,115398,354649,215131,-239251,521506
2016-11-01,JPY,JAPANESE YEN,tff,55050,27060,40773,15082,27990,25691,165124
2016-11-01,NZD,NEW ZEALAND DOLLAR,tff,28946,8003,9895,11354,20943,-1459,46788
2016-11-01,OIL,WTI CRUDE OIL,dis,55643,15714,28787,49629,39929,-20842,109681
2016-11-01,SILVER,SILVER,dis,89233,27097,58595,135512,62136,-76917,196912
2016-11-01,USD,US DOLLAR INDEX,tff,29303,26428,542,51593,2875,-51051,85739
2016-11-08,AUD,AUSTRALIAN DOLLAR,tff,75427,23556,3821,67493,51871,-63672,137560
2016-11-08,CAD,CANADIAN DOLLAR,tff,17521,46817,41690,18134,-29296,23556,120993
2016-11-08,CHF,SWISS FRANC,tff,8098,30679,34355,3304,-22581,31051,53632
2016-11-08,COPPER,COPPER,dis,118385,78749,69406,107339,39636,-37933,233922
2016-11-08,EUR,EURO FX,tff,39714,174612,139346,26262,-134898,113084,418007
2016-11-08,GBP,BRITISH POUND,tff,38240,119134,163075,6921,-80894,156154,253703
2016-11-08,GOLD,GOLD,dis,289860,72622,114915,360501,217238,-245586,528203
2016-11-08,JPY,JAPANESE YEN,tff,52345,28523,45739,16597,23822,29142,164328
2016-11-08,NZD,NEW ZEALAND DOLLAR,tff,37935,8054,6044,11659,29881,-5615,52113
2016-11-08,OIL,WTI CRUDE OIL,dis,55994,15915,28300,48862,40079,-20562,110454
2016-11-08,SILVER,SILVER,dis,89360,24091,53861,136122,65269,-82261,188265
2016-11-08,USD,US DOLLAR INDEX,tff,30111,27756,472,51523,2355,-51051,85931
2016-11-15,AUD,AUSTRALIAN DOLLAR,tff,63314,19189,2799,55250,44125,-52451,113124
2016-11-15,CAD,CANADIAN DOLLAR,tff,14862,48358,46117,18037,-33496,28080,125532
2016-11-15,CHF,SWISS FRANC,tff,8378,29356,36119,1398,-20978,34721,54533
2016-11-15,COPPER,COPPER,dis,117916,72921,70609,113873,44995,-43264,238615
2016-11-15,EUR,EURO FX,tff,39876,169235,126540,25809,-129359,100731,415752
2016-11-15,GBP,BRITISH POUND,tff,43130,107662,152967,7359,-64532,145608,248103
2016-11-15,GOLD,GOLD,dis,245750,68090,115191,315157,177660,-199966,479237
2016-11-15,JPY,JAPANESE YEN,tff,42371,32770,61730,13454,9601,48276,170967
2016-11-15,NZD,NEW ZEALAND DOLLAR,tff,35079,6094,6783,11537,28985,-4754,48563
2016-11-15,OIL,WTI CRUDE OIL,dis,56057,15802,28983,49768,40255,-20785,111430
2016-11-15,SILVER,SILVER,dis,85575,22969,51359,129880,62606,-78521,174831
2016-11-15,USD,US DOLLAR INDEX,tff,27448,21219,788,51165,6229,-50377,81170
2016-11-22,AUD,AUSTRALIAN DOLLAR,tff,45519,25954,7094,29242,19565,-22148,100989
2016-11-22,CAD,CANADIAN DOLLAR,tff,10022,41769,43667,19456,-31747,24211,118667
2016-11-22,CHF,SWISS FRANC,tff,10253,32235,42220,0,-21982,42220,60191
2016-11-22,COPPER,COPPER,dis,118089,71777,67936,115984,46312,-48048,236293
2016-11-22,EUR,EURO FX,tff,45054,180975,132793,18892,-135921,113901,434768
2016-11-22,GBP,BRITISH POUND,tff,44769,97365,148746,10577,-52596,138169,242916
2016-11-22,GOLD,GOLD,dis,241646,74561,97975,290147,167085,-192172,461062
2016-11-22,JPY,JAPANESE YEN,tff,40593,41648,86304,11191,-1055,75113,187684
2016-11-22,NZD,NEW ZEALAND DOLLAR,tff,29898,6427,13177,11548,23471,1629,50007
2016-11-22,OIL,WTI CRUDE OIL,dis,56104,15997,28981,49811,40107,-20830,113354
2016-11-22,SILVER,SILVER,dis,81835,21668,46804,125036,60167,-78232,169661
2016-11-22,USD,US DOLLAR INDEX,tff,33212,32539,832,51714,673,-50882,93965
2016-11-29,AUD,AUSTRALIAN DOLLAR,tff,37449,25725,16345,20617,11724,-4272,92699
2016-11-29,CAD,CANADIAN DOLLAR,tff,10701,39427,40625,19256,-28726,21369,114416
2016-11-29,CHF,SWISS FRANC,tff,12111,37054,46583,0,-24943,46583,67062
2016-11-29,COPPER,COPPER,dis,121067,67706,66855,119455,53361,-52600,230420
2016-11-29,EUR,EURO FX,tff,43426,199792,142169,20780,-156366,121389,447190
2016-11-29,GBP,BRITISH POUND,tff,40880,94875,150867,11438,-53995,139429,244257
2016-11-29,GOLD,GOLD,dis,229731,78161,92628,260451,151570,-167823,405661
2016-11-29,JPY,JAPANESE YEN,tff,42122,46057,105666,9726,-3935,95940,202171
2016-11-29,NZD,NEW ZEALAND DOLLAR,tff,26956,6436,16865,11550,20520,5315,49885
2016-11-29,OIL,WTI CRUDE OIL,dis,55748,17263,36449,46500,38485,-10051,116542
2016-11-29,SILVER,SILVER,dis,79485,20445,41906,117351,59040,-75445,156626
2016-11-29,USD,US DOLLAR INDEX,tff,34356,29408,798,50887,4948,-50089,92156
2016-12-06,AUD,AUSTRALIAN DOLLAR,tff,27031,19581,12680,22306,7450,-9626,84900
2016-12-06,CAD,CANADIAN DOLLAR,tff,13129,36705,28802,18994,-23576,9808,107289
2016-12-06,CHF,SWISS FRANC,tff,10048,34171,44644,337,-24123,44307,65455
2016-12-06,COPPER,COPPER,dis,123820,67429,66365,123834,56391,-57469,236290
2016-12-06,EUR,EURO FX,tff,44906,171370,129170,26747,-126464,102423,433237
2016-12-06,GBP,BRITISH POUND,tff,32585,81116,151870,16914,-48531,134956,243671
2016-12-06,GOLD,GOLD,dis,227675,91295,86237,241181,136380,-154944,393524
2016-12-06,JPY,JAPANESE YEN,tff,50263,70939,130451,7912,-20676,122539,235915
2016-12-06,NZD,NEW ZEALAND DOLLAR,tff,23653,6163,18273,11519,17490,6754,48740
2016-12-06,OIL,WTI CRUDE OIL,dis,54361,19470,35347,45046,34891,-9699,114161
2016-12-06,SILVER,SILVER,dis,81495,22130,43081,118821,59365,-75740,159337
2016-12-06,USD,US DOLLAR INDEX,tff,37629,29079,842,50878,8550,-50036,93311
2016-12-13,AUD,AUSTRALIAN DOLLAR,tff,25803,15987,13078,23288,9816,-10210,87770
2016-12-13,CAD,CANADIAN DOLLAR,tff,16693,42810,21289,18701,-26117,2588,114265
2016-12-13,CHF,SWISS FRANC,tff,6903,29895,43639,787,-22992,42852,64633
2016-12-13,COPPER,COPPER,dis,127666,66551,64364,125034,61115,-60670,236822
2016-12-13,EUR,EURO FX,tff,37839,155164,105422,26405,-117325,79017,447679
2016-12-13,GBP,BRITISH POUND,tff,31181,71808,147674,18182,-40627,129492,237797
2016-12-13,GOLD,GOLD,dis,229755,100444,86143,236029,129311,-149886,397034
2016-12-13,JPY,JAPANESE YEN,tff,36590,87104,152321,7796,-50514,144525,285274
2016-12-13,NZD,NEW ZEALAND DOLLAR,tff,25354,7923,17177,11389,17431,5788,54226
2016-12-13,OIL,WTI CRUDE OIL,dis,54735,19805,37562,48078,34930,-10516,117862
2016-12-13,SILVER,SILVER,dis,87040,20107,41867,122998,66933,-81131,163556
2016-12-13,USD,US DOLLAR INDEX,tff,33373,31993,1136,51373,1380,-50237,96087
2016-12-20,AUD,AUSTRALIAN DOLLAR,tff,25517,24101,13059,2071,1416,10988,76916
2016-12-20,CAD,CANADIAN DOLLAR,tff,14438,31551,19470,20364,-17113,-894,106080
2016-12-20,CHF,SWISS FRANC,tff,35534,25244,12226,1105,10290,11121,55185
2016-12-20,COPPER,COPPER,dis,119225,67199,68111,120663,52026,-52552,233042
2016-12-20,EUR,EURO FX,tff,37089,142018,114471,47935,-104929,66536,399589
2016-12-20,GBP,BRITISH POUND,tff,35249,66768,130945,2823,-31519,128122,205486
2016-12-20,GOLD,GOLD,dis,219067,104233,87960,221982,114834,-134022,398661
2016-12-20,JPY,JAPANESE YEN,tff,62789,97475,75295,2412,-34686,72883,220435
2016-12-20,NZD,NEW ZEALAND DOLLAR,tff,29310,6917,4300,1216,22393,3084,41806
2016-12-20,OIL,WTI CRUDE OIL,dis,54493,20369,47848,49843,34124,-1995,121691
2016-12-20,SILVER,SILVER,dis,83529,22635,42097,116045,60894,-73948,159697
2016-12-20,USD,US DOLLAR INDEX,tff,29381,17838,860,59164,11543,-58304,84233
2016-12-27,AUD,AUSTRALIAN DOLLAR,tff,30684,35735,32580,2071,-5051,30509,94451
2016-12-27,CAD,CANADIAN DOLLAR,tff,25456,33811,7842,9303,-8355,-1461,93212
2016-12-27,CHF,SWISS FRANC,tff,10996,23911,35936,1105,-12915,34831,54605
2016-12-27,COPPER,COPPER,dis,112505,66742,70391,118773,45763,-48382,227733
2016-12-27,EUR,EURO FX,tff,40745,145933,119877,47960,-105188,71917,405681
2016-12-27,GBP,BRITISH POUND,tff,31292,71448,141761,3248,-40156,138513,212492
2016-12-27,GOLD,GOLD,dis,206538,108195,89975,210942,98343,-120967,401513
2016-12-27,JPY,JAPANESE YEN,tff,30369,94907,108688,3179,-64538,105509,219343
2016-12-27,NZD,NEW ZEALAND DOLLAR,tff,25446,7471,11093,851,17975,10242,43266
2016-12-27,OIL,WTI CRUDE OIL,dis,55160,20747,49349,49987,34413,-638,123431
2016-12-27,SILVER,SILVER,dis,84330,25419,41974,115981,58911,-74007,163097
2016-12-27,USD,US DOLLAR INDEX,tff,30479,20923,784,59233,9556,-58449,87191
2017-01-03,AUD,AUSTRALIAN DOLLAR,tff,28597,40402,48161,2088,-11805,46073,104009
2017-01-03,CAD,CANADIAN DOLLAR,tff,19347,36008,18181,7102,-16661,11079,98751
2017-01-03,CHF,SWISS FRANC,tff,8840,25219,35798,1058,-16379,34740,53455
2017-01-03,COPPER,COPPER,dis,109243,64759,70583,117526,44484,-46943,223874
2017-01-03,EUR,EURO FX,tff,39085,156312,124828,52870,-117227,71958,416239
2017-01-03,GBP,BRITISH POUND,tff,34377,81850,146725,4832,-47473,141893,225396
2017-01-03,GOLD,GOLD,dis,208855,112305,97410,215022,96550,-117612,424673
2017-01-03,JPY,JAPANESE YEN,tff,26953,99797,112179,3685,-72844,108494,220120
2017-01-03,NZD,NEW ZEALAND DOLLAR,tff,23423,8803,13992,759,14620,13233,44227
2017-01-03,OIL,WTI CRUDE OIL,dis,52415,18742,45173,53848,33673,-8675,115318
2017-01-03,SILVER,SILVER,dis,86821,25530,42493,118307,61291,-75814,163812
2017-01-03,USD,US DOLLAR INDEX,tff,32683,14609,1179,59228,18074,-58049,84941
2017-01-10,AUD,AUSTRALIAN DOLLAR,tff,17630,37756,47676,2101,-20126,45575,96885
2017-01-10,CAD,CANADIAN DOLLAR,tff,16759,32357,7141,11777,-15598,-4636,90632
2017-01-10,CHF,SWISS FRANC,tff,7471,25769,34207,546,-18298,33661,50253
2017-01-10,COPPER,COPPER,dis,116854,69151,71308,121407,47703,-50099,236637
2017-01-10,EUR,EURO FX,tff,40658,156379,118588,57708,-115721,60880,415212
2017-01-10,GBP,BRITISH POUND,tff,27320,91176,152288,3893,-63856,148395,228050
2017-01-10,GOLD,GOLD,dis,214000,104518,96763,222579,109482,-125816,444001
2017-01-10,JPY,JAPANESE YEN,tff,25442,79465,94608,10191,-54023,84417,209488
2017-01-10,NZD,NEW ZEALAND DOLLAR,tff,20439,8276,16750,729,12163,16021,43936
2017-01-10,OIL,WTI CRUDE OIL,dis,52246,19156,45340,54910,33090,-9570,116396
2017-01-10,SILVER,SILVER,dis,88430,23829,41425,120362,64601,-78937,165040
2017-01-10,USD,US DOLLAR INDEX,tff,29953,13053,789,59175,16900,-58386,80618
2017-01-17,AUD,AUSTRALIAN DOLLAR,tff,21966,30986,21723,4207,-9020,17516,87631
2017-01-17,CAD,CANADIAN DOLLAR,tff,27646,33424,1313,25401,-5778,-24088,100307
2017-01-17,CHF,SWISS FRANC,tff,7656,23163,29420,1542,-15507,27878,45713
2017-01-17,COPPER,COPPER,dis,118944,72445,75868,125140,46499,-49272,251782
2017-01-17,EUR,EURO FX,tff,40110,151134,108841,68017,-111024,40824,415090
2017-01-17,GBP,BRITISH POUND,tff,29831,95926,150438,5597,-66095,144841,228782
2017-01-17,GOLD,GOLD,dis,218144,111103,101399,224510,107041,-123111,467937
2017-01-17,JPY,JAPANESE YEN,tff,25780,74689,94641,18204,-48909,76437,211752
2017-01-17,NZD,NEW ZEALAND DOLLAR,tff,22344,10100,15593,1246,12244,14347,45994
2017-01-17,OIL,WTI CRUDE OIL,dis,54072,19370,46333,55652,34702,-9319,120142
2017-01-17,SILVER,SILVER,dis,90838,21356,45028,126764,69482,-81736,172056
2017-01-17,USD,US DOLLAR INDEX,tff,28904,10990,648,58854,17914,-58206,77719
2017-01-24,AUD,AUSTRALIAN DOLLAR,tff,35073,26861,7101,18965,8212,-11864,94379
2017-01-24,CAD,CANADIAN DOLLAR,tff,28779,22389,517,38266,6390,-37749,99574
2017-01-24,CHF,SWISS FRANC,tff,8942,21850,27594,2470,-12908,25124,45493
2017-01-24,COPPER,COPPER,dis,128015,77705,82224,133948,50310,-51724,270892
2017-01-24,EUR,EURO FX,tff,39640,138292,107357,85277,-98652,22080,414447
2017-01-24,GBP,BRITISH POUND,tff,28541,92956,139361,7150,-64415,132211,223681
2017-01-24,GOLD,GOLD,dis,209854,100447,109000,235374,109407,-126374,482374
2017-01-24,JPY,JAPANESE YEN,tff,24178,71692,80561,12304,-47514,68257,196765
2017-01-24,NZD,NEW ZEALAND DOLLAR,tff,27146,10536,8924,2294,16610,6630,44940
2017-01-24,OIL,WTI CRUDE OIL,dis,54646,19472,47386,57193,35174,-9807,122552
2017-01-24,SILVER,SILVER,dis,92319,21298,47195,130279,71021,-83084,177601
2017-01-24,USD,US DOLLAR INDEX,tff,27007,9146,474,58784,17861,-58310,74838
2017-01-31,AUD,AUSTRALIAN DOLLAR,tff,40959,18670,6852,32296,22289,-25444,101420
2017-01-31,CAD,CANADIAN DOLLAR,tff,34355,25166,1740,51165,9189,-49425,114274
2017-01-31,CHF,SWISS FRANC,tff,9194,20923,27462,9964,-11729,17498,49558
2017-01-31,COPPER,COPPER,dis,134989,77713,89428,147207,57276,-57779,291702
2017-01-31,EUR,EURO FX,tff,45287,129247,106345,88659,-83960,17686,405541
2017-01-31,GBP,BRITISH POUND,tff,27611,80598,123278,6059,-52987,117219,211910
2017-01-31,GOLD,GOLD,dis,212414,93259,101784,233587,119155,-131803,398433
2017-01-31,JPY,JAPANESE YEN,tff,29118,64858,79028,32070,-35740,46958,204494
2017-01-31,NZD,NEW ZEALAND DOLLAR,tff,34307,12834,7248,13040,21473,-5792,51587
2017-01-31,OIL,WTI CRUDE OIL,dis,55664,19734,47930,58336,35930,-10406,125399
2017-01-31,SILVER,SILVER,dis,96909,20935,49265,138678,75974,-89413,186839
2017-01-31,USD,US DOLLAR INDEX,tff,27661,9506,485,58360,18155,-57875,75601
2017-02-07,AUD,AUSTRALIAN DOLLAR,tff,51245,18373,6500,46706,32872,-40206,114105
2017-02-07,CAD,CANADIAN DOLLAR,tff,35057,21180,2536,61230,13877,-58694,118424
2017-02-07,CHF,SWISS FRANC,tff,9675,18707,27406,13373,-9032,14033,48883
2017-02-07,COPPER,COPPER,dis,131026,79467,93332,147984,51559,-54652,291924
2017-02-07,EUR,EURO FX,tff,42430,129012,109215,91881,-86582,17334,409178
2017-02-07,GBP,BRITISH POUND,tff,24945,78660,126774,6585,-53715,120189,211013
2017-02-07,GOLD,GOLD,dis,216408,99259,106024,240170,117149,-134146,415543
2017-02-07,JPY,JAPANESE YEN,tff,25067,59707,82074,32001,-34640,50073,201632
2017-02-07,NZD,NEW ZEALAND DOLLAR,tff,36207,10206,7470,19112,26001,-11642,54073
2017-02-07,OIL,WTI CRUDE OIL,dis,58067,20847,44735,53869,37220,-9134,120037
2017-02-07,SILVER,SILVER,dis,98560,20283,50072,142784,78277,-92712,193936
2017-02-07,USD,US DOLLAR INDEX,tff,29770,6423,515,58329,23347,-57814,73975
2017-02-14,AUD,AUSTRALIAN DOLLAR,tff,61496,21407,6493,55960,40089,-49467,127869
2017-02-14,CAD,CANADIAN DOLLAR,tff,39846,19854,2897,68402,19992,-65505,125056
2017-02-14,CHF,SWISS FRANC,tff,10245,16291,27422,13479,-6046,13943,47482
2017-02-14,COPPER,COPPER,dis,131446,86203,92457,140974,45243,-48517,296125
2017-02-14,EUR,EURO FX,tff,42453,132489,110772,72320,-90036,38452,406350
2017-02-14,GBP,BRITISH POUND,tff,24351,76987,126175,7867,-52636,118308,212044
2017-02-14,GOLD,GOLD,dis,212259,102507,105674,233462,109752,-127788,415128
2017-02-14,JPY,JAPANESE YEN,tff,22875,54635,86324,34127,-31760,52197,204277
2017-02-14,NZD,NEW ZEALAND DOLLAR,tff,38565,8560,7702,22726,30005,-15024,56314
2017-02-14,OIL,WTI CRUDE OIL,dis,56836,21066,47637,54501,35770,-6864,122404
2017-02-14,SILVER,SILVER,dis,104765,19953,48659,147686,84812,-99027,195338
2017-02-14,USD,US DOLLAR INDEX,tff,29376,5948,656,58418,23428,-57762,74210
2017-02-21,AUD,AUSTRALIAN DOLLAR,tff,69822,24080,5512,62416,45742,-56904,137436
2017-02-21,CAD,CANADIAN DOLLAR,tff,45233,21402,2882,71407,23831,-68525,131522
2017-02-21,CHF,SWISS FRANC,tff,10691,15675,27445,13259,-4984,14186,48398
2017-02-21,COPPER,COPPER,dis,128204,85410,93995,141913,42794,-47918,283805
2017-02-21,EUR,EURO FX,tff,41682,145281,114768,69501,-103599,45267,417129
2017-02-21,GBP,BRITISH POUND,tff,24608,73631,126900,6360,-49023,120540,213713
2017-02-21,GOLD,GOLD,dis,219673,95910,103861,243425,123763,-139564,427168
2017-02-21,JPY,JAPANESE YEN,tff,26324,53926,83012,35728,-27602,47284,205223
2017-02-21,NZD,NEW ZEALAND DOLLAR,tff,37399,6577,7811,23133,30822,-15322,55082
2017-02-21,OIL,WTI CRUDE OIL,dis,57035,21030,47761,54605,36005,-6844,123262
2017-02-21,SILVER,SILVER,dis,108848,20831,51934,154167,88017,-102233,208147
2017-02-21,USD,US DOLLAR INDEX,tff,31113,5731,313,58262,25382,-57949,74802
2017-02-28,AUD,AUSTRALIAN DOLLAR,tff,73814,20358,3135,72092,53456,-68957,141914
2017-02-28,CAD,CANADIAN DOLLAR,tff,51378,24210,2665,70068,27168,-67403,135442
2017-02-28,CHF,SWISS FRANC,tff,7741,15701,27881,10022,-7960,17859,46601
2017-02-28,COPPER,COPPER,dis,120913,82915,90031,132757,37998,-42726,267935
2017-02-28,EUR,EURO FX,tff,47426,139282,109846,80747,-91856,29099,431635
2017-02-28,GBP,BRITISH POUND,tff,28688,76361,131731,6276,-47673,125455,226882
2017-02-28,GOLD,GOLD,dis,247494,83696,100180,280087,163798,-179907,446081
2017-02-28,JPY,JAPANESE YEN,tff,29012,51857,80833,42772,-22845,38061,204602
2017-02-28,NZD,NEW ZEALAND DOLLAR,tff,39784,7152,7689,25525,32632,-17836,57102
2017-02-28,OIL,WTI CRUDE OIL,dis,59784,21204,50165,55127,38580,-4962,128372
2017-02-28,SILVER,SILVER,dis,115229,19806,50081,158091,95423,-108010,197629
2017-02-28,USD,US DOLLAR INDEX,tff,30457,5732,494,58690,24725,-58196,74909
2017-03-07,AUD,AUSTRALIAN DOLLAR,tff,70504,16089,4047,67208,54415,-63161,153365
2017-03-07,CAD,CANADIAN DOLLAR,tff,52026,34644,5539,49732,17382,-44193,147601
2017-03-07,CHF,SWISS FRANC,tff,13799,21410,31579,8422,-7611,23157,56508
2017-03-07,COPPER,COPPER,dis,117779,88060,87052,123421,29719,-36369,267379
2017-03-07,EUR,EURO FX,tff,40433,141023,111030,76373,-100590,34657,435309
2017-03-07,GBP,BRITISH POUND,tff,37316,97672,163596,8449,-60356,155147,262512
2017-03-07,GOLD,GOLD,dis,229969,96284,99484,252132,133685,-152648,434401
2017-03-07,JPY,JAPANESE YEN,tff,28751,55296,97177,32117,-26545,65060,217982
2017-03-07,NZD,NEW ZEALAND DOLLAR,tff,28605,7359,7750,14879,21246,-7129,51405
2017-03-07,OIL,WTI CRUDE OIL,dis,58124,20313,46837,53130,37811,-6293,124554
2017-03-07,SILVER,SILVER,dis,113437,19984,46774,152636,93453,-105862,192398
2017-03-07,USD,US DOLLAR INDEX,tff,31086,7593,352,64685,23493,-64333,83511
2017-03-14,AUD,AUSTRALIAN DOLLAR,tff,60243,21662,2724,40723,38581,-37999,114008
2017-03-14,CAD,CANADIAN DOLLAR,tff,62575,52421,9711,33003,10154,-23292,176379
2017-03-14,CHF,SWISS FRANC,tff,15551,21666,14965,413,-6115,14552,45623
2017-03-14,COPPER,COPPER,dis,110578,88139,92375,118993,22439,-26618,260056
2017-03-14,EUR,EURO FX,tff,43640,131374,78807,33773,-87734,45034,381474
2017-03-14,GBP,BRITISH POUND,tff,37289,102122,147649,3576,-64833,144073,259945
2017-03-14,GOLD,GOLD,dis,210315,104277,102535,225822,106038,-123287,426170
2017-03-14,JPY,JAPANESE YEN,tff,35853,68656,96382,13201,-32803,83181,202647
2017-03-14,NZD,NEW ZEALAND DOLLAR,tff,19710,8010,6524,3174,11700,3350,34986
2017-03-14,OIL,WTI CRUDE OIL,dis,57766,19727,47323,55849,38039,-8526,124773
2017-03-14,SILVER,SILVER,dis,102675,19797,46747,144746,82878,-97999,186936
2017-03-14,USD,US DOLLAR INDEX,tff,28062,7220,225,60974,20842,-60749,74452
2017-03-21,AUD,AUSTRALIAN DOLLAR,tff,66097,20343,2689,64440,45754,-61751,134004
2017-03-21,CAD,CANADIAN DOLLAR,tff,22217,53013,18014,14734,-30796,3280,119123
2017-03-21,CHF,SWISS FRANC,tff,8861,21978,17460,0,-13117,17460,42613
2017-03-21,COPPER,COPPER,dis,111829,90159,96185,122042,21670,-25857,269323
2017-03-21,EUR,EURO FX,tff,52933,121836,79230,65802,-68903,13428,406717
2017-03-21,GBP,BRITISH POUND,tff,30744,96391,145930,5259,-65647,140671,252480
2017-03-21,GOLD,GOLD,dis,219719,103467,101282,230279,116252,-128997,446880
2017-03-21,JPY,JAPANESE YEN,tff,30818,63636,83939,19327,-32818,64612,191626
2017-03-21,NZD,NEW ZEALAND DOLLAR,tff,15981,13043,14459,1798,2938,12661,37898
2017-03-21,OIL,WTI CRUDE OIL,dis,57939,19735,47659,56793,38204,-9134,126310
2017-03-21,SILVER,SILVER,dis,100337,21225,48468,142202,79112,-93734,190819
2017-03-21,USD,US DOLLAR INDEX,tff,28623,5420,225,60925,23203,-60700,72753
2017-03-28,AUD,AUSTRALIAN DOLLAR,tff,67042,13946,3296,75294,53096,-71998,134422
2017-03-28,CAD,CANADIAN DOLLAR,tff,18157,57086,24506,14796,-38929,9710,121699
2017-03-28,CHF,SWISS FRANC,tff,9004,21347,13717,3476,-12343,10241,42124
2017-03-28,COPPER,COPPER,dis,112041,82176,100198,129841,29865,-29643,273316
2017-03-28,EUR,EURO FX,tff,55749,115668,80570,82293,-59919,-1723,408853
2017-03-28,GBP,BRITISH POUND,tff,35183,83462,136402,22779,-48279,113623,246985
2017-03-28,GOLD,GOLD,dis,227839,90019,104760,256874,137820,-152114,449418
2017-03-28,JPY,JAPANESE YEN,tff,38983,49827,73385,39605,-10844,33780,197542
2017-03-28,NZD,NEW ZEALAND DOLLAR,tff,14112,14313,17775,1904,-201,15871,37949
2017-03-28,OIL,WTI CRUDE OIL,dis,58352,19681,48577,57435,38671,-8858,128459
2017-03-28,SILVER,SILVER,dis,112197,21509,48127,149894,90688,-101767,201829
2017-03-28,USD,US DOLLAR INDEX,tff,30860,6645,238,60218,24215,-59980,74650
2017-04-04,AUD,AUSTRALIAN DOLLAR,tff,68385,17778,7095,76394,50607,-69299,137172
2017-04-04,CAD,CANADIAN DOLLAR,tff,24711,66647,31037,14599,-41936,16438,133688
2017-04-04,CHF,SWISS FRANC,tff,7210,18944,15795,809,-11734,14986,39010
2017-04-04,COPPER,COPPER,dis,111665,84797,97060,126943,26868,-29883,277949
2017-04-04,EUR,EURO FX,tff,50153,117506,77711,71467,-67353,6244,397594
2017-04-04,GBP,BRITISH POUND,tff,30500,80038,136022,21161,-49538,114861,241774
2017-04-04,GOLD,GOLD,dis,239061,83625,96115,267131,155436,-171016,427808
2017-04-04,JPY,JAPANESE YEN,tff,35502,37219,72069,55443,-1717,16626,194368
2017-04-04,NZD,NEW ZEALAND DOLLAR,tff,14149,17058,20278,1845,-2909,18433,40904
2017-04-04,OIL,WTI CRUDE OIL,dis,55111,16119,42429,45674,38992,-3245,118733
2017-04-04,SILVER,SILVER,dis,126524,25142,47639,159985,101382,-112346,219160
2017-04-04,USD,US DOLLAR INDEX,tff,28671,4560,75,58147,24111,-58072,69339
2017-04-11,AUD,AUSTRALIAN DOLLAR,tff,57177,16022,8667,60151,41155,-51484,123144
2017-04-11,CAD,CANADIAN DOLLAR,tff,14045,60134,34790,14738,-46089,20052,126412
2017-04-11,CHF,SWISS FRANC,tff,9263,21892,22068,460,-12629,21608,46768
2017-04-11,COPPER,COPPER,dis,114238,88393,97209,127474,25845,-30265,284852
2017-04-11,EUR,EURO FX,tff,48657,136804,98304,61409,-88147,36895,420332
2017-04-11,GBP,BRITISH POUND,tff,30446,81764,141348,17706,-51318,123642,244188
2017-04-11,GOLD,GOLD,dis,253004,80338,98119,285483,172666,-187364,456131
2017-04-11,JPY,JAPANESE YEN,tff,39438,32735,70440,61681,6703,8759,198381
2017-04-11,NZD,NEW ZEALAND DOLLAR,tff,14768,19165,22148,1644,-4397,20504,43375
2017-04-11,OIL,WTI CRUDE OIL,dis,54918,16454,45533,48464,38464,-2931,122222
2017-04-11,SILVER,SILVER,dis,131969,26454,46900,161314,105515,-114414,220172
2017-04-11,USD,US DOLLAR INDEX,tff,27097,5207,275,58052,21890,-57777,71495
2017-04-18,AUD,AUSTRALIAN DOLLAR,tff,52437,14494,9133,52117,37943,-42984,114453
2017-04-18,CAD,CANADIAN DOLLAR,tff,20550,63316,38556,16227,-42766,22329,136614
2017-04-18,CHF,SWISS FRANC,tff,7989,22527,24015,450,-14538,23565,48435
2017-04-18,COPPER,COPPER,dis,106292,90249,103458,121850,16043,-18392,275401
2017-04-18,EUR,EURO FX,tff,54348,150668,105312,54960,-96320,50352,430589
2017-04-18,GBP,BRITISH POUND,tff,45942,84484,133992,29385,-38542,104607,261350
2017-04-18,GOLD,GOLD,dis,279311,83543,97769,308833,195768,-211064,472263
2017-04-18,JPY,JAPANESE YEN,tff,45984,31210,69417,70555,14774,-1138,203617
2017-04-18,NZD,NEW ZEALAND DOLLAR,tff,15114,18379,20990,1789,-3265,19201,43061
2017-04-18,OIL,WTI CRUDE OIL,dis,54892,16613,49001,56168,38279,-7167,126487
2017-04-18,SILVER,SILVER,dis,128378,24491,46878,163710,103887,-116832,227984
2017-04-18,USD,US DOLLAR INDEX,tff,26262,2952,701,57677,23310,-56976,66658
2017-04-25,AUD,AUSTRALIAN DOLLAR,tff,45330,15479,11072,46970,29851,-35898,108559
2017-04-25,CAD,CANADIAN DOLLAR,tff,26842,84127,54678,13556,-57285,41122,165504
2017-04-25,CHF,SWISS FRANC,tff,8488,23950,20288,929,-15462,19359,46882
2017-04-25,COPPER,COPPER,dis,103581,91123,101785,113775,12458,-11990,260513
2017-04-25,EUR,EURO FX,tff,50343,131648,80319,63755,-81305,16564,411006
2017-04-25,GBP,BRITISH POUND,tff,52087,71374,127597,48472,-19287,79125,261711
2017-04-25,GOLD,GOLD,dis,287468,86791,100335,314915,200677,-214580,475985
2017-04-25,JPY,JAPANESE YEN,tff,47203,23520,70474,78114,23683,-7640,204179
2017-04-25,NZD,NEW ZEALAND DOLLAR,tff,15330,19109,21681,1872,-3779,19809,43947
2017-04-25,OIL,WTI CRUDE OIL,dis,55771,16652,49305,56635,39119,-7330,127804
2017-04-25,SILVER,SILVER,dis,121018,27405,43415,151504,93613,-108089,214782
2017-04-25,USD,US DOLLAR INDEX,tff,26888,4538,784,58027,22350,-57243,70209
2017-05-02,AUD,AUSTRALIAN DOLLAR,tff,42148,16036,16535,42237,26112,-25702,107876
2017-05-02,CAD,CANADIAN DOLLAR,tff,40508,98430,65579,12630,-57922,52949,192692
2017-05-02,CHF,SWISS FRANC,tff,8462,19683,16579,1299,-11221,15280,43343
2017-05-02,COPPER,COPPER,dis,104855,86317,92346,111828,18538,-19482,248643
2017-05-02,EUR,EURO FX,tff,52095,105099,77923,89923,-53004,-12000,409936
2017-05-02,GBP,BRITISH POUND,tff,53919,65770,126242,61697,-11851,64545,267230
2017-05-02,GOLD,GOLD,dis,276032,86398,99054,303040,189634,-203986,461905
2017-05-02,JPY,JAPANESE YEN,tff,37956,25140,72161,64213,12816,7948,196845
2017-05-02,NZD,NEW ZEALAND DOLLAR,tff,14203,20069,22187,3324,-5866,18863,43368
2017-05-02,OIL,WTI CRUDE OIL,dis,54485,15812,47081,56225,38673,-9144,121094
2017-05-02,SILVER,SILVER,dis,101538,30171,43731,130305,71367,-86574,189240
2017-05-02,USD,US DOLLAR INDEX,tff,30910,7779,682,56891,23131,-56209,73868
2017-05-09,AUD,AUSTRALIAN DOLLAR,tff,40291,23334,33380,35732,16957,-2352,120039
2017-05-09,CAD,CANADIAN DOLLAR,tff,42562,108274,78494,10939,-65712,67555,214946
2017-05-09,CHF,SWISS FRANC,tff,14485,21192,16393,2778,-6707,13615,48410
2017-05-09,COPPER,COPPER,dis,98601,90520,92701,101001,8081,-8300,243123
2017-05-09,EUR,EURO FX,tff,49908,100749,79867,110091,-50841,-30224,418301
2017-05-09,GBP,BRITISH POUND,tff,47160,57862,126213,69634,-10702,56579,257225
2017-05-09,GOLD,GOLD,dis,236115,86109,104960,269382,150006,-164422,433033
2017-05-09,JPY,JAPANESE YEN,tff,37408,41712,79884,41033,-4304,38851,203140
2017-05-09,NZD,NEW ZEALAND DOLLAR,tff,13667,21434,24448,3365,-7767,21083,44057
2017-05-09,OIL,WTI CRUDE OIL,dis,55093,16442,48089,57573,38651,-9484,123351
2017-05-09,SILVER,SILVER,dis,94982,41327,48400,117669,53655,-69269,196083
2017-05-09,USD,US DOLLAR INDEX,tff,29973,10863,601,54430,19110,-53829,74804
2017-05-16,AUD,AUSTRALIAN DOLLAR,tff,43306,38560,57758,34695,4746,23063,138755
2017-05-16,CAD,CANADIAN DOLLAR,tff,35178,114805,88384,11636,-79627,76748,219483
2017-05-16,CHF,SWISS FRANC,tff,10577,22991,19869,1865,-12414,18004,48928
2017-05-16,COPPER,COPPER,dis,96922,88276,100625,107913,8646,-7288,250251
2017-05-16,EUR,EURO FX,tff,55162,88600,76757,131617,-33438,-54860,431659
2017-05-16,GBP,BRITISH POUND,tff,48279,52376,125466,77937,-4097,47529,256035
2017-05-16,GOLD,GOLD,dis,221532,94808,113719,256578,126724,-142859,435021
2017-05-16,JPY,JAPANESE YEN,tff,37309,63860,95184,31296,-26551,63888,222510
2017-05-16,NZD,NEW ZEALAND DOLLAR,tff,13360,23133,25113,2943,-9773,22170,45187
2017-05-16,OIL,WTI CRUDE OIL,dis,55006,16238,50209,57907,38768,-7698,123823
2017-05-16,SILVER,SILVER,dis,100142,57138,55612,112949,43004,-57337,215127
2017-05-16,USD,US DOLLAR INDEX,tff,32722,15049,51,54330,17673,-54279,78050
2017-05-23,AUD,AUSTRALIAN DOLLAR,tff,33302,42131,59506,34671,-8829,24835,128250
2017-05-23,CAD,CANADIAN DOLLAR,tff,25396,104419,89542,11774,-79023,77768,208304
2017-05-23,CHF,SWISS FRANC,tff,11398,23255,16273,8666,-11857,7607,51178
2017-05-23,COPPER,COPPER,dis,97688,84657,105830,116559,13031,-10729,256097
2017-05-23,EUR,EURO FX,tff,69482,74824,76460,159407,-5342,-82947,449360
2017-05-23,GBP,BRITISH POUND,tff,49482,47787,125979,84411,1695,41568,256257
2017-05-23,GOLD,GOLD,dis,241752,81985,112114,286405,159767,-174291,462572
2017-05-23,JPY,JAPANESE YEN,tff,37314,61367,80947,32805,-24053,48142,211298
2017-05-23,NZD,NEW ZEALAND DOLLAR,tff,16201,22785,21637,3083,-6584,18554,44165
2017-05-23,OIL,WTI CRUDE OIL,dis,54918,15885,50819,59757,39033,-8938,126102
2017-05-23,SILVER,SILVER,dis,96531,45358,53195,117182,51173,-63987,203459
2017-05-23,USD,US DOLLAR INDEX,tff,43310,16003,51,54181,27307,-54130,85136
2017-05-30,AUD,AUSTRALIAN DOLLAR,tff,36056,41863,56366,34685,-5807,21681,129388
2017-05-30,CAD,CANADIAN DOLLAR,tff,18325,97516,88164,11013,-79191,77151,200273
2017-05-30,CHF,SWISS FRANC,tff,13505,24759,16207,10156,-11254,6051,54403
2017-05-30,COPPER,COPPER,dis,96704,87060,106516,116079,9644,-9563,249317
2017-05-30,EUR,EURO FX,tff,71490,65844,72432,167397,5646,-94965,453280
2017-05-30,GBP,BRITISH POUND,tff,45086,49005,129800,78204,-3919,51596,254039
2017-05-30,GOLD,GOLD,dis,250542,83452,103751,286970,167090,-183219,434246
2017-05-30,JPY,JAPANESE YEN,tff,37857,65645,82245,35938,-27788,46307,213727
2017-05-30,NZD,NEW ZEALAND DOLLAR,tff,19028,22557,18273,4108,-3529,14165,44203
2017-05-30,OIL,WTI CRUDE OIL,dis,56557,16082,50691,59801,40475,-9110,127641
2017-05-30,SILVER,SILVER,dis,96568,35154,52861,123943,61414,-71082,205235
2017-05-30,USD,US DOLLAR INDEX,tff,40833,18200,51,50343,22633,-50292,84839
2017-06-06,AUD,AUSTRALIAN DOLLAR,tff,31796,41161,58971,34518,-9365,24453,133572
2017-06-06,CAD,CANADIAN DOLLAR,tff,19352,98522,86469,11775,-79170,74694,210933
2017-06-06,CHF,SWISS FRANC,tff,12193,21237,13818,10377,-9044,3441,51728
2017-06-06,COPPER,COPPER,dis,97394,84668,107435,120761,12726,-13326,253643
2017-06-06,EUR,EURO FX,tff,64699,54589,72303,168558,10110,-96255,447178
2017-06-06,GBP,BRITISH POUND,tff,40322,49716,129141,70109,-9394,59032,248173
2017-06-06,GOLD,GOLD,dis,312240,107775,108298,324652,204465,-216354,494041
2017-06-06,JPY,JAPANESE YEN,tff,34642,63938,82493,40094,-29296,42399,225549
2017-06-06,NZD,NEW ZEALAND DOLLAR,tff,21629,21332,14687,5014,297,9673,43814
2017-06-06,OIL,WTI CRUDE OIL,dis,54520,16186,47306,56493,38334,-9187,119892
2017-06-06,SILVER,SILVER,dis,101713,35772,52429,128053,65941,-75624,208967
2017-06-06,USD,US DOLLAR INDEX,tff,40766,19953,101,50912,20813,-50811,87243
2017-06-13,AUD,AUSTRALIAN DOLLAR,tff,29709,37914,55529,34259,-8205,21270,134959
2017-06-13,CAD,CANADIAN DOLLAR,tff,18134,93867,75975,11825,-75733,64150,204115
2017-06-13,CHF,SWISS FRANC,tff,14084,20535,12567,10914,-6451,1653,55138
2017-06-13,COPPER,COPPER,dis,108011,89213,98675,119272,18798,-20597,260631
2017-06-13,EUR,EURO FX,tff,61696,51695,80403,166583,10001,-86180,474300
2017-06-13,GBP,BRITISH POUND,tff,34694,54526,129970,58651,-19832,71319,269593
2017-06-13,GOLD,GOLD,dis,297178,106904,105193,308804,190274,-203611,471134
2017-06-13,JPY,JAPANESE YEN,tff,29495,51596,83980,44854,-22101,39126,210617
2017-06-13,NZD,NEW ZEALAND DOLLAR,tff,30015,25921,10544,6125,4094,4419,53576
2017-06-13,OIL,WTI CRUDE OIL,dis,53921,17140,47788,55703,36781,-7915,120052
2017-06-13,SILVER,SILVER,dis,102702,42044,51617,123530,60658,-71913,201214
2017-06-13,USD,US DOLLAR INDEX,tff,44159,18374,101,51013,25785,-50912,84987
2017-06-20,AUD,AUSTRALIAN DOLLAR,tff,38720,27702,5722,3025,11018,2697,81975
2017-06-20,CAD,CANADIAN DOLLAR,tff,20074,97339,66632,13207,-77265,53425,219496
2017-06-20,CHF,SWISS FRANC,tff,16784,11928,2119,4831,4856,-2712,35051
2017-06-20,COPPER,COPPER,dis,103559,90780,105947,120070,12779,-14123,271774
2017-06-20,EUR,EURO FX,tff,59455,74430,33170,84468,-14975,-51298,379269
2017-06-20,GBP,BRITISH POUND,tff,46148,60730,70976,7469,-14582,63507,194700
2017-06-20,GOLD,GOLD,dis,252620,101945,110287,275303,150675,-165016,445841
2017-06-20,JPY,JAPANESE YEN,tff,41627,50993,48310,14581,-9366,33729,171840
2017-06-20,NZD,NEW ZEALAND DOLLAR,tff,40386,17540,1268,15853,22846,-14585,50095
2017-06-20,OIL,WTI CRUDE OIL,dis,53987,18019,48211,56474,35968,-8263,120942
2017-06-20,SILVER,SILVER,dis,96000,49319,56301,115135,46681,-58834,199929
2017-06-20,USD,US DOLLAR INDEX,tff,14858,14178,285,18943,680,-18658,46708
2017-06-27,AUD,AUSTRALIAN DOLLAR,tff,46263,27647,4935,8988,18616,-4053,89953
2017-06-27,CAD,CANADIAN DOLLAR,tff,18567,64736,36431,10038,-46169,26393,143798
2017-06-27,CHF,SWISS FRANC,tff,17146,13601,2547,4904,3545,-2357,37364
2017-06-27,COPPER,COPPER,dis,106572,92884,95179,110189,13688,-15010,253503
2017-06-27,EUR,EURO FX,tff,66956,75103,33528,98769,-8147,-65241,400560
2017-06-27,GBP,BRITISH POUND,tff,39588,57258,73483,7192,-17670,66291,187799
2017-06-27,GOLD,GOLD,dis,236586,104914,117497,267360,131672,-149863,453144
2017-06-27,JPY,JAPANESE YEN,tff,37685,60569,62778,11769,-22884,51009,183705
2017-06-27,NZD,NEW ZEALAND DOLLAR,tff,46676,19703,1303,20647,26973,-19344,57424
2017-06-27,OIL,WTI CRUDE OIL,dis,54317,18090,48313,56467,36227,-8154,120815
2017-06-27,SILVER,SILVER,dis,93869,58337,59720,109928,35532,-50208,204637
2017-06-27,USD,US DOLLAR INDEX,tff,10369,17618,393,18868,-7249,-18475,48135
2017-07-03,AUD,AUSTRALIAN DOLLAR,tff,52859,22949,2518,31074,29910,-28556,100735
2017-07-03,CAD,CANADIAN DOLLAR,tff,23314,69148,24708,20754,-45834,3954,145079
2017-07-03,CHF,SWISS FRANC,tff,15628,8498,1937,9729,7130,-7792,38491
2017-07-03,COPPER,COPPER,dis,116393,100048,96051,113572,16345,-17521,267148
2017-07-03,EUR,EURO FX,tff,68317,74930,38470,127190,-6613,-88720,422496
2017-07-03,GBP,BRITISH POUND,tff,39096,56392,68249,23944,-17296,44305,201379
2017-07-03,GOLD,GOLD,dis,221681,127882,131190,238416,93799,-107226,457201
2017-07-03,JPY,JAPANESE YEN,tff,42636,78216,78310,12256,-35580,66054,207597
2017-07-03,NZD,NEW ZEALAND DOLLAR,tff,46104,15585,1274,25327,30519,-24053,57560
2017-07-03,OIL,WTI CRUDE OIL,dis,49213,16127,44705,41004,33086,3701,111553
2017-07-03,SILVER,SILVER,dis,91996,65721,61561,100789,26275,-39228,203541
2017-07-03,USD,US DOLLAR INDEX,tff,11377,17635,401,18943,-6258,-18542,50721
2017-07-11,AUD,AUSTRALIAN DOLLAR,tff,53331,15041,3086,38027,38290,-34941,98130
2017-07-11,CAD,CANADIAN DOLLAR,tff,37963,53426,24308,59656,-15463,-35348,161065
2017-07-11,CHF,SWISS FRANC,tff,15284,7435,3329,9532,7849,-6203,37943
2017-07-11,COPPER,COPPER,dis,112768,100762,96163,111064,12006,-14901,264039
2017-07-11,EUR,EURO FX,tff,72673,72383,39612,139185,290,-99573,436899
2017-07-11,GBP,BRITISH POUND,tff,36287,45030,70312,26839,-8743,43473,193648
2017-07-11,GOLD,GOLD,dis,217637,157377,147818,221734,60260,-73916,475669
2017-07-11,JPY,JAPANESE YEN,tff,41321,109607,108078,14142,-68286,93936,239786
2017-07-11,NZD,NEW ZEALAND DOLLAR,tff,46215,14451,1282,27393,31764,-26111,58499
2017-07-11,OIL,WTI CRUDE OIL,dis,51863,15577,45749,41436,36286,4313,114661
2017-07-11,SILVER,SILVER,dis,91174,77169,65517,90084,14005,-24567,207592
2017-07-11,USD,US DOLLAR INDEX,tff,20173,17468,399,18886,2705,-18487,53048
2017-07-18,AUD,AUSTRALIAN DOLLAR,tff,65123,12276,3444,59647,52847,-56203,117718
2017-07-18,CAD,CANADIAN DOLLAR,tff,49581,54596,20276,72519,-5015,-52243,169522
2017-07-18,CHF,SWISS FRANC,tff,17751,14623,3704,9237,3128,-5533,43183
2017-07-18,COPPER,COPPER,dis,121936,106606,99519,117099,15330,-17580,276841
2017-07-18,EUR,EURO FX,tff,77654,71195,35445,146121,6459,-110676,446259
2017-07-18,GBP,BRITISH POUND,tff,38664,42055,68527,34576,-3391,33951,200185
2017-07-18,GOLD,GOLD,dis,217232,157094,153064,226699,60138,-73635,484204
2017-07-18,JPY,JAPANESE YEN,tff,38069,120796,122782,14694,-82727,108088,250071
2017-07-18,NZD,NEW ZEALAND DOLLAR,tff,45287,8381,1348,33086,36906,-31738,57496
2017-07-18,OIL,WTI CRUDE OIL,dis,53528,15718,46060,43094,37810,2966,117007
2017-07-18,SILVER,SILVER,dis,90776,81400,66398,88312,9376,-21914,209689
2017-07-18,USD,US DOLLAR INDEX,tff,19809,19239,415,18884,570,-18469,53086
2017-07-25,AUD,AUSTRALIAN DOLLAR,tff,77087,22578,3732,67880,54509,-64148,132765
2017-07-25,CAD,CANADIAN DOLLAR,tff,56934,46441,19135,88225,10493,-69090,177330
2017-07-25,CHF,SWISS FRANC,tff,18497,13676,2880,12014,4821,-9134,45005
2017-07-25,COPPER,COPPER,dis,137242,112985,101929,125270,24257,-23341,298264
2017-07-25,EUR,EURO FX,tff,68288,67936,45227,148194,352,-102967,449086
2017-07-25,GBP,BRITISH POUND,tff,39246,53428,68540,27508,-14182,41032,200700
2017-07-25,GOLD,GOLD,dis,220299,129468,148926,252269,90831,-103343,463827
2017-07-25,JPY,JAPANESE YEN,tff,28154,110074,115660,14317,-81920,101343,235140
2017-07-25,NZD,NEW ZEALAND DOLLAR,tff,42877,6583,1408,32288,36294,-30880,54603
2017-07-25,OIL,WTI CRUDE OIL,dis,53800,16047,47391,42862,37753,4529,119007
2017-07-25,SILVER,SILVER,dis,90865,71448,63775,93307,19417,-29532,206347
2017-07-25,USD,US DOLLAR INDEX,tff,18885,20568,407,15335,-1683,-14928,49984
2017-08-01,AUD,AUSTRALIAN DOLLAR,tff,81416,22635,5199,73585,58781,-68386,139228
2017-08-01,CAD,CANADIAN DOLLAR,tff,67530,43886,17796,104565,23644,-86769,190622
2017-08-01,CHF,SWISS FRANC,tff,19157,9328,1829,10368,9829,-8539,39812
2017-08-01,COPPER,COPPER,dis,153081,121866,102487,135048,31215,-32561,321510
2017-08-01,EUR,EURO FX,tff,72993,66296,45316,151701,6697,-106385,457254
2017-08-01,GBP,BRITISH POUND,tff,47895,64629,68196,28710,-16734,39486,217430
2017-08-01,GOLD,GOLD,dis,239766,110094,126891,270276,129672,-143385,448709
2017-08-01,JPY,JAPANESE YEN,tff,37767,114947,110110,26023,-77180,84087,242876
2017-08-01,NZD,NEW ZEALAND DOLLAR,tff,43181,6947,1432,32265,36234,-30833,54968
2017-08-01,OIL,WTI CRUDE OIL,dis,48235,14395,46124,36210,33840,9914,112875
2017-08-01,SILVER,SILVER,dis,92259,61500,60593,100260,30759,-39667,207258
2017-08-01,USD,US DOLLAR INDEX,tff,14638,20753,425,15082,-6115,-14657,51424
2017-08-08,AUD,AUSTRALIAN DOLLAR,tff,94322,22819,5105,82096,71503,-76991,149911
2017-08-08,CAD,CANADIAN DOLLAR,tff,79476,37178,25017,124211,42298,-99194,205963
2017-08-08,CHF,SWISS FRANC,tff,21726,12948,4424,9042,8778,-4618,43122
2017-08-08,COPPER,COPPER,dis,157369,124233,101644,135571,33136,-33927,328814
2017-08-08,EUR,EURO FX,tff,83468,58135,46898,166487,25333,-119589,461152
2017-08-08,GBP,BRITISH POUND,tff,47945,59954,68377,28716,-12009,39661,208091
2017-08-08,GOLD,GOLD,dis,246377,97540,125168,284679,148837,-159511,448727
2017-08-08,JPY,JAPANESE YEN,tff,34972,104360,106471,29386,-69388,77085,232827
2017-08-08,NZD,NEW ZEALAND DOLLAR,tff,38872,7796,3531,31042,31076,-27511,53151
2017-08-08,OIL,WTI CRUDE OIL,dis,50182,15330,49806,43333,34852,6473,118930
2017-08-08,SILVER,SILVER,dis,91345,57481,59273,98834,33864,-39561,195163
2017-08-08,USD,US DOLLAR INDEX,tff,15428,21427,394,14969,-5999,-14575,52748
2017-08-15,AUD,AUSTRALIAN DOLLAR,tff,95283,16284,3952,84703,78999,-80751,149809
2017-08-15,CAD,CANADIAN DOLLAR,tff,72986,28909,18266,118550,44077,-100284,192026
2017-08-15,CHF,SWISS FRANC,tff,18673,10132,4955,6846,8541,-1891,39380
2017-08-15,COPPER,COPPER,dis,163551,126722,97858,135003,36829,-37145,333951
2017-08-15,EUR,EURO FX,tff,70194,60834,48060,161442,9360,-113382,462148
2017-08-15,GBP,BRITISH POUND,tff,52125,69702,72301,16107,-17577,56194,213259
2017-08-15,GOLD,GOLD,dis,277730,89996,122138,318769,187734,-196631,477921
2017-08-15,JPY,JAPANESE YEN,tff,35295,97563,85957,25676,-62268,60281,215090
2017-08-15,NZD,NEW ZEALAND DOLLAR,tff,33753,8884,1742,22898,24869,-21156,48413
2017-08-15,OIL,WTI CRUDE OIL,dis,50523,16829,52308,42888,33694,9420,122286
2017-08-15,SILVER,SILVER,dis,91596,52745,55918,104006,38851,-48088,187955
2017-08-15,USD,US DOLLAR INDEX,tff,14469,21160,384,14734,-6691,-14350,51263
2017-08-22,AUD,AUSTRALIAN DOLLAR,tff,93652,13204,4520,85489,80448,-80969,149592
2017-08-22,CAD,CANADIAN DOLLAR,tff,65772,22934,21393,117862,42838,-96469,186960
2017-08-22,CHF,SWISS FRANC,tff,18317,11124,5654,7186,7193,-1532,40420
2017-08-22,COPPER,COPPER,dis,164982,124136,96991,138053,40846,-41062,329725
2017-08-22,EUR,EURO FX,tff,80501,56657,43591,166707,23844,-123116,464445
2017-08-22,GBP,BRITISH POUND,tff,49042,79536,78627,6380,-30494,72247,216494
2017-08-22,GOLD,GOLD,dis,295711,87273,125036,344954,208438,-219918,500443
2017-08-22,JPY,JAPANESE YEN,tff,36940,94893,81881,26648,-57953,55233,215457
2017-08-22,NZD,NEW ZEALAND DOLLAR,tff,28874,8778,1448,19328,20096,-17880,44090
2017-08-22,OIL,WTI CRUDE OIL,dis,50741,16496,55680,45305,34245,10375,125005
2017-08-22,SILVER,SILVER,dis,91305,46759,55060,110109,44546,-55049,187227
2017-08-22,USD,US DOLLAR INDEX,tff,13426,20557,348,14731,-7131,-14383,52379
2017-08-29,AUD,AUSTRALIAN DOLLAR,tff,99624,14245,4157,93214,85379,-89057,159477
2017-08-29,CAD,CANADIAN DOLLAR,tff,68855,25953,20720,118803,42902,-98083,191798
2017-08-29,CHF,SWISS FRANC,tff,18409,11789,5260,7446,6620,-2186,42067
2017-08-29,COPPER,COPPER,dis,166629,122977,100159,144985,43652,-44826,329513
2017-08-29,EUR,EURO FX,tff,82489,51683,39729,167585,30806,-127856,469307
2017-08-29,GBP,BRITISH POUND,tff,49432,84635,88574,6880,-35203,81694,224031
2017-08-29,GOLD,GOLD,dis,318883,87836,119030,367059,231047,-248029,538875
2017-08-29,JPY,JAPANESE YEN,tff,37797,94228,75743,27673,-56431,48070,209890
2017-08-29,NZD,NEW ZEALAND DOLLAR,tff,28563,11237,1600,16010,17326,-14410,43732
2017-08-29,OIL,WTI CRUDE OIL,dis,47915,16836,58172,45396,31079,12776,125146
2017-08-29,SILVER,SILVER,dis,92930,39285,51479,117067,53645,-65588,182823
2017-08-29,USD,US DOLLAR INDEX,tff,21974,23315,401,14749,-1341,-14348,58082
2017-09-05,AUD,AUSTRALIAN DOLLAR,tff,99677,16445,4180,97300,83232,-93120,168171
2017-09-05,CAD,CANADIAN DOLLAR,tff,72221,32046,22941,124280,40175,-101339,203353
2017-09-05,CHF,SWISS FRANC,tff,18744,11223,6566,7481,7521,-915,42019
2017-09-05,COPPER,COPPER,dis,172088,123223,97890,149529,48865,-51639,330702
2017-09-05,EUR,EURO FX,tff,81977,51920,38344,165140,30057,-126796,464988
2017-09-05,GBP,BRITISH POUND,tff,41351,81720,83584,5936,-40369,77648,219048
2017-09-05,GOLD,GOLD,dis,336073,90775,125145,386952,245298,-261807,566817
2017-09-05,JPY,JAPANESE YEN,tff,44005,102300,72562,19740,-58295,52822,213200
2017-09-05,NZD,NEW ZEALAND DOLLAR,tff,26307,13295,4274,12354,13012,-8080,46094
2017-09-05,OIL,WTI CRUDE OIL,dis,43925,17176,56880,40387,26749,16493,118863
2017-09-05,SILVER,SILVER,dis,96374,32203,47489,124177,64171,-76688,183276
2017-09-05,USD,US DOLLAR INDEX,tff,17378,20423,495,14749,-3045,-14254,55828
2017-09-12,AUD,AUSTRALIAN DOLLAR,tff,98164,17444,4071,99904,80720,-95833,187355
2017-09-12,CAD,CANADIAN DOLLAR,tff,70928,32144,36169,126533,38784,-90364,227931
2017-09-12,CHF,SWISS FRANC,tff,20268,11765,6261,8159,8503,-1898,44076
2017-09-12,COPPER,COPPER,dis,161636,115022,93018,144830,46614,-51812,316294
2017-09-12,EUR,EURO FX,tff,84642,61588,45708,152062,23054,-106354,487425
2017-09-12,GBP,BRITISH POUND,tff,54040,88345,81997,13463,-34305,68534,273720
2017-09-12,GOLD,GOLD,dis,351492,96732,123298,395396,254760,-272098,580606
2017-09-12,JPY,JAPANESE YEN,tff,41679,84386,63747,18389,-42707,45358,200444
2017-09-12,NZD,NEW ZEALAND DOLLAR,tff,23775,14522,5872,12109,9253,-6237,49256
2017-09-12,OIL,WTI CRUDE OIL,dis,48560,15908,60074,54165,32652,5909,128445
2017-09-12,SILVER,SILVER,dis,102243,27256,45932,130613,74987,-84681,188207
2017-09-12,USD,US DOLLAR INDEX,tff,20268,20166,607,14751,102,-14144,55883
2017-09-19,AUD,AUSTRALIAN DOLLAR,tff,95571,17225,1886,99389,78346,-97503,158733
2017-09-19,CAD,CANADIAN DOLLAR,tff,79864,34202,38175,133561,45662,-95386,299169
2017-09-19,CHF,SWISS FRANC,tff,21997,11435,0,3704,10562,-3704,35451
2017-09-19,COPPER,COPPER,dis,142821,110234,89998,128801,32587,-38803,289998
2017-09-19,EUR,EURO FX,tff,78292,77133,31203,104014,1159,-72811,431108
2017-09-19,GBP,BRITISH POUND,tff,63384,64550,46763,12855,-1166,33908,202582
2017-09-19,GOLD,GOLD,dis,330646,94557,129222,382263,236089,-253041,570096
2017-09-19,JPY,JAPANESE YEN,tff,46498,76949,68911,11751,-30451,57160,185352
2017-09-19,NZD,NEW ZEALAND DOLLAR,tff,21038,18113,6060,3883,2925,2177,37073
2017-09-19,OIL,WTI CRUDE OIL,dis,51907,16200,62513,64552,35707,-2039,136179
2017-09-19,SILVER,SILVER,dis,99687,31884,47905,126313,67803,-78408,192994
2017-09-19,USD,US DOLLAR INDEX,tff,7264,22698,583,3172,-15434,-2589,42287
2017-09-26,AUD,AUSTRALIAN DOLLAR,tff,94306,10974,1959,97273,83332,-95314,154112
2017-09-26,CAD,CANADIAN DOLLAR,tff,81703,26020,1668,109834,55683,-108166,181913
2017-09-26,CHF,SWISS FRANC,tff,24271,13449,3133,3261,10822,-128,39765
2017-09-26,COPPER,COPPER,dis,136358,106222,85947,122343,30136,-36396,275999
2017-09-26,EUR,EURO FX,tff,70012,50279,34253,122254,19733,-88001,429111
2017-09-26,GBP,BRITISH POUND,tff,67932,50612,33399,16737,17320,16662,195509
2017-09-26,GOLD,GOLD,dis,303255,90661,134501,367972,212594,-233471,549637
2017-09-26,JPY,JAPANESE YEN,tff,44129,92474,94302,10111,-48345,84191,207097
2017-09-26,NZD,NEW ZEALAND DOLLAR,tff,20299,15276,5639,5360,5023,279,35914
2017-09-26,OIL,WTI CRUDE OIL,dis,51082,17695,63740,62335,33387,1405,136959
2017-09-26,SILVER,SILVER,dis,91812,31552,49345,121611,60260,-72266,186906
2017-09-26,USD,US DOLLAR INDEX,tff,7946,27304,584,2961,-19358,-2377,45590
2017-10-03,AUD,AUSTRALIAN DOLLAR,tff,96406,10809,1914,89253,85597,-87339,147098
2017-10-03,CAD,CANADIAN DOLLAR,tff,81440,19377,937,109985,62063,-109048,177263
2017-10-03,CHF,SWISS FRANC,tff,27050,17559,7375,3030,9491,4345,44571
2017-10-03,COPPER,COPPER,dis,140250,106421,80495,120284,33829,-39789,273497
2017-10-03,EUR,EURO FX,tff,69139,50830,37212,126161,18309,-88949,438663
2017-10-03,GBP,BRITISH POUND,tff,65467,35652,20518,16944,29815,3574,174867
2017-10-03,GOLD,GOLD,dis,287296,83441,126749,351172,203855,-224423,525127
2017-10-03,JPY,JAPANESE YEN,tff,60070,120325,115582,10718,-60255,104864,246889
2017-10-03,NZD,NEW ZEALAND DOLLAR,tff,19064,14562,5743,5349,4502,394,34175
2017-10-03,OIL,WTI CRUDE OIL,dis,49544,19367,58759,50893,30177,7866,130817
2017-10-03,SILVER,SILVER,dis,91097,31918,46546,115263,59179,-68717,183494
2017-10-03,USD,US DOLLAR INDEX,tff,8480,29002,619,5712,-20522,-5093,47920
2017-10-10,AUD,AUSTRALIAN DOLLAR,tff,91472,9103,1634,82079,82369,-80445,140854
2017-10-10,CAD,CANADIAN DOLLAR,tff,81352,16792,1184,110018,64560,-108834,175817
2017-10-10,CHF,SWISS FRANC,tff,27950,19967,10760,3583,7983,7177,49039
2017-10-10,COPPER,COPPER,dis,148019,107281,81658,128254,40738,-46596,289779
2017-10-10,EUR,EURO FX,tff,80601,57794,35775,133627,22807,-97852,450748
2017-10-10,GBP,BRITISH POUND,tff,63807,34970,33902,16332,28837,17570,181570
2017-10-10,GOLD,GOLD,dis,279227,79115,124178,347175,200112,-222997,520005
2017-10-10,JPY,JAPANESE YEN,tff,54882,128908,121267,11058,-74026,110209,254124
2017-10-10,NZD,NEW ZEALAND DOLLAR,tff,20898,17881,7492,4496,3017,2996,36460
2017-10-10,OIL,WTI CRUDE OIL,dis,49942,21650,63018,57129,28292,5889,135921
2017-10-10,SILVER,SILVER,dis,92195,33087,46444,117052,59108,-70608,188258
2017-10-10,USD,US DOLLAR INDEX,tff,9444,26024,909,6284,-16580,-5375,45773
2017-10-17,AUD,AUSTRALIAN DOLLAR,tff,79248,10135,3066,74481,69113,-71415,134145
2017-10-17,CAD,CANADIAN DOLLAR,tff,76590,14346,1230,109255,62244,-108025,174347
2017-10-17,CHF,SWISS FRANC,tff,31790,24632,14198,3641,7158,10557,55168
2017-10-17,COPPER,COPPER,dis,155965,104478,86744,141458,51487,-54714,306618
2017-10-17,EUR,EURO FX,tff,70431,55097,39581,137232,15334,-97651,446338
2017-10-17,GBP,BRITISH POUND,tff,59436,38280,42566,14977,21156,27589,186473
2017-10-17,GOLD,GOLD,dis,284617,83893,126678,348302,200724,-221624,528800
2017-10-17,JPY,JAPANESE YEN,tff,55265,135023,123587,11812,-79758,111775,257087
2017-10-17,NZD,NEW ZEALAND DOLLAR,tff,19998,16048,5858,4171,3950,1687,33757
2017-10-17,OIL,WTI CRUDE OIL,dis,51377,23541,65303,58491,27836,6812,139955
2017-10-17,SILVER,SILVER,dis,94825,30910,46960,121873,63915,-74913,191928
2017-10-17,USD,US DOLLAR INDEX,tff,7122,26254,720,5912,-19132,-5192,46646
2017-10-24,AUD,AUSTRALIAN DOLLAR,tff,80514,12582,2625,69311,67932,-66686,134558
2017-10-24,CAD,CANADIAN DOLLAR,tff,79106,16858,1174,103153,62248,-101979,172673
2017-10-24,CHF,SWISS FRANC,tff,31881,30544,22151,3609,1337,18542,63892
2017-10-24,COPPER,COPPER,dis,155756,102504,87457,144264,53252,-56807,308996
2017-10-24,EUR,EURO FX,tff,69117,58958,38628,134813,10159,-96185,445018
2017-10-24,GBP,BRITISH POUND,tff,60235,39696,45996,15316,20539,30680,188064
2017-10-24,GOLD,GOLD,dis,275521,84136,125468,336121,191385,-210653,526674
2017-10-24,JPY,JAPANESE YEN,tff,56266,149873,145551,10991,-93607,134560,282230
2017-10-24,NZD,NEW ZEALAND DOLLAR,tff,19498,22988,13399,3303,-3490,10096,41185
2017-10-24,OIL,WTI CRUDE OIL,dis,51182,23901,65689,58625,27281,7064,140587
2017-10-24,SILVER,SILVER,dis,95413,30293,49309,125814,65120,-76505,193899
2017-10-24,USD,US DOLLAR INDEX,tff,11057,29982,1067,6213,-18925,-5146,51132
2017-10-31,AUD,AUSTRALIAN DOLLAR,tff,81134,18606,4658,54047,62528,-49389,131999
2017-10-31,CAD,CANADIAN DOLLAR,tff,66274,20012,1408,85625,46262,-84217,157542
2017-10-31,CHF,SWISS FRANC,tff,29929,37115,35458,3307,-7186,32151,74717
2017-10-31,COPPER,COPPER,dis,145513,97920,87595,140038,47593,-52443,299573
2017-10-31,EUR,EURO FX,tff,59118,59175,40382,124061,-57,-83679,440384
2017-10-31,GBP,BRITISH POUND,tff,58526,39098,42975,13729,19428,29246,185123
2017-10-31,GOLD,GOLD,dis,268710,75615,128371,339019,193095,-210648,531918
2017-10-31,JPY,JAPANESE YEN,tff,49133,143190,145724,12012,-94057,133712,277706
2017-10-31,NZD,NEW ZEALAND DOLLAR,tff,19847,30798,21424,5501,-10951,15923,49610
2017-10-31,OIL,WTI CRUDE OIL,dis,54672,24839,68250,66317,29833,1933,146655
2017-10-31,SILVER,SILVER,dis,95382,35230,51632,122660,60152,-71028,198853
2017-10-31,USD,US DOLLAR INDEX,tff,8923,27558,946,8715,-18635,-7769,49228
2017-11-07,AUD,AUSTRALIAN DOLLAR,tff,73777,17063,7896,50721,56714,-42825,125196
2017-11-07,CAD,CANADIAN DOLLAR,tff,56415,22797,4927,78127,33618,-73200,147706
2017-11-07,CHF,SWISS FRANC,tff,28945,40025,42012,3281,-11080,38731,79116
2017-11-07,COPPER,COPPER,dis,140327,97752,85071,134710,42575,-49639,299392
2017-11-07,EUR,EURO FX,tff,62131,57575,37528,136187,4556,-98659,446502
2017-11-07,GBP,BRITISH POUND,tff,46099,35103,45284,12062,10996,33222,177968
2017-11-07,GOLD,GOLD,dis,272571,76781,123149,338436,195790,-215287,536843
2017-11-07,JPY,JAPANESE YEN,tff,42449,153637,161396,13432,-111188,147964,287936
2017-11-07,NZD,NEW ZEALAND DOLLAR,tff,17317,33486,26593,5788,-16169,20805,52072
2017-11-07,OIL,WTI CRUDE OIL,dis,54360,24479,65170,66508,29881,-1338,141621
2017-11-07,SILVER,SILVER,dis,99872,30970,52183,133824,68902,-81641,203330
2017-11-07,USD,US DOLLAR INDEX,tff,9910,27901,1320,11389,-17991,-10069,52065
2017-11-14,AUD,AUSTRALIAN DOLLAR,tff,70311,16169,12208,49988,54142,-37780,126097
2017-11-14,CAD,CANADIAN DOLLAR,tff,52802,21765,9096,75977,31037,-66881,143841
2017-11-14,CHF,SWISS FRANC,tff,28827,41855,43763,3347,-13028,40416,81661
2017-11-14,COPPER,COPPER,dis,132942,93228,84856,130500,39714,-45644,283153
2017-11-14,EUR,EURO FX,tff,79328,75472,38606,148301,3856,-109695,467842
2017-11-14,GBP,BRITISH POUND,tff,49809,33024,40662,15225,16785,25437,176727
2017-11-14,GOLD,GOLD,dis,271496,76412,122703,338494,195084,-215791,533054
2017-11-14,JPY,JAPANESE YEN,tff,40496,154058,157191,15159,-113562,142032,283628
2017-11-14,NZD,NEW ZEALAND DOLLAR,tff,15969,34047,29184,9122,-18078,20062,53690
2017-11-14,OIL,WTI CRUDE OIL,dis,54793,30431,63744,59961,24362,3783,142244
2017-11-14,SILVER,SILVER,dis,98070,28897,51730,132178,69173,-80448,199899
2017-11-14,USD,US DOLLAR INDEX,tff,6844,22698,1446,10417,-15854,-8971,46491
2017-11-21,AUD,AUSTRALIAN DOLLAR,tff,73439,20330,22117,43128,53109,-21011,132975
2017-11-21,CAD,CANADIAN DOLLAR,tff,45374,22252,8237,80921,23122,-72684,143596
2017-11-21,CHF,SWISS FRANC,tff,29859,43923,44834,3622,-14064,41212,82906
2017-11-21,COPPER,COPPER,dis,130954,90341,85241,131154,40613,-45913,277126
2017-11-21,EUR,EURO FX,tff,67135,57542,38559,206828,9593,-168269,465307
2017-11-21,GBP,BRITISH POUND,tff,52292,32000,51613,17461,20292,34152,175839
2017-11-21,GOLD,GOLD,dis,272934,71107,124856,349912,201827,-225056,531612
2017-11-21,JPY,JAPANESE YEN,tff,38817,137644,159447,14424,-98827,145023,261019
2017-11-21,NZD,NEW ZEALAND DOLLAR,tff,19820,38480,33732,9320,-18660,24412,59737
2017-11-21,OIL,WTI CRUDE OIL,dis,56000,29783,64912,62464,26217,2448,144660
2017-11-21,SILVER,SILVER,dis,98144,30503,52431,132867,67641,-80436,199402
2017-11-21,USD,US DOLLAR INDEX,tff,5575,19815,1482,6050,-14240,-4568,40200
2017-11-28,AUD,AUSTRALIAN DOLLAR,tff,72333,22147,24818,40798,50186,-15980,134805
2017-11-28,CAD,CANADIAN DOLLAR,tff,43694,20938,9771,83709,22756,-73938,145257
2017-11-28,CHF,SWISS FRANC,tff,27144,42711,44443,4061,-15567,40382,79544
2017-11-28,COPPER,COPPER,dis,132756,88833,81417,132288,43923,-50871,273314
2017-11-28,EUR,EURO FX,tff,80824,73895,36272,225060,6929,-188788,495561
2017-11-28,GBP,BRITISH POUND,tff,59750,35978,43243,17500,23772,25743,178230
2017-11-28,GOLD,GOLD,dis,287384,62967,116831,363372,224417,-246541,503810
2017-11-28,JPY,JAPANESE YEN,tff,40941,126127,139980,18757,-85186,121223,244536
2017-11-28,NZD,NEW ZEALAND DOLLAR,tff,20658,39705,33761,9136,-19047,24625,61260
2017-11-28,OIL,WTI CRUDE OIL,dis,58861,31554,67223,64389,27307,2834,148719
2017-11-28,SILVER,SILVER,dis,90138,31356,52073,125148,58782,-73075,186272
2017-11-28,USD,US DOLLAR INDEX,tff,9908,23834,555,1589,-13926,-1034,43517
2017-12-05,AUD,AUSTRALIAN DOLLAR,tff,73766,25205,30143,37746,48561,-7603,139427
2017-12-05,CAD,CANADIAN DOLLAR,tff,43515,22378,15339,81360,21137,-66021,147099
2017-12-05,CHF,SWISS FRANC,tff,27491,42113,44231,5272,-14622,38959,80778
2017-12-05,COPPER,COPPER,dis,116872,90219,80412,115624,26653,-35212,258050
2017-12-05,EUR,EURO FX,tff,79554,72003,38365,222032,7551,-183667,499124
2017-12-05,GBP,BRITISH POUND,tff,78233,52567,37361,21843,25666,15518,202693
2017-12-05,GOLD,GOLD,dis,251234,77905,132509,322399,173329,-189890,472795
2017-12-05,JPY,JAPANESE YEN,tff,37211,128459,135349,14237,-91248,121112,238077
2017-12-05,NZD,NEW ZEALAND DOLLAR,tff,20171,38596,33533,9163,-18425,24370,61386
2017-12-05,OIL,WTI CRUDE OIL,dis,57342,24429,58557,53316,32913,5241,138423
2017-12-05,SILVER,SILVER,dis,84905,53479,61774,108128,31426,-46354,192970
2017-12-05,USD,US DOLLAR INDEX,tff,3922,25145,552,1765,-21223,-1213,45289
2017-12-12,AUD,AUSTRALIAN DOLLAR,tff,78116,32074,37859,37739,46042,120,157029
2017-12-12,CAD,CANADIAN DOLLAR,tff,43296,17315,16819,80787,25981,-63968,149275
2017-12-12,CHF,SWISS FRANC,tff,24830,41293,50106,6014,-16463,44092,95115
2017-12-12,COPPER,COPPER,dis,106244,78490,79385,110514,27754,-31129,235080
2017-12-12,EUR,EURO FX,tff,70920,55803,41459,217887,15117,-176428,505744
2017-12-12,GBP,BRITISH POUND,tff,67120,40032,41437,26684,27088,14753,208102
2017-12-12,GOLD,GOLD,dis,201912,94844,155730,275193,107068,-119463,446618
2017-12-12,JPY,JAPANESE YEN,tff,36235,124546,138904,13131,-88311,125773,250581
2017-12-12,NZD,NEW ZEALAND DOLLAR,tff,19784,36112,34700,8850,-16328,25850,74192
2017-12-12,OIL,WTI CRUDE OIL,dis,57209,28079,66482,56184,29130,10298,146362
2017-12-12,SILVER,SILVER,dis,77169,67255,75352,100181,9914,-24829,202797
2017-12-12,USD,US DOLLAR INDEX,tff,4219,26330,568,3035,-22111,-2467,43885
2017-12-19,AUD,AUSTRALIAN DOLLAR,tff,40574,29341,34734,5939,11233,28795,105270
2017-12-19,CAD,CANADIAN DOLLAR,tff,50457,20939,16163,81913,29518,-65750,155022
2017-12-19,CHF,SWISS FRANC,tff,37724,40972,33310,3541,-3248,29769,78872
2017-12-19,COPPER,COPPER,dis,118876,76178,83794,126860,42698,-43066,249462
2017-12-19,EUR,EURO FX,tff,67452,69797,43189,215765,-2345,-172576,485622
2017-12-19,GBP,BRITISH POUND,tff,60942,32328,46304,34148,28614,12156,183783
2017-12-19,GOLD,GOLD,dis,197473,83678,156226,284443,113795,-128217,453595
2017-12-19,JPY,JAPANESE YEN,tff,47380,125387,121339,10598,-78007,110741,223424
2017-12-19,NZD,NEW ZEALAND DOLLAR,tff,11573,35738,31978,156,-24165,31822,48385
2017-12-19,OIL,WTI CRUDE OIL,dis,58666,28615,69822,66309,30051,3513,150638
2017-12-19,SILVER,SILVER,dis,77575,75106,76696,95317,2469,-18621,203703
2017-12-19,USD,US DOLLAR INDEX,tff,4449,15705,542,13350,-11256,-12808,40944
2017-12-26,AUD,AUSTRALIAN DOLLAR,tff,40535,39890,35178,6996,645,28182,110525
2017-12-26,CAD,CANADIAN DOLLAR,tff,30763,24114,3487,53162,6649,-49675,116559
2017-12-26,CHF,SWISS FRANC,tff,39301,44046,33904,3777,-4745,30127,81655
2017-12-26,COPPER,COPPER,dis,136816,83547,83321,136134,53269,-52813,268478
2017-12-26,EUR,EURO FX,tff,77098,76535,42077,219797,563,-177720,497744
2017-12-26,GBP,BRITISH POUND,tff,64870,39998,46479,35639,24872,10840,190393
2017-12-26,GOLD,GOLD,dis,202590,66642,155469,304938,135948,-149469,456470
2017-12-26,JPY,JAPANESE YEN,tff,56214,136422,119800,9083,-80208,110717,232428
2017-12-26,NZD,NEW ZEALAND DOLLAR,tff,10827,34727,31402,156,-23900,31246,47219
2017-12-26,OIL,WTI CRUDE OIL,dis,60155,28873,70632,68253,31282,2379,153974
2017-12-26,SILVER,SILVER,dis,74013,69365,77046,97785,4648,-20739,200321
2017-12-26,USD,US DOLLAR INDEX,tff,8144,18064,300,13278,-9920,-12978,44142
2018-01-02,AUD,AUSTRALIAN DOLLAR,tff,44295,54001,34499,11133,-9706,23366,123176
2018-01-02,CAD,CANADIAN DOLLAR,tff,32395,32533,3592,56761,-138,-53169,126829
2018-01-02,CHF,SWISS FRANC,tff,31882,39868,33541,3936,-7986,29605,75662
2018-01-02,COPPER,COPPER,dis,150141,86229,79800,144683,63912,-64883,288846
2018-01-02,EUR,EURO FX,tff,103746,69216,39984,263080,34530,-223096,542622
2018-01-02,GBP,BRITISH POUND,tff,87107,57408,39508,44160,29699,-4652,211627
2018-01-02,GOLD,GOLD,dis,241428,78160,155104,332704,163268,-177600,500731
2018-01-02,JPY,JAPANESE YEN,tff,51931,138255,119477,9631,-86324,109846,230564
2018-01-02,NZD,NEW ZEALAND DOLLAR,tff,8596,36534,30980,561,-27938,30419,45141
2018-01-02,OIL,WTI CRUDE OIL,dis,57674,26241,61487,62749,31433,-1262,145050
2018-01-02,SILVER,SILVER,dis,75127,52377,70480,107672,22750,-37192,192423
2018-01-02,USD,US DOLLAR INDEX,tff,20687,20573,158,13678,114,-13520,52638
2018-01-09,AUD,AUSTRALIAN DOLLAR,tff,51651,37200,20322,29991,14451,-9669,123463
2018-01-09,CAD,CANADIAN DOLLAR,tff,42976,35884,5078,76732,7092,-71654,147839
2018-01-09,CHF,SWISS FRANC,tff,25503,39794,38695,4046,-14291,34649,77070
2018-01-09,COPPER,COPPER,dis,147973,85689,76150,142372,62284,-66222,292480
2018-01-09,EUR,EURO FX,tff,101215,59173,44754,291217,42042,-246463,563400
2018-01-09,GBP,BRITISH POUND,tff,76145,40651,41528,50658,35494,-9130,203484
2018-01-09,GOLD,GOLD,dis,289161,85873,150099,370370,203288,-220271,555455
2018-01-09,JPY,JAPANESE YEN,tff,46493,146022,128935,11682,-99529,117253,233144
2018-01-09,NZD,NEW ZEALAND DOLLAR,tff,9462,32509,28522,5313,-23047,23209,45519
2018-01-09,OIL,WTI CRUDE OIL,dis,59096,26615,65954,69203,32481,-3249,151610
2018-01-09,SILVER,SILVER,dis,84313,46278,67973,117915,38035,-49942,195009
2018-01-09,USD,US DOLLAR INDEX,tff,24305,19048,245,12628,5257,-12383,51377
2018-01-16,AUD,AUSTRALIAN DOLLAR,tff,50764,30970,21424,39619,19794,-18195,123922
2018-01-16,CAD,CANADIAN DOLLAR,tff,52213,36381,6995,86307,15832,-79312,160810
2018-01-16,CHF,SWISS FRANC,tff,21393,34699,38287,6681,-13306,31606,70214
2018-01-16,COPPER,COPPER,dis,138575,77409,76474,141452,61166,-64978,288577
2018-01-16,EUR,EURO FX,tff,116996,71311,46686,306418,45685,-259732,594038
2018-01-16,GBP,BRITISH POUND,tff,86758,36229,41125,71484,50529,-30359,218209
2018-01-16,GOLD,GOLD,dis,301863,90152,158202,390709,211711,-232507,582333
2018-01-16,JPY,JAPANESE YEN,tff,50840,141336,116994,29941,-90496,87053,236305
2018-01-16,NZD,NEW ZEALAND DOLLAR,tff,10912,28761,25887,9232,-17849,16655,46780
2018-01-16,OIL,WTI CRUDE OIL,dis,60542,26816,68573,76894,33726,-8321,155657
2018-01-16,SILVER,SILVER,dis,79866,42654,68356,118499,37212,-50143,196511
2018-01-16,USD,US DOLLAR INDEX,tff,25809,21289,429,7353,4520,-6924,51436
2018-01-23,AUD,AUSTRALIAN DOLLAR,tff,63064,37371,19473,52644,25693,-33171,141176
2018-01-23,CAD,CANADIAN DOLLAR,tff,59807,37296,6492,93758,22511,-87266,168849
2018-01-23,CHF,SWISS FRANC,tff,21691,34660,36205,10262,-12969,25943,71767
2018-01-23,COPPER,COPPER,dis,134151,82116,73371,132834,52035,-59463,284300
2018-01-23,EUR,EURO FX,tff,127165,68142,47541,328477,59023,-280936,608683
2018-01-23,GBP,BRITISH POUND,tff,101097,38581,39568,85538,62516,-45970,236432
2018-01-23,GOLD,GOLD,dis,305812,91128,161458,396010,214684,-234552,582421
2018-01-23,JPY,JAPANESE YEN,tff,53978,140091,116155,38441,-86113,77714,241136
2018-01-23,NZD,NEW ZEALAND DOLLAR,tff,18643,29126,24109,13772,-10483,10337,53374
2018-01-23,OIL,WTI CRUDE OIL,dis,61603,27668,71796,78640,33935,-6844,161293
2018-01-23,SILVER,SILVER,dis,76193,47112,72086,113583,29081,-41497,199985
2018-01-23,USD,US DOLLAR INDEX,tff,22829,21074,262,6622,1755,-6360,49114
2018-01-30,AUD,AUSTRALIAN DOLLAR,tff,61394,34768,18664,55145,26626,-36481,140204
2018-01-30,CAD,CANADIAN DOLLAR,tff,63792,32029,9151,107581,31763,-98430,176871
2018-01-30,CHF,SWISS FRANC,tff,25229,33850,29085,14868,-8621,14217,72587
2018-01-30,COPPER,COPPER,dis,128405,74566,82882,141276,53839,-58394,287352
2018-01-30,EUR,EURO FX,tff,128097,51244,50889,337544,76853,-286655,603460
2018-01-30,GBP,BRITISH POUND,tff,100227,37526,39333,86756,62701,-47423,235080
2018-01-30,GOLD,GOLD,dis,298327,91065,154690,379766,207262,-225076,559332
2018-01-30,JPY,JAPANESE YEN,tff,62216,132263,115856,72589,-70047,43267,260237
2018-01-30,NZD,NEW ZEALAND DOLLAR,tff,23858,30197,20628,18248,-6339,2380,55783
2018-01-30,OIL,WTI CRUDE OIL,dis,66061,28473,74439,81182,37588,-6743,166606
2018-01-30,SILVER,SILVER,dis,72145,39723,68278,115569,32422,-47291,198358
2018-01-30,USD,US DOLLAR INDEX,tff,20139,18717,60,4834,1422,-4774,47086
2018-02-06,AUD,AUSTRALIAN DOLLAR,tff,63792,34030,15955,57785,29762,-41830,139810
2018-02-06,CAD,CANADIAN DOLLAR,tff,60212,18358,8720,111472,41854,-102752,167890
2018-02-06,CHF,SWISS FRANC,tff,24833,33488,28240,18667,-8655,9573,73968
2018-02-06,COPPER,COPPER,dis,124116,71161,80652,139174,52955,-58522,285964
2018-02-06,EUR,EURO FX,tff,118937,52485,58824,331291,66452,-272467,596937
2018-02-06,GBP,BRITISH POUND,tff,86358,28098,42302,82577,58260,-40275,216402
2018-02-06,GOLD,GOLD,dis,273828,82951,158650,364101,190877,-205451,535321
2018-02-06,JPY,JAPANESE YEN,tff,55555,122496,115170,74370,-66941,40800,249478
2018-02-06,NZD,NEW ZEALAND DOLLAR,tff,22754,29581,19952,17459,-6827,2493,55563
2018-02-06,OIL,WTI CRUDE OIL,dis,65308,24169,66913,74298,41139,-7385,155589
2018-02-06,SILVER,SILVER,dis,63729,47189,75255,105896,16540,-30641,205470
2018-02-06,USD,US DOLLAR INDEX,tff,17290,18955,63,4783,-1665,-4720,43794
2018-02-13,AUD,AUSTRALIAN DOLLAR,tff,49473,21374,15556,45417,28099,-29861,113967
2018-02-13,CAD,CANADIAN DOLLAR,tff,60459,20356,6170,93575,40103,-87405,155262
2018-02-13,CHF,SWISS FRANC,tff,25748,34248,28273,18891,-8500,9382,74651
2018-02-13,COPPER,COPPER,dis,112722,67974,73463,122331,44748,-48868,255708
2018-02-13,EUR,EURO FX,tff,86687,51901,75711,311832,34786,-236121,564233
2018-02-13,GBP,BRITISH POUND,tff,67078,21990,44617,60228,45088,-15611,193326
2018-02-13,GOLD,GOLD,dis,251860,76254,150847,345383,175606,-194536,511745
2018-02-13,JPY,JAPANESE YEN,tff,61712,123849,115945,83978,-62137,31967,260170
2018-02-13,NZD,NEW ZEALAND DOLLAR,tff,23022,27135,19103,18438,-4113,665,53739
2018-02-13,OIL,WTI CRUDE OIL,dis,65938,24391,67942,75396,41547,-7454,157728
2018-02-13,SILVER,SILVER,dis,64816,56105,80026,101974,8711,-21948,194056
2018-02-13,USD,US DOLLAR INDEX,tff,13687,16038,66,4608,-2351,-4542,40422
2018-02-20,AUD,AUSTRALIAN DOLLAR,tff,48671,18005,14978,45698,30666,-30720,111159
2018-02-20,CAD,CANADIAN DOLLAR,tff,47338,16525,6597,85731,30813,-79134,144832
2018-02-20,CHF,SWISS FRANC,tff,24663,29187,23746,18285,-4524,5461,69137
2018-02-20,COPPER,COPPER,dis,113187,65886,75737,130427,47301,-54690,256420
2018-02-20,EUR,EURO FX,tff,82318,53036,80317,309421,29282,-229104,567534
2018-02-20,GBP,BRITISH POUND,tff,64567,22703,42036,55158,41864,-13122,188118
2018-02-20,GOLD,GOLD,dis,257205,66283,154913,369791,190922,-214878,528154
2018-02-20,JPY,JAPANESE YEN,tff,65560,114562,114961,103524,-49002,11437,271271
2018-02-20,NZD,NEW ZEALAND DOLLAR,tff,23622,27586,18680,17947,-3964,733,54483
2018-02-20,OIL,WTI CRUDE OIL,dis,66961,25638,67900,77353,41323,-9453,159937
2018-02-20,SILVER,SILVER,dis,63200,57880,86061,105506,5320,-19445,203629
2018-02-20,USD,US DOLLAR INDEX,tff,10768,15242,100,4533,-4474,-4433,39428
2018-02-27,AUD,AUSTRALIAN DOLLAR,tff,50098,19461,14522,43021,30637,-28499,111306
2018-02-27,CAD,CANADIAN DOLLAR,tff,51165,24152,5735,75024,27013,-69289,145351
2018-02-27,CHF,SWISS FRANC,tff,24442,28477,23769,18678,-4035,5091,69018
2018-02-27,COPPER,COPPER,dis,114277,72876,84756,131777,41401,-47021,264683
2018-02-27,EUR,EURO FX,tff,86607,53046,82842,303236,33561,-220394,567463
2018-02-27,GBP,BRITISH POUND,tff,67571,23889,42421,58960,43682,-16539,196913
2018-02-27,GOLD,GOLD,dis,251981,73263,161527,361323,178718,-199796,532860
2018-02-27,JPY,JAPANESE YEN,tff,65290,98619,112117,108175,-33329,3942,263066
2018-02-27,NZD,NEW ZEALAND DOLLAR,tff,25581,30113,18883,18159,-4532,724,58443
2018-02-27,OIL,WTI CRUDE OIL,dis,68432,24460,71251,87604,43972,-16353,165997
2018-02-27,SILVER,SILVER,dis,63023,64531,82138,96601,-1508,-14463,193343
2018-02-27,USD,US DOLLAR INDEX,tff,8641,14295,0,4533,-5654,-4533,37902
2018-03-06,AUD,AUSTRALIAN DOLLAR,tff,50481,20413,13706,31356,30068,-17650,106051
2018-03-06,CAD,CANADIAN DOLLAR,tff,52320,25294,5111,55221,27026,-50110,139318
2018-03-06,CHF,SWISS FRANC,tff,14579,23283,27090,17479,-8704,9611,62349
2018-03-06,COPPER,COPPER,dis,112589,70669,83295,132773,41920,-49478,260097
2018-03-06,EUR,EURO FX,tff,77977,47837,79216,307651,30140,-228435,557530
2018-03-06,GBP,BRITISH POUND,tff,67399,30637,44035,54722,36762,-10687,197439
2018-03-06,GOLD,GOLD,dis,245587,61764,153421,358324,183823,-204903,508100
2018-03-06,JPY,JAPANESE YEN,tff,73066,89238,112261,125850,-16172,-13589,277327
2018-03-06,NZD,NEW ZEALAND DOLLAR,tff,27277,28021,18539,21874,-744,-3335,59354
2018-03-06,OIL,WTI CRUDE OIL,dis,64504,22992,64995,78531,41512,-13536,155846
2018-03-06,SILVER,SILVER,dis,68686,62500,74760,96570,6186,-21810,196590
2018-03-06,USD,US DOLLAR INDEX,tff,7220,16956,0,4843,-9736,-4843,37639
2018-03-13,AUD,AUSTRALIAN DOLLAR,tff,38219,22281,16040,29750,15938,-13710,106473
2018-03-13,CAD,CANADIAN DOLLAR,tff,57688,32681,4994,52463,25007,-47469,154478
2018-03-13,CHF,SWISS FRANC,tff,14799,20447,26462,16526,-5648,9936,63221
2018-03-13,COPPER,COPPER,dis,108709,69074,92159,137691,39635,-45532,273651
2018-03-13,EUR,EURO FX,tff,82704,44967,77273,306895,37737,-229622,584759
2018-03-13,GBP,BRITISH POUND,tff,75104,34133,38584,56184,40971,-17600,206151
2018-03-13,GOLD,GOLD,dis,234431,66483,161604,350414,167948,-188810,526762
2018-03-13,JPY,JAPANESE YEN,tff,72780,71430,117310,140306,1350,-22996,279671
2018-03-13,NZD,NEW ZEALAND DOLLAR,tff,29613,30995,18450,22095,-1382,-3645,66872
2018-03-13,OIL,WTI CRUDE OIL,dis,65105,23734,66652,79946,41371,-13294,158781
2018-03-13,SILVER,SILVER,dis,66707,63760,75362,94635,2947,-19273,200094
2018-03-13,USD,US DOLLAR INDEX,tff,6576,14107,0,4757,-7531,-4757,35920
2018-03-20,AUD,AUSTRALIAN DOLLAR,tff,53296,25141,7520,18471,28155,-10951,97255
2018-03-20,CAD,CANADIAN DOLLAR,tff,76198,43526,6803,49950,32672,-43147,180240
2018-03-20,CHF,SWISS FRANC,tff,19564,22360,10360,428,-2796,9932,44305
2018-03-20,COPPER,COPPER,dis,107919,77058,100673,141281,30861,-40608,283457
2018-03-20,EUR,EURO FX,tff,75540,49876,38865,261561,25664,-222696,496964
2018-03-20,GBP,BRITISH POUND,tff,78076,27455,10251,36762,50621,-26511,159183
2018-03-20,GOLD,GOLD,dis,223882,75151,173307,340577,148731,-167270,545499
2018-03-20,JPY,JAPANESE YEN,tff,70286,59427,10188,41090,10859,-30902,160250
2018-03-20,NZD,NEW ZEALAND DOLLAR,tff,28679,10206,1942,23397,18473,-21455,44482
2018-03-20,OIL,WTI CRUDE OIL,dis,66984,22945,69076,84615,44039,-15539,165083
2018-03-20,SILVER,SILVER,dis,63813,76329,84080,87789,-12516,-3709,216042
2018-03-20,USD,US DOLLAR INDEX,tff,6823,14168,0,4057,-7345,-4057,29866
2018-03-27,AUD,AUSTRALIAN DOLLAR,tff,49396,30007,21826,16786,19389,5040,104797
2018-03-27,CAD,CANADIAN DOLLAR,tff,23944,56002,24547,2952,-32058,21595,127568
2018-03-27,CHF,SWISS FRANC,tff,17736,21196,11782,429,-3460,11353,44649
2018-03-27,COPPER,COPPER,dis,106932,87745,115589,141882,19187,-26293,293335
2018-03-27,EUR,EURO FX,tff,86384,58869,38057,276381,27515,-238324,514049
2018-03-27,GBP,BRITISH POUND,tff,97924,35042,1475,42840,62882,-41365,176947
2018-03-27,GOLD,GOLD,dis,259032,55678,157443,383803,203354,-226360,529690
2018-03-27,JPY,JAPANESE YEN,tff,68604,47962,6768,53630,20642,-46862,162038
2018-03-27,NZD,NEW ZEALAND DOLLAR,tff,31703,12549,2973,22528,19154,-19555,46728
2018-03-27,OIL,WTI CRUDE OIL,dis,67313,23326,75154,90063,43987,-14909,169929
2018-03-27,SILVER,SILVER,dis,60786,74443,82087,89439,-13657,-7352,219518
2018-03-27,USD,US DOLLAR INDEX,tff,11670,18555,0,4057,-6885,-4057,35691
2018-04-03,AUD,AUSTRALIAN DOLLAR,tff,42762,31135,32589,16260,11627,16329,108830
2018-04-03,CAD,CANADIAN DOLLAR,tff,18988,56697,24980,3813,-37709,21167,127509
2018-04-03,CHF,SWISS FRANC,tff,19076,22593,15683,1145,-3517,14538,48734
2018-04-03,COPPER,COPPER,dis,102027,81117,117045,142322,20910,-25277,289138
2018-04-03,EUR,EURO FX,tff,68333,49189,40980,262324,19144,-221344,493677
2018-04-03,GBP,BRITISH POUND,tff,96486,26062,3219,47114,70424,-43895,172017
2018-04-03,GOLD,GOLD,dis,234677,68088,162608,351473,166589,-188865,493141
2018-04-03,JPY,JAPANESE YEN,tff,55151,31879,12756,54623,23272,-41867,148818
2018-04-03,NZD,NEW ZEALAND DOLLAR,tff,31976,12808,3622,22567,19168,-18945,47079
2018-04-03,OIL,WTI CRUDE OIL,dis,66860,21668,68054,84405,45192,-16351,159185
2018-04-03,SILVER,SILVER,dis,65969,82934,86416,89053,-16965,-2637,232682
2018-04-03,USD,US DOLLAR INDEX,tff,9267,16112,0,3977,-6845,-3977,31226
2018-04-10,AUD,AUSTRALIAN DOLLAR,tff,36170,26675,35037,16533,9495,18504,104209
2018-04-10,CAD,CANADIAN DOLLAR,tff,16374,54523,24424,5481,-38149,18943,124621
2018-04-10,CHF,SWISS FRANC,tff,19966,23862,20020,1310,-3896,18710,51144
2018-04-10,COPPER,COPPER,dis,94928,71222,95352,121489,23706,-26137,255757
2018-04-10,EUR,EURO FX,tff,78185,53135,34531,281979,25050,-247448,508204
2018-04-10,GBP,BRITISH POUND,tff,105977,31286,3905,53683,74691,-49778,182784
2018-04-10,GOLD,GOLD,dis,234457,79085,166796,342448,155372,-175652,499588
2018-04-10,JPY,JAPANESE YEN,tff,52828,33511,13474,50266,19317,-36792,151202
2018-04-10,NZD,NEW ZEALAND DOLLAR,tff,37676,16954,3382,27484,20722,-24102,55938
2018-04-10,OIL,WTI CRUDE OIL,dis,67546,21776,78097,87492,45770,-9395,162880
2018-04-10,SILVER,SILVER,dis,65033,79866,83340,87918,-14833,-4578,227175
2018-04-10,USD,US DOLLAR INDEX,tff,12758,19073,0,3977,-6315,-3977,33497
2018-04-17,AUD,AUSTRALIAN DOLLAR,tff,27893,27456,36063,17047,437,19016,99720
2018-04-17,CAD,CANADIAN DOLLAR,tff,19902,54862,21862,16546,-34960,5316,128174
2018-04-17,CHF,SWISS FRANC,tff,25724,29869,22683,1261,-4145,21422,59012
2018-04-17,COPPER,COPPER,dis,95532,64815,75213,111392,30717,-36179,240008
2018-04-17,EUR,EURO FX,tff,80379,50401,33569,283461,29978,-249892,509032
2018-04-17,GBP,BRITISH POUND,tff,121440,42215,2495,64795,79225,-62300,205523
2018-04-17,GOLD,GOLD,dis,237288,74219,173535,358797,163069,-185262,510229
2018-04-17,JPY,JAPANESE YEN,tff,49225,34437,13593,49707,14788,-36114,147319
2018-04-17,NZD,NEW ZEALAND DOLLAR,tff,39013,16994,3086,33398,22019,-30312,61437
2018-04-17,OIL,WTI CRUDE OIL,dis,68735,22529,81645,88930,46206,-7285,168042
2018-04-17,SILVER,SILVER,dis,66609,66696,76300,93255,-87,-16955,214297
2018-04-17,USD,US DOLLAR INDEX,tff,13247,18380,0,3977,-5133,-3977,34609
2018-04-24,AUD,AUSTRALIAN DOLLAR,tff,47417,36378,42220,17754,11039,24466,122645
2018-04-24,CAD,CANADIAN DOLLAR,tff,16634,43368,21075,17996,-26734,3079,120406
2018-04-24,CHF,SWISS FRANC,tff,28942,33660,33592,1233,-4718,32359,71004
2018-04-24,COPPER,COPPER,dis,101054,58418,77564,122695,42636,-45131,240990
2018-04-24,EUR,EURO FX,tff,56370,48017,38249,265356,8353,-227107,494154
2018-04-24,GBP,BRITISH POUND,tff,93404,31424,8892,50770,61980,-41878,183826
2018-04-24,GOLD,GOLD,dis,225804,89158,175715,337515,136646,-161800,506410
2018-04-24,JPY,JAPANESE YEN,tff,54800,41826,20496,46044,12974,-25548,155237
2018-04-24,NZD,NEW ZEALAND DOLLAR,tff,33949,12387,4173,31714,21562,-27541,55385
2018-04-24,OIL,WTI CRUDE OIL,dis,68973,24450,83877,91552,44523,-7675,172322
2018-04-24,SILVER,SILVER,dis,67802,55835,75386,106951,11967,-31565,201707
2018-04-24,USD,US DOLLAR INDEX,tff,9175,20301,0,3977,-11126,-3977,32114
2018-05-01,AUD,AUSTRALIAN DOLLAR,tff,59351,40611,52334,15294,18740,37040,145711
2018-05-01,CAD,CANADIAN DOLLAR,tff,12139,42803,25060,8876,-30664,16184,121676
2018-05-01,CHF,SWISS FRANC,tff,28196,37668,47825,1322,-9472,46503,84228
2018-05-01,COPPER,COPPER,dis,106141,71225,76486,118085,34916,-41599,243337
2018-05-01,EUR,EURO FX,tff,64315,61805,42967,258345,2510,-215378,509659
2018-05-01,GBP,BRITISH POUND,tff,64121,37952,27588,46251,26169,-18663,194859
2018-05-01,GOLD,GOLD,dis,209577,102798,179735,311607,106779,-131872,507756
2018-05-01,JPY,JAPANESE YEN,tff,51085,41012,29507,43683,10073,-14176,160337
2018-05-01,NZD,NEW ZEALAND DOLLAR,tff,27136,12016,6962,23729,15120,-16767,47605
2018-05-01,OIL,WTI CRUDE OIL,dis,67323,23598,81963,92485,43725,-10522,168077
2018-05-01,SILVER,SILVER,dis,68528,75724,78011,89989,-7196,-11978,194685
2018-05-01,USD,US DOLLAR INDEX,tff,10394,25148,107,3987,-14754,-3880,35440
2018-05-08,AUD,AUSTRALIAN DOLLAR,tff,55481,49061,71660,15487,6420,56173,160224
2018-05-08,CAD,CANADIAN DOLLAR,tff,16816,44921,26798,8936,-28105,17862,128877
2018-05-08,CHF,SWISS FRANC,tff,24390,45684,63799,1335,-21294,62464,97900
2018-05-08,COPPER,COPPER,dis,106333,72881,78709,117936,33452,-39227,253834
2018-05-08,EUR,EURO FX,tff,67669,62778,50026,258278,4891,-208252,515132
2018-05-08,GBP,BRITISH POUND,tff,52575,31570,44052,43105,21005,947,188802
2018-05-08,GOLD,GOLD,dis,198548,91108,181586,316570,107440,-134984,491398
2018-05-08,JPY,JAPANESE YEN,tff,45261,42156,32150,44953,3105,-12803,157576
2018-05-08,NZD,NEW ZEALAND DOLLAR,tff,26951,14993,13091,22120,11958,-9029,49725
2018-05-08,OIL,WTI CRUDE OIL,dis,68755,23578,84091,94806,45177,-10715,172337
2018-05-08,SILVER,SILVER,dis,72713,72834,77127,94204,-121,-17077,195865
2018-05-08,USD,US DOLLAR INDEX,tff,11056,26990,180,4673,-15934,-4493,37324
2018-05-15,AUD,AUSTRALIAN DOLLAR,tff,60134,60231,85236,13294,-97,71942,173515
2018-05-15,CAD,CANADIAN DOLLAR,tff,14414,45262,30358,10610,-30848,19748,128708
2018-05-15,CHF,SWISS FRANC,tff,23903,49585,70430,1360,-25682,69070,103691
2018-05-15,COPPER,COPPER,dis,107169,70814,85935,127212,36355,-41277,258587
2018-05-15,EUR,EURO FX,tff,57717,61801,56341,240662,-4084,-184321,505114
2018-05-15,GBP,BRITISH POUND,tff,51457,31619,50287,40908,19838,9379,190648
2018-05-15,GOLD,GOLD,dis,201468,109025,195925,314014,92443,-118089,519958
2018-05-15,JPY,JAPANESE YEN,tff,60155,47309,29260,44989,12846,-15729,163411
2018-05-15,NZD,NEW ZEALAND DOLLAR,tff,28185,21738,24670,21212,6447,3458,59874
2018-05-15,OIL,WTI CRUDE OIL,dis,69626,23968,87463,97782,45658,-10319,176708
2018-05-15,SILVER,SILVER,dis,72663,72005,78406,96472,658,-18066,198065
2018-05-15,USD,US DOLLAR INDEX,tff,11665,29776,330,4873,-18111,-4543,40239
2018-05-22,AUD,AUSTRALIAN DOLLAR,tff,37203,54068,83781,13348,-16865,70433,150320
2018-05-22,CAD,CANADIAN DOLLAR,tff,12361,44564,27094,13944,-32203,13150,136118
2018-05-22,CHF,SWISS FRANC,tff,23097,50003,71555,1785,-26906,69770,104258
2018-05-22,COPPER,COPPER,dis,109623,70611,84604,128353,39012,-43749,260111
2018-05-22,EUR,EURO FX,tff,60848,71536,65106,236880,-10688,-171774,520648
2018-05-22,GBP,BRITISH POUND,tff,43710,22871,52131,41340,20839,10791,186517
2018-05-22,GOLD,GOLD,dis,189677,98720,203101,318676,90957,-115575,502942
2018-05-22,JPY,JAPANESE YEN,tff,58092,51870,46439,31211,6222,15228,175316
2018-05-22,NZD,NEW ZEALAND DOLLAR,tff,22057,23054,30067,20078,-997,9989,60456
2018-05-22,OIL,WTI CRUDE OIL,dis,69593,25536,91941,99616,44057,-7675,181653
2018-05-22,SILVER,SILVER,dis,78007,62782,76516,107939,15225,-31423,198248
2018-05-22,USD,US DOLLAR INDEX,tff,11499,30353,550,4873,-18854,-4323,42065
2018-05-29,AUD,AUSTRALIAN DOLLAR,tff,37476,52888,85868,12648,-15412,73220,155973
2018-05-29,CAD,CANADIAN DOLLAR,tff,20058,43937,25067,14711,-23879,10356,147495
2018-05-29,CHF,SWISS FRANC,tff,15790,51266,73380,1422,-35476,71958,107190
2018-05-29,COPPER,COPPER,dis,108885,71285,92104,133339,37600,-41235,266370
2018-05-29,EUR,EURO FX,tff,70434,88324,75345,227876,-17890,-152531,552251
2018-05-29,GBP,BRITISH POUND,tff,54747,35823,64632,39156,18924,25476,205778
2018-05-29,GOLD,GOLD,dis,193652,78522,171361,308050,115130,-136689,469382
2018-05-29,JPY,JAPANESE YEN,tff,52259,54772,40918,30715,-2513,10203,171339
2018-05-29,NZD,NEW ZEALAND DOLLAR,tff,23272,23956,29381,19959,-684,9422,62523
2018-05-29,OIL,WTI CRUDE OIL,dis,69648,25759,93221,99486,43889,-6265,183196
2018-05-29,SILVER,SILVER,dis,83066,65613,77447,112744,17453,-35297,207610
2018-05-29,USD,US DOLLAR INDEX,tff,14733,33511,610,4873,-18778,-4263,45941
2018-06-05,AUD,AUSTRALIAN DOLLAR,tff,29086,46035,83456,14106,-16949,69350,143872
2018-06-05,CAD,CANADIAN DOLLAR,tff,21355,45333,23734,11496,-23978,12238,158317
2018-06-05,CHF,SWISS FRANC,tff,12467,43480,74937,1607,-31013,73330,100867
2018-06-05,COPPER,COPPER,dis,112774,65067,92559,140410,47707,-47851,264350
2018-06-05,EUR,EURO FX,tff,67518,100985,87429,214080,-33467,-126651,576287
2018-06-05,GBP,BRITISH POUND,tff,63987,41822,71354,37313,22165,34041,239409
2018-06-05,GOLD,GOLD,dis,185321,73905,164024,298371,111416,-134347,450641
2018-06-05,JPY,JAPANESE YEN,tff,42295,37643,28503,29974,4652,-1471,146448
2018-06-05,NZD,NEW ZEALAND DOLLAR,tff,23151,23618,29345,19823,-467,9522,62065
2018-06-05,OIL,WTI CRUDE OIL,dis,66451,29848,86501,91233,36603,-4732,173125
2018-06-05,SILVER,SILVER,dis,85070,65636,75763,113310,19434,-37547,211605
2018-06-05,USD,US DOLLAR INDEX,tff,15183,33199,560,5421,-18016,-4861,44949
2018-06-12,AUD,AUSTRALIAN DOLLAR,tff,21729,39367,75328,15507,-17638,59821,137724
2018-06-12,CAD,CANADIAN DOLLAR,tff,17078,40139,23547,12714,-23061,10833,156985
2018-06-12,CHF,SWISS FRANC,tff,9060,39736,73906,1663,-30676,72243,101245
2018-06-12,COPPER,COPPER,dis,128503,57966,79252,150778,70537,-71526,285593
2018-06-12,EUR,EURO FX,tff,50902,92912,88420,226125,-42010,-137705,599561
2018-06-12,GBP,BRITISH POUND,tff,57314,29000,62228,43163,28314,19065,269609
2018-06-12,GOLD,GOLD,dis,192752,72512,159416,300003,120240,-140587,448695
2018-06-12,JPY,JAPANESE YEN,tff,55723,38368,23212,28886,17355,-5674,166877
2018-06-12,NZD,NEW ZEALAND DOLLAR,tff,22941,22431,27854,19683,510,8171,64699
2018-06-12,OIL,WTI CRUDE OIL,dis,67264,29874,87448,93274,37390,-5826,174851
2018-06-12,SILVER,SILVER,dis,101133,51403,70970,138352,49730,-67382,230163
2018-06-12,USD,US DOLLAR INDEX,tff,14863,35163,670,5421,-20300,-4751,49907
2018-06-19,AUD,AUSTRALIAN DOLLAR,tff,30693,50367,74633,1526,-19674,73107,135854
2018-06-19,CAD,CANADIAN DOLLAR,tff,33222,51953,14121,28858,-18731,-14737,190384
2018-06-19,CHF,SWISS FRANC,tff,22794,40239,62311,2432,-17445,59879,93601
2018-06-19,COPPER,COPPER,dis,119036,62725,79807,141792,56311,-61985,268435
2018-06-19,EUR,EURO FX,tff,40761,96068,43711,151674,-55307,-107963,478200
2018-06-19,GBP,BRITISH POUND,tff,42108,35609,53867,7054,6499,46813,172592
2018-06-19,GOLD,GOLD,dis,202915,106403,161475,275599,96512,-114124,468345
2018-06-19,JPY,JAPANESE YEN,tff,48426,63117,35223,17151,-14691,18072,154641
2018-06-19,NZD,NEW ZEALAND DOLLAR,tff,10245,24238,23951,0,-13993,23951,43308
2018-06-19,OIL,WTI CRUDE OIL,dis,66810,20904,87507,101881,45906,-14374,174977
2018-06-19,SILVER,SILVER,dis,95323,54421,71799,130340,40902,-58541,218814
2018-06-19,USD,US DOLLAR INDEX,tff,17385,21794,595,19785,-4409,-19190,46993
2018-06-26,AUD,AUSTRALIAN DOLLAR,tff,29708,50402,79513,2003,-20694,77510,137795
2018-06-26,CAD,CANADIAN DOLLAR,tff,38422,59335,42599,19377,-20913,23222,159233
2018-06-26,CHF,SWISS FRANC,tff,16711,40287,66998,2337,-23576,64661,92933
2018-06-26,COPPER,COPPER,dis,104151,70106,92700,132814,34045,-40114,268714
2018-06-26,EUR,EURO FX,tff,39270,99328,46454,152251,-60058,-105797,481383
2018-06-26,GBP,BRITISH POUND,tff,35864,29537,58375,6079,6327,52296,169623
2018-06-26,GOLD,GOLD,dis,195118,118446,171601,266564,76672,-94963,468573
2018-06-26,JPY,JAPANESE YEN,tff,44371,58067,39303,17047,-13696,22256,153566
2018-06-26,NZD,NEW ZEALAND DOLLAR,tff,10073,25781,26053,0,-15708,26053,45026
2018-06-26,OIL,WTI CRUDE OIL,dis,67095,20700,88437,103524,46395,-15087,176694
2018-06-26,SILVER,SILVER,dis,93565,59344,73397,122428,34221,-49031,218492
2018-06-26,USD,US DOLLAR INDEX,tff,17057,22233,795,19785,-5176,-18990,47596
2018-07-03,AUD,AUSTRALIAN DOLLAR,tff,29290,48219,81104,3354,-18929,77750,141049
2018-07-03,CAD,CANADIAN DOLLAR,tff,21386,59242,58551,16609,-37856,41942,158341
2018-07-03,CHF,SWISS FRANC,tff,13092,39901,69076,2408,-26809,66668,91196
2018-07-03,COPPER,COPPER,dis,99847,74342,96870,126986,25505,-30116,261618
2018-07-03,EUR,EURO FX,tff,43024,99990,50465,154978,-56966,-104513,487131
2018-07-03,GBP,BRITISH POUND,tff,36364,38544,75237,7634,-2180,67603,184402
2018-07-03,GOLD,GOLD,dis,210483,132156,172917,266067,78327,-93150,494164
2018-07-03,JPY,JAPANESE YEN,tff,47946,64755,52454,16512,-16809,35942,168360
2018-07-03,NZD,NEW ZEALAND DOLLAR,tff,10812,32429,36159,0,-21617,36159,53676
2018-07-03,OIL,WTI CRUDE OIL,dis,62375,19816,77326,96954,42559,-19628,166255
2018-07-03,SILVER,SILVER,dis,92678,67996,72877,111432,24682,-38555,205622
2018-07-03,USD,US DOLLAR INDEX,tff,18329,24538,655,19785,-6209,-19130,49741
2018-07-10,AUD,AUSTRALIAN DOLLAR,tff,25480,46805,81099,3602,-21325,77497,135171
2018-07-10,CAD,CANADIAN DOLLAR,tff,21726,62218,58665,16566,-40492,42099,159504
2018-07-10,CHF,SWISS FRANC,tff,11786,39689,69491,2842,-27903,66649,89910
2018-07-10,COPPER,COPPER,dis,102110,87927,114003,130741,14183,-16738,280668
2018-07-10,EUR,EURO FX,tff,35598,104700,61080,140539,-69102,-79459,477596
2018-07-10,GBP,BRITISH POUND,tff,29191,36216,73693,7565,-7025,66128,178633
2018-07-10,GOLD,GOLD,dis,214310,132876,165561,265955,81434,-100394,503593
2018-07-10,JPY,JAPANESE YEN,tff,57347,72682,57986,16335,-15335,41651,182066
2018-07-10,NZD,NEW ZEALAND DOLLAR,tff,10708,31552,37415,0,-20844,37415,52787
2018-07-10,OIL,WTI CRUDE OIL,dis,64451,20249,79052,98179,44202,-19127,170310
2018-07-10,SILVER,SILVER,dis,90598,66899,72068,110668,23699,-38600,207701
2018-07-10,USD,US DOLLAR INDEX,tff,16737,21803,665,19785,-5066,-19120,47798
2018-07-17,AUD,AUSTRALIAN DOLLAR,tff,24402,44972,79110,4052,-20570,75058,132268
2018-07-17,CAD,CANADIAN DOLLAR,tff,20264,57445,59648,16388,-37181,43260,157927
2018-07-17,CHF,SWISS FRANC,tff,10633,40670,72813,2717,-30037,70096,91952
2018-07-17,COPPER,COPPER,dis,106423,97310,125907,138470,9113,-12563,303929
2018-07-17,EUR,EURO FX,tff,32316,103269,62569,155564,-70953,-92995,490064
2018-07-17,GBP,BRITISH POUND,tff,38849,41122,72782,7759,-2273,65023,187151
2018-07-17,GOLD,GOLD,dis,218427,160586,181266,254901,57841,-73635,528278
2018-07-17,JPY,JAPANESE YEN,tff,67784,106291,83103,4739,-38507,78364,215413
2018-07-17,NZD,NEW ZEALAND DOLLAR,tff,12171,31968,35969,0,-19797,35969,53254
2018-07-17,OIL,WTI CRUDE OIL,dis,64591,20249,81561,99879,44342,-18318,172733
2018-07-17,SILVER,SILVER,dis,87176,78294,74948,100013,8882,-25065,212527
2018-07-17,USD,US DOLLAR INDEX,tff,16394,22997,3933,19785,-6603,-15852,49216
2018-07-24,AUD,AUSTRALIAN DOLLAR,tff,22248,44398,82407,4807,-22150,77600,133557
2018-07-24,CAD,CANADIAN DOLLAR,tff,14787,56798,53720,16776,-42011,36944,151441
2018-07-24,CHF,SWISS FRANC,tff,10612,41757,72499,2720,-31145,69779,91838
2018-07-24,COPPER,COPPER,dis,110551,101184,127591,138694,9367,-11103,315586
2018-07-24,EUR,EURO FX,tff,33910,101903,56989,163978,-67993,-106989,496665
2018-07-24,GBP,BRITISH POUND,tff,34635,43671,81039,7713,-9036,73326,191590
2018-07-24,GOLD,GOLD,dis,220620,172023,162640,228308,48597,-65668,496620
2018-07-24,JPY,JAPANESE YEN,tff,44305,97871,90001,3412,-53566,86589,200427
2018-07-24,NZD,NEW ZEALAND DOLLAR,tff,11199,30337,35663,296,-19138,35367,51898
2018-07-24,OIL,WTI CRUDE OIL,dis,65324,20249,82096,100782,45075,-18686,174223
2018-07-24,SILVER,SILVER,dis,88025,84487,76088,96113,3538,-20025,214596
2018-07-24,USD,US DOLLAR INDEX,tff,14986,17600,3804,28034,-2614,-24230,52289
2018-07-31,AUD,AUSTRALIAN DOLLAR,tff,21344,47462,86278,4402,-26118,81876,137325
2018-07-31,CAD,CANADIAN DOLLAR,tff,16082,50370,44990,19238,-34288,25752,140253
2018-07-31,CHF,SWISS FRANC,tff,11571,41421,70748,2595,-29850,68153,91099
2018-07-31,COPPER,COPPER,dis,102058,93834,116018,125443,8224,-9425,300522
2018-07-31,EUR,EURO FX,tff,34268,101360,47487,168811,-67092,-121324,499721
2018-07-31,GBP,BRITISH POUND,tff,37131,45815,77342,7590,-8684,69752,190296
2018-07-31,GOLD,GOLD,dis,209255,173918,145254,193172,35337,-47918,452655
2018-07-31,JPY,JAPANESE YEN,tff,42951,89590,86209,4167,-46639,82042,197566
2018-07-31,NZD,NEW ZEALAND DOLLAR,tff,10045,28757,36347,475,-18712,35872,51816
2018-07-31,OIL,WTI CRUDE OIL,dis,66669,20309,84817,119529,46360,-34712,177213
2018-07-31,SILVER,SILVER,dis,89616,83752,77534,101683,5864,-24149,226512
2018-07-31,USD,US DOLLAR INDEX,tff,14998,13685,3724,32361,1313,-28637,53060
2018-08-07,AUD,AUSTRALIAN DOLLAR,tff,20513,51130,90903,4125,-30617,86778,141237
2018-08-07,CAD,CANADIAN DOLLAR,tff,21633,51288,38721,20771,-29655,17950,144934
2018-08-07,CHF,SWISS FRANC,tff,10854,42383,71893,2232,-31529,69661,90930
2018-08-07,COPPER,COPPER,dis,97351,95161,110569,116025,2190,-5456,289908
2018-08-07,EUR,EURO FX,tff,35743,118267,52529,146536,-82524,-94007,507186
2018-08-07,GBP,BRITISH POUND,tff,45646,65266,93463,6763,-19620,86700,219746
2018-08-07,GOLD,GOLD,dis,208292,195604,154203,179812,12688,-25609,459474
2018-08-07,JPY,JAPANESE YEN,tff,35328,84488,86028,4702,-49160,81326,187902
2018-08-07,NZD,NEW ZEALAND DOLLAR,tff,9558,30703,36732,300,-21145,36432,51319
2018-08-07,OIL,WTI CRUDE OIL,dis,60798,19126,85455,112473,41672,-27018,165066
2018-08-07,SILVER,SILVER,dis,93016,88675,79490,101608,4341,-22118,235440
2018-08-07,USD,US DOLLAR INDEX,tff,17817,13503,1304,33874,4314,-32570,53915
2018-08-14,AUD,AUSTRALIAN DOLLAR,tff,21062,53239,91574,3980,-32177,87594,149238
2018-08-14,CAD,CANADIAN DOLLAR,tff,17728,48529,40792,20609,-30801,20183,144705
2018-08-14,CHF,SWISS FRANC,tff,9970,41149,71998,1987,-31179,70011,90768
2018-08-14,COPPER,COPPER,dis,95786,92698,113521,119585,3088,-6064,286872
2018-08-14,EUR,EURO FX,tff,45132,142990,59683,130093,-97858,-70410,526571
2018-08-14,GBP,BRITISH POUND,tff,61199,80981,105220,5810,-19782,99410,245490
2018-08-14,GOLD,GOLD,dis,211779,215467,164195,171545,-3688,-7350,476739
2018-08-14,JPY,JAPANESE YEN,tff,38582,84227,77723,5098,-45645,72625,185834
2018-08-14,NZD,NEW ZEALAND DOLLAR,tff,9779,34683,39485,255,-24904,39230,56128
2018-08-14,OIL,WTI CRUDE OIL,dis,60584,19691,87548,114484,40893,-26936,167901
2018-08-14,SILVER,SILVER,dis,93346,96182,84657,97033,-2836,-12376,240038
2018-08-14,USD,US DOLLAR INDEX,tff,21446,15473,554,34996,5973,-34442,57088
2018-08-21,AUD,AUSTRALIAN DOLLAR,tff,19292,51827,94062,3403,-32535,90659,145299
2018-08-21,CAD,CANADIAN DOLLAR,tff,19999,51289,36217,20991,-31290,15226,145677
2018-08-21,CHF,SWISS FRANC,tff,11983,42951,67733,2308,-30968,65425,90905
2018-08-21,COPPER,COPPER,dis,85463,87162,116270,114794,-1699,1476,265239
2018-08-21,EUR,EURO FX,tff,45328,147602,68989,131583,-102274,-62594,532137
2018-08-21,GBP,BRITISH POUND,tff,65167,98599,123500,5347,-33432,118153,267219
2018-08-21,GOLD,GOLD,dis,213500,222210,166529,168214,-8710,-1685,483730
2018-08-21,JPY,JAPANESE YEN,tff,44806,76477,72834,11807,-31671,61027,189698
2018-08-21,NZD,NEW ZEALAND DOLLAR,tff,8734,33857,39035,255,-25123,38780,55473
2018-08-21,OIL,WTI CRUDE OIL,dis,59890,20035,90023,117953,39855,-27930,169509
2018-08-21,SILVER,SILVER,dis,91428,98586,91362,98780,-7158,-7418,244196
2018-08-21,USD,US DOLLAR INDEX,tff,20441,13095,653,36983,7346,-36330,55935
2018-08-28,AUD,AUSTRALIAN DOLLAR,tff,20509,49496,85362,5502,-28987,79860,141344
2018-08-28,CAD,CANADIAN DOLLAR,tff,21718,53867,32591,23399,-32149,9192,147679
2018-08-28,CHF,SWISS FRANC,tff,12618,42330,61731,2424,-29712,59307,85366
2018-08-28,COPPER,COPPER,dis,81237,80946,95697,96522,291,-825,235094
2018-08-28,EUR,EURO FX,tff,33041,132771,61976,139448,-99730,-77472,529124
2018-08-28,GBP,BRITISH POUND,tff,55104,96437,124109,5186,-41333,118923,260228
2018-08-28,GOLD,GOLD,dis,207370,210433,165581,173843,-3063,-8262,479283
2018-08-28,JPY,JAPANESE YEN,tff,38592,69591,73192,10986,-30999,62206,185082
2018-08-28,NZD,NEW ZEALAND DOLLAR,tff,9772,33808,38019,486,-24036,37533,54564
2018-08-28,OIL,WTI CRUDE OIL,dis,60062,20403,91543,118705,39659,-27162,171202
2018-08-28,SILVER,SILVER,dis,86540,103138,87538,86121,-16598,1417,227329
2018-08-28,USD,US DOLLAR INDEX,tff,16042,8031,1583,37492,8011,-35909,52802
2018-09-04,AUD,AUSTRALIAN DOLLAR,tff,27186,54275,88374,4698,-27089,83676,156234
2018-09-04,CAD,CANADIAN DOLLAR,tff,20817,53909,39766,22426,-33092,17340,151238
2018-09-04,CHF,SWISS FRANC,tff,14809,42211,52599,2555,-27402,50044,80733
2018-09-04,COPPER,COPPER,dis,77952,83929,99794,94788,-5977,5006,238426
2018-09-04,EUR,EURO FX,tff,33922,128817,61155,146909,-94895,-85754,527579
2018-09-04,GBP,BRITISH POUND,tff,56201,92950,122530,4130,-36749,118400,261700
2018-09-04,GOLD,GOLD,dis,199762,213259,168732,162207,-13497,6525,473118
2018-09-04,JPY,JAPANESE YEN,tff,34498,71646,77878,6558,-37148,71320,185347
2018-09-04,NZD,NEW ZEALAND DOLLAR,tff,11221,30771,38845,256,-19550,38589,55781
2018-09-04,OIL,WTI CRUDE OIL,dis,57090,19341,86078,104337,37749,-18259,161382
2018-09-04,SILVER,SILVER,dis,83061,112035,81421,66808,-28974,14613,212391
2018-09-04,USD,US DOLLAR INDEX,tff,17768,11513,713,38109,6255,-37396,55783
2018-09-11,AUD,AUSTRALIAN DOLLAR,tff,41200,57845,87103,5661,-16645,81442,176761
2018-09-11,CAD,CANADIAN DOLLAR,tff,19260,45290,44328,23662,-26030,20666,158974
2018-09-11,CHF,SWISS FRANC,tff,13930,38507,46838,4131,-24577,42707,79879
2018-09-11,COPPER,COPPER,dis,72184,81078,94757,85911,-8894,8846,230351
2018-09-11,EUR,EURO FX,tff,29948,105905,59704,142517,-75957,-82813,550492
2018-09-11,GBP,BRITISH POUND,tff,53859,72858,113288,7529,-18999,105759,279503
2018-09-11,GOLD,GOLD,dis,198367,205957,169192,169179,-7590,13,469450
2018-09-11,JPY,JAPANESE YEN,tff,33311,75381,76631,4120,-42070,72511,193428
2018-09-11,NZD,NEW ZEALAND DOLLAR,tff,14338,29992,37059,256,-15654,36803,59669
2018-09-11,OIL,WTI CRUDE OIL,dis,58436,19464,89753,108047,38972,-18294,165935
2018-09-11,SILVER,SILVER,dis,81095,108498,78140,65766,-27403,12374,208969
2018-09-11,USD,US DOLLAR INDEX,tff,16536,10011,2080,39598,6525,-37518,58932
2018-09-18,AUD,AUSTRALIAN DOLLAR,tff,31816,49179,98927,3558,-17363,95369,162860
2018-09-18,CAD,CANADIAN DOLLAR,tff,12290,38571,50609,6794,-26281,43815,150538
2018-09-18,CHF,SWISS FRANC,tff,12172,24787,25806,1574,-12615,24232,54251
2018-09-18,COPPER,COPPER,dis,74577,74768,92483,90602,-191,1881,235543
2018-09-18,EUR,EURO FX,tff,33698,110361,22031,105077,-76663,-83046,465130
2018-09-18,GBP,BRITISH POUND,tff,38226,55493,117634,7467,-17267,110167,229637
2018-09-18,GOLD,GOLD,dis,197797,208641,171293,169602,-10844,1691,469436
2018-09-18,JPY,JAPANESE YEN,tff,45131,82561,85279,2846,-37430,82433,200221
2018-09-18,NZD,NEW ZEALAND DOLLAR,tff,11864,27727,40540,0,-15863,40540,57429
2018-09-18,OIL,WTI CRUDE OIL,dis,58190,19662,90215,107780,38528,-17565,167297
2018-09-18,SILVER,SILVER,dis,80024,105540,77147,68313,-25516,8834,205469
2018-09-18,USD,US DOLLAR INDEX,tff,16047,10771,4580,41147,5276,-36567,56908
2018-09-25,AUD,AUSTRALIAN DOLLAR,tff,25023,48824,100407,3558,-23801,96849,158761
2018-09-25,CAD,CANADIAN DOLLAR,tff,18866,42768,9405,9237,-23902,168,115727
2018-09-25,CHF,SWISS FRANC,tff,13327,24341,24287,3288,-11014,20999,53927
2018-09-25,COPPER,COPPER,dis,77987,66883,89179,100907,11104,-11728,237120
2018-09-25,EUR,EURO FX,tff,32021,118715,20055,125379,-86694,-105324,477881
2018-09-25,GBP,BRITISH POUND,tff,40042,54358,105883,15803,-14316,90080,225082
2018-09-25,GOLD,GOLD,dis,192940,210588,167904,160824,-17648,7080,460279
2018-09-25,JPY,JAPANESE YEN,tff,45774,90403,103682,946,-44629,102736,215376
2018-09-25,NZD,NEW ZEALAND DOLLAR,tff,11427,26494,40662,0,-15067,40662,56994
2018-09-25,OIL,WTI CRUDE OIL,dis,60183,19853,90355,110605,40330,-20250,169865
2018-09-25,SILVER,SILVER,dis,79198,102453,76039,70653,-23255,5386,204508
2018-09-25,USD,US DOLLAR INDEX,tff,15198,5705,4780,41147,9493,-36367,52751
2018-10-02,AUD,AUSTRALIAN DOLLAR,tff,22947,50296,98265,3558,-27349,94707,154671
2018-10-02,CAD,CANADIAN DOLLAR,tff,25909,55742,5731,12131,-29833,-6400,127333
2018-10-02,CHF,SWISS FRANC,tff,17069,24266,25634,3760,-7197,21874,54650
2018-10-02,COPPER,COPPER,dis,77360,65385,91956,105228,11975,-13272,234368
2018-10-02,EUR,EURO FX,tff,37615,119431,26162,110249,-81816,-84087,479644
2018-10-02,GBP,BRITISH POUND,tff,33091,46229,97572,17281,-13138,80291,210495
2018-10-02,GOLD,GOLD,dis,192490,214312,169371,160496,-21822,8875,459776
2018-10-02,JPY,JAPANESE YEN,tff,52067,117699,129671,1736,-65632,127935,252277
2018-10-02,NZD,NEW ZEALAND DOLLAR,tff,11273,26264,39931,0,-14991,39931,56448
2018-10-02,OIL,WTI CRUDE OIL,dis,54679,19830,84226,109026,34849,-24800,161361
2018-10-02,SILVER,SILVER,dis,75937,93435,76734,77746,-17498,-1012,200173
2018-10-02,USD,US DOLLAR INDEX,tff,20723,6370,570,41209,14353,-40639,53364
2018-10-09,AUD,AUSTRALIAN DOLLAR,tff,25419,56043,107201,4233,-30624,102968,170758
2018-10-09,CAD,CANADIAN DOLLAR,tff,21843,49623,8510,14974,-27780,-6464,121489
2018-10-09,CHF,SWISS FRANC,tff,20046,23968,30044,2536,-3922,27508,61862
2018-10-09,COPPER,COPPER,dis,73094,64847,104463,113387,8247,-8924,235478
2018-10-09,EUR,EURO FX,tff,36846,118768,25698,102243,-81922,-76545,483802
2018-10-09,GBP,BRITISH POUND,tff,31909,48385,94812,15150,-16476,79662,210549
2018-10-09,GOLD,GOLD,dis,179746,217921,174309,148443,-38175,25866,465253
2018-10-09,JPY,JAPANESE YEN,tff,40448,114678,138868,3690,-74230,135178,253374
2018-10-09,NZD,NEW ZEALAND DOLLAR,tff,14649,32403,44183,245,-17754,43938,64710
2018-10-09,OIL,WTI CRUDE OIL,dis,55721,20354,85184,109413,35367,-24229,163057
2018-10-09,SILVER,SILVER,dis,72135,94385,78165,74610,-22250,3555,199853
2018-10-09,USD,US DOLLAR INDEX,tff,21180,10560,2780,41239,10620,-38459,58150
2018-10-16,AUD,AUSTRALIAN DOLLAR,tff,20478,48451,102631,3580,-27973,99051,155988
2018-10-16,CAD,CANADIAN DOLLAR,tff,20579,42425,6099,12351,-21846,-6252,115386
2018-10-16,CHF,SWISS FRANC,tff,18561,25697,34941,2196,-7136,32745,64635
2018-10-16,COPPER,COPPER,dis,71672,62754,107788,116746,8918,-8958,237336
2018-10-16,EUR,EURO FX,tff,26929,112156,26448,98716,-85227,-72268,469299
2018-10-16,GBP,BRITISH POUND,tff,31983,39755,93141,27384,-7772,65757,210108
2018-10-16,GOLD,GOLD,dis,189200,171533,166143,198139,17667,-31996,474418
2018-10-16,JPY,JAPANESE YEN,tff,29258,96562,110373,3663,-67304,106710,211210
2018-10-16,NZD,NEW ZEALAND DOLLAR,tff,10735,29542,46097,126,-18807,45971,62490
2018-10-16,OIL,WTI CRUDE OIL,dis,58822,20786,89105,116392,38036,-27287,170570
2018-10-16,SILVER,SILVER,dis,72203,87030,77622,82446,-14827,-4824,199398
2018-10-16,USD,US DOLLAR INDEX,tff,19991,7387,2950,41239,12604,-38289,54917
2018-10-23,AUD,AUSTRALIAN DOLLAR,tff,19913,49629,98454,2688,-29716,95766,157539
2018-10-23,CAD,CANADIAN DOLLAR,tff,21825,39346,9307,12132,-17521,-2825,118053
2018-10-23,CHF,SWISS FRANC,tff,18071,25140,40793,2292,-7069,38501,69685
2018-10-23,COPPER,COPPER,dis,70970,61623,108348,118358,9347,-10010,246254
2018-10-23,EUR,EURO FX,tff,30236,123394,34236,93885,-93158,-59649,489829
2018-10-23,GBP,BRITISH POUND,tff,29021,38563,102873,29838,-9542,73035,221303
2018-10-23,GOLD,GOLD,dis,192578,163190,163414,209934,29388,-46520,477832
2018-10-23,JPY,JAPANESE YEN,tff,28994,90625,104666,4082,-61631,100584,205643
2018-10-23,NZD,NEW ZEALAND DOLLAR,tff,10091,28237,42556,644,-18146,41912,58683
2018-10-23,OIL,WTI CRUDE OIL,dis,60076,20922,91415,118398,39154,-26983,174393
2018-10-23,SILVER,SILVER,dis,75016,80195,76579,89841,-5179,-13262,199746
2018-10-23,USD,US DOLLAR INDEX,tff,22171,11356,2890,41249,10815,-38359,59274
2018-10-30,AUD,AUSTRALIAN DOLLAR,tff,22933,47537,102763,2933,-24604,99830,164840
2018-10-30,CAD,CANADIAN DOLLAR,tff,22513,38418,13612,10844,-15905,2768,118508
2018-10-30,CHF,SWISS FRANC,tff,22410,26999,41467,1729,-4589,39738,75835
2018-10-30,COPPER,COPPER,dis,71620,70953,113891,116212,667,-2321,256266
2018-10-30,EUR,EURO FX,tff,37046,130192,44616,90445,-93146,-45829,504458
2018-10-30,GBP,BRITISH POUND,tff,36887,45936,109618,18220,-9049,91398,233339
2018-10-30,GOLD,GOLD,dis,168754,155560,165857,197062,13194,-31205,474941
2018-10-30,JPY,JAPANESE YEN,tff,28236,90924,101433,4385,-62688,97048,203113
2018-10-30,NZD,NEW ZEALAND DOLLAR,tff,9455,26801,43747,664,-17346,43083,59718
2018-10-30,OIL,WTI CRUDE OIL,dis,61649,21062,94687,121200,40587,-26513,178578
2018-10-30,SILVER,SILVER,dis,76053,84523,82398,92158,-8470,-9760,208976
2018-10-30,USD,US DOLLAR INDEX,tff,24702,10718,166,42971,13984,-42805,60318
2018-11-06,AUD,AUSTRALIAN DOLLAR,tff,23156,45715,88703,5874,-22559,82829,150565
2018-11-06,CAD,CANADIAN DOLLAR,tff,26252,36083,8952,11769,-9831,-2817,116284
2018-11-06,CHF,SWISS FRANC,tff,21008,27901,46691,2081,-6893,44610,77205
2018-11-06,COPPER,COPPER,dis,73447,67061,100517,107294,6386,-6777,247313
2018-11-06,EUR,EURO FX,tff,28935,131185,39582,92922,-102250,-53340,510193
2018-11-06,GBP,BRITISH POUND,tff,35844,49845,103027,24523,-14001,78504,227514
2018-11-06,GOLD,GOLD,dis,169141,150115,173897,212033,19026,-38136,494911
2018-11-06,JPY,JAPANESE YEN,tff,31091,89744,109237,4140,-58653,105097,209453
2018-11-06,NZD,NEW ZEALAND DOLLAR,tff,9182,27456,34296,1211,-18274,33085,51288
2018-11-06,OIL,WTI CRUDE OIL,dis,59627,19679,87713,109662,39948,-21949,165848
2018-11-06,SILVER,SILVER,dis,73117,75587,78778,98069,-2470,-19291,213566
2018-11-06,USD,US DOLLAR INDEX,tff,23662,8238,456,42973,15424,-42517,57888
2018-11-13,AUD,AUSTRALIAN DOLLAR,tff,19347,41280,86673,9138,-21933,77535,146295
2018-11-13,CAD,CANADIAN DOLLAR,tff,29050,37605,11919,10675,-8555,1244,121999
2018-11-13,CHF,SWISS FRANC,tff,19600,25978,46732,2701,-6378,44031,77629
2018-11-13,COPPER,COPPER,dis,73469,70054,99593,103345,3415,-3752,241052
2018-11-13,EUR,EURO FX,tff,41857,130776,38877,99121,-88919,-60244,520240
2018-11-13,GBP,BRITISH POUND,tff,38988,44534,102355,32369,-5546,69986,229052
2018-11-13,GOLD,GOLD,dis,168416,177663,201354,203177,-9247,-1823,539520
2018-11-13,JPY,JAPANESE YEN,tff,37033,103882,123409,4485,-66849,118924,231730
2018-11-13,NZD,NEW ZEALAND DOLLAR,tff,8566,25976,32025,5229,-17410,26796,50015
2018-11-13,OIL,WTI CRUDE OIL,dis,60010,19568,87511,111368,40442,-23857,167571
2018-11-13,SILVER,SILVER,dis,74618,91763,82163,87110,-17145,-4947,224346
2018-11-13,USD,US DOLLAR INDEX,tff,24547,7916,366,42983,16631,-42617,58329
2018-11-20,AUD,AUSTRALIAN DOLLAR,tff,18142,41199,79890,12750,-23057,67140,141872
2018-11-20,CAD,CANADIAN DOLLAR,tff,30944,43077,22180,8680,-12133,13500,140651
2018-11-20,CHF,SWISS FRANC,tff,20810,29580,47532,2607,-8770,44925,81100
2018-11-20,COPPER,COPPER,dis,80698,68096,86869,99993,12602,-13124,229249
2018-11-20,EUR,EURO FX,tff,36514,136774,37248,91480,-100260,-54232,535707
2018-11-20,GBP,BRITISH POUND,tff,42791,39504,98856,33338,3287,65518,227556
2018-11-20,GOLD,GOLD,dis,165506,156610,201259,224399,8896,-23140,525940
2018-11-20,JPY,JAPANESE YEN,tff,32015,95076,116640,4843,-63061,111797,223144
2018-11-20,NZD,NEW ZEALAND DOLLAR,tff,9653,30398,30544,6117,-20745,24427,53661
2018-11-20,OIL,WTI CRUDE OIL,dis,60015,25557,88715,112104,34458,-23389,168604
2018-11-20,SILVER,SILVER,dis,71646,82374,83855,90749,-10728,-6894,223049
2018-11-20,USD,US DOLLAR INDEX,tff,23673,6001,376,42983,17672,-42607,57264
2018-11-27,AUD,AUSTRALIAN DOLLAR,tff,14166,34683,80380,14203,-20517,66177,136796
2018-11-27,CAD,CANADIAN DOLLAR,tff,31744,44845,27006,6105,-13101,20901,145122
2018-11-27,CHF,SWISS FRANC,tff,20254,30058,48549,1769,-9804,46780,78973
2018-11-27,COPPER,COPPER,dis,76742,66050,85277,95513,10692,-10236,220177
2018-11-27,EUR,EURO FX,tff,26502,138103,37412,90395,-111601,-52983,538454
2018-11-27,GBP,BRITISH POUND,tff,42281,36369,98225,34372,5912,63853,227895
2018-11-27,GOLD,GOLD,dis,156779,154908,172358,188458,1871,-16100,442801
2018-11-27,JPY,JAPANESE YEN,tff,34552,103991,124453,4769,-69439,119684,231711
2018-11-27,NZD,NEW ZEALAND DOLLAR,tff,10835,32330,30355,6827,-21495,23528,54184
2018-11-27,OIL,WTI CRUDE OIL,dis,60357,25639,89798,113449,34718,-23651,169852
2018-11-27,SILVER,SILVER,dis,67813,78779,80490,89331,-10966,-8841,199783
2018-11-27,USD,US DOLLAR INDEX,tff,23590,6598,306,42983,16992,-42677,57063
2018-12-04,AUD,AUSTRALIAN DOLLAR,tff,19006,44389,76713,25216,-25383,51497,148755
2018-12-04,CAD,CANADIAN DOLLAR,tff,27693,42593,33510,5433,-14900,28077,156750
2018-12-04,CHF,SWISS FRANC,tff,20460,29052,48176,1739,-8592,46437,79008
2018-12-04,COPPER,COPPER,dis,75348,64665,84955,96808,10683,-11853,216791
2018-12-04,EUR,EURO FX,tff,29362,131441,40564,90605,-102079,-50041,545537
2018-12-04,GBP,BRITISH POUND,tff,45698,43100,103462,31288,2598,72174,235704
2018-12-04,GOLD,GOLD,dis,173019,124018,135067,193316,49001,-58249,399919
2018-12-04,JPY,JAPANESE YEN,tff,34642,103943,115399,5733,-69301,109666,226835
2018-12-04,NZD,NEW ZEALAND DOLLAR,tff,10317,34553,29405,7505,-24236,21900,56348
2018-12-04,OIL,WTI CRUDE OIL,dis,56049,22388,81752,97967,33661,-16215,153394
2018-12-04,SILVER,SILVER,dis,69314,69949,67785,83203,-635,-15418,179909
2018-12-04,USD,US DOLLAR INDEX,tff,21600,4835,393,42503,16765,-42110,56729
2018-12-11,AUD,AUSTRALIAN DOLLAR,tff,18170,31956,72278,23967,-13786,48311,148414
2018-12-11,CAD,CANADIAN DOLLAR,tff,29978,43163,35847,6529,-13185,29318,161530
2018-12-11,CHF,SWISS FRANC,tff,19037,25685,45445,1592,-6648,43853,81518
2018-12-11,COPPER,COPPER,dis,72307,65060,79614,86420,7247,-6806,208742
2018-12-11,EUR,EURO FX,tff,31728,124184,38430,94974,-92456,-56544,613745
2018-12-11,GBP,BRITISH POUND,tff,53926,45740,102073,30460,8186,71613,255703
2018-12-11,GOLD,GOLD,dis,169600,109101,134285,211653,60499,-77368,402250
2018-12-11,JPY,JAPANESE YEN,tff,27667,90375,102609,5994,-62708,96615,213055
2018-12-11,NZD,NEW ZEALAND DOLLAR,tff,11320,27996,22099,8002,-16676,14097,62587
2018-12-11,OIL,WTI CRUDE OIL,dis,57391,22555,84167,100798,34836,-16631,156911
2018-12-11,SILVER,SILVER,dis,71136,59880,64282,92161,11256,-27879,174071
2018-12-11,USD,US DOLLAR INDEX,tff,22812,6240,484,42282,16572,-41798,64006
2018-12-18,AUD,AUSTRALIAN DOLLAR,tff,21949,24088,44933,5715,-2139,39218,112262
2018-12-18,CAD,CANADIAN DOLLAR,tff,40140,45435,51699,3687,-5295,48012,191476
2018-12-18,CHF,SWISS FRANC,tff,16050,23294,43745,2152,-7244,41593,70943
2018-12-18,COPPER,COPPER,dis,76807,79485,79125,77461,-2678,1664,214050
2018-12-18,EUR,EURO FX,tff,27921,112509,43212,98632,-84588,-55420,505711
2018-12-18,GBP,BRITISH POUND,tff,31918,41037,97489,4038,-9119,93451,204948
2018-12-18,GOLD,GOLD,dis,182168,106208,132148,224823,75960,-92675,412485
2018-12-18,JPY,JAPANESE YEN,tff,27211,95318,104692,13867,-68107,90825,214868
2018-12-18,NZD,NEW ZEALAND DOLLAR,tff,11103,12608,1618,1347,-1505,271,29675
2018-12-18,OIL,WTI CRUDE OIL,dis,58069,22660,86933,104537,35409,-17604,162249
2018-12-18,SILVER,SILVER,dis,74023,54192,61045,96521,19831,-35476,172860
2018-12-18,USD,US DOLLAR INDEX,tff,18251,6413,384,38639,11838,-38255,50790
2018-12-24,AUD,AUSTRALIAN DOLLAR,tff,27214,26554,44078,4139,660,39939,117693
2018-12-24,CAD,CANADIAN DOLLAR,tff,25822,55213,53336,0,-29391,53336,159195
2018-12-24,CHF,SWISS FRANC,tff,12781,22582,45282,2465,-9801,42817,70711
2018-12-24,COPPER,COPPER,dis,73635,83487,85467,76253,-9852,9214,218191
2018-12-24,EUR,EURO FX,tff,26688,115542,40110,108396,-88854,-68286,508253
2018-12-24,GBP,BRITISH POUND,tff,37249,43447,98976,5593,-6198,93383,212023
2018-12-24,GOLD,GOLD,dis,208622,97637,130090,258309,110985,-128219,442727
2018-12-24,JPY,JAPANESE YEN,tff,31850,109199,94252,23097,-77349,71155,224458
2018-12-24,NZD,NEW ZEALAND DOLLAR,tff,12133,11930,3098,38,203,3060,28524
2018-12-24,OIL,WTI CRUDE OIL,dis,58196,21900,87486,106414,36296,-18928,164240
2018-12-24,SILVER,SILVER,dis,77314,51764,59612,99481,25550,-39869,173685
2018-12-24,USD,US DOLLAR INDEX,tff,20608,5621,502,38639,14987,-38137,50245
2018-12-31,AUD,AUSTRALIAN DOLLAR,tff,32170,28967,45324,4106,3203,41218,122428
2018-12-31,CAD,CANADIAN DOLLAR,tff,30673,62618,60277,0,-31945,60277,170168
2018-12-31,CHF,SWISS FRANC,tff,11982,23573,45123,2045,-11591,43078,67730
2018-12-31,COPPER,COPPER,dis,74541,84889,87902,78511,-10348,9391,224760
2018-12-31,EUR,EURO FX,tff,28805,112280,40539,110896,-83475,-70357,505986
2018-12-31,GBP,BRITISH POUND,tff,38668,48102,98244,4956,-9434,93288,212470
2018-12-31,GOLD,GOLD,dis,210141,86369,130285,274899,123772,-144614,451360
2018-12-31,JPY,JAPANESE YEN,tff,28394,101961,87795,30453,-73567,57342,216224
2018-12-31,NZD,NEW ZEALAND DOLLAR,tff,13434,12217,4018,39,1217,3979,29640
2018-12-31,OIL,WTI CRUDE OIL,dis,57569,21642,87105,105607,35927,-18502,163218
2018-12-31,SILVER,SILVER,dis,83022,38063,56481,114335,44959,-57854,176159
2018-12-31,USD,US DOLLAR INDEX,tff,23966,7289,534,38639,16677,-38105,52699
2019-01-08,AUD,AUSTRALIAN DOLLAR,tff,24362,35871,56286,6228,-11509,50058,127476
2019-01-08,CAD,CANADIAN DOLLAR,tff,13012,64407,72445,0,-51395,72445,167005
2019-01-08,CHF,SWISS FRANC,tff,11062,22466,44562,8059,-11404,36503,67100
2019-01-08,COPPER,COPPER,dis,72344,91796,100974,81951,-19452,19023,242731
2019-01-08,EUR,EURO FX,tff,29570,111916,41149,128769,-82346,-87620,514545
2019-01-08,GBP,BRITISH POUND,tff,33019,48481,101626,9037,-15462,92589,210800
2019-01-08,GOLD,GOLD,dis,199560,100344,137605,258792,99216,-121187,455232
2019-01-08,JPY,JAPANESE YEN,tff,40632,87704,77114,70193,-47072,6921,230524
2019-01-08,NZD,NEW ZEALAND DOLLAR,tff,10622,13793,6639,148,-3171,6491,29804
2019-01-08,OIL,WTI CRUDE OIL,dis,50903,20779,68610,79358,30124,-10748,148929
2019-01-08,SILVER,SILVER,dis,86786,32763,60851,129642,54023,-68791,186506
2019-01-08,USD,US DOLLAR INDEX,tff,35451,13223,534,38639,22228,-38105,60955
2019-01-15,AUD,AUSTRALIAN DOLLAR,tff,22343,40672,53299,6656,-18329,46643,125344
2019-01-15,CAD,CANADIAN DOLLAR,tff,12072,59858,59868,2505,-47786,57363,155691
2019-01-15,CHF,SWISS FRANC,tff,12231,15325,39666,13259,-3094,26407,62523
2019-01-15,COPPER,COPPER,dis,75666,103258,120431,93526,-27592,26905,271303
2019-01-15,EUR,EURO FX,tff,32090,111976,38775,139818,-79886,-101043,525052
2019-01-15,GBP,BRITISH POUND,tff,32839,53208,100091,19512,-20369,80579,219326
2019-01-15,GOLD,GOLD,dis,201796,113883,179059,287172,87913,-108113,501605
2019-01-15,JPY,JAPANESE YEN,tff,37230,69224,75869,91031,-31994,-15162,229295
2019-01-15,NZD,NEW ZEALAND DOLLAR,tff,10465,13981,7579,655,-3516,6924,30350
2019-01-15,OIL,WTI CRUDE OIL,dis,50571,21035,70155,80186,29536,-10031,151758
2019-01-15,SILVER,SILVER,dis,85959,33784,63464,135154,52175,-71690,191922
2019-01-15,USD,US DOLLAR INDEX,tff,39036,14017,534,38650,25019,-38116,61790
2019-01-22,AUD,AUSTRALIAN DOLLAR,tff,19784,34425,51308,7638,-14641,43670,120516
2019-01-22,CAD,CANADIAN DOLLAR,tff,10125,57981,56864,2338,-47856,54526,151010
2019-01-22,CHF,SWISS FRANC,tff,12569,13576,39318,10670,-1007,28648,63095
2019-01-22,COPPER,COPPER,dis,76080,100605,120315,98092,-24525,22223,271968
2019-01-22,EUR,EURO FX,tff,27903,112808,39231,137923,-84905,-98692,527176
2019-01-22,GBP,BRITISH POUND,tff,31223,49869,85639,22456,-18646,63183,210645
2019-01-22,GOLD,GOLD,dis,186510,112006,197278,289355,74504,-92077,513509
2019-01-22,JPY,JAPANESE YEN,tff,28994,49940,73839,95627,-20946,-21788,212563
2019-01-22,NZD,NEW ZEALAND DOLLAR,tff,12064,14299,9421,642,-2235,8779,33089
2019-01-22,OIL,WTI CRUDE OIL,dis,50483,21065,76800,89861,29418,-13061,152790
2019-01-22,SILVER,SILVER,dis,83303,35147,64325,129257,48156,-64932,188674
2019-01-22,USD,US DOLLAR INDEX,tff,36805,13245,416,38164,23560,-37748,59999
2019-01-29,AUD,AUSTRALIAN DOLLAR,tff,22331,34963,48573,8089,-12632,40484,121855
2019-01-29,CAD,CANADIAN DOLLAR,tff,9499,59083,57675,1662,-49584,56013,151146
2019-01-29,CHF,SWISS FRANC,tff,13358,14876,39342,8995,-1518,30347,65004
2019-01-29,COPPER,COPPER,dis,76124,98037,110333,90057,-21913,20276,265588
2019-01-29,EUR,EURO FX,tff,28376,112108,39153,137473,-83732,-98320,527521
2019-01-29,GBP,BRITISH POUND,tff,41300,48431,64086,30426,-7131,33660,206696
2019-01-29,GOLD,GOLD,dis,212318,112725,163922,282531,99593,-118609,483390
2019-01-29,JPY,JAPANESE YEN,tff,28909,42997,72829,94347,-14088,-21518,204816
2019-01-29,NZD,NEW ZEALAND DOLLAR,tff,10339,14161,8252,347,-3822,7905,31684
2019-01-29,OIL,WTI CRUDE OIL,dis,54664,21052,77545,94174,33612,-16629,157484
2019-01-29,SILVER,SILVER,dis,86074,31791,65398,137860,54283,-72462,194895
2019-01-29,USD,US DOLLAR INDEX,tff,37487,15157,366,37189,22330,-36823,60968
2019-02-05,AUD,AUSTRALIAN DOLLAR,tff,19489,34532,43290,12882,-15043,30408,120590
2019-02-05,CAD,CANADIAN DOLLAR,tff,12605,59979,41055,4384,-47374,36671,141538
2019-02-05,CHF,SWISS FRANC,tff,16425,16638,40539,7596,-213,32943,68402
2019-02-05,COPPER,COPPER,dis,79336,85418,87263,81622,-6082,5641,245629
2019-02-05,EUR,EURO FX,tff,30090,107043,34935,144723,-76953,-109788,523868
2019-02-05,GBP,BRITISH POUND,tff,33590,44609,62349,28086,-11019,34263,196616
2019-02-05,GOLD,GOLD,dis,218200,109105,157588,288830,109095,-131242,479736
2019-02-05,JPY,JAPANESE YEN,tff,23184,25227,71877,92943,-2043,-21066,192789
2019-02-05,NZD,NEW ZEALAND DOLLAR,tff,8488,14139,6101,3678,-5651,2423,34054
2019-02-05,OIL,WTI CRUDE OIL,dis,49090,19632,68212,84686,29458,-16474,145309
2019-02-05,SILVER,SILVER,dis,89868,32773,68031,146235,57095,-78204,207101
2019-02-05,USD,US DOLLAR INDEX,tff,36250,13035,366,36814,23215,-36448,57842
2019-02-12,AUD,AUSTRALIAN DOLLAR,tff,22334,28444,49006,11210,-6110,37796,127343
2019-02-12,CAD,CANADIAN DOLLAR,tff,12153,52828,42123,6426,-40675,35697,141172
2019-02-12,CHF,SWISS FRANC,tff,17302,19278,42244,3003,-1976,39241,72014
2019-02-12,COPPER,COPPER,dis,82926,81723,81616,83574,1203,-1958,245475
2019-02-12,EUR,EURO FX,tff,37918,122159,44332,125261,-84241,-80929,538627
2019-02-12,GBP,BRITISH POUND,tff,30117,40223,69423,23018,-10106,46405,194998
2019-02-12,GOLD,GOLD,dis,214170,109296,159676,285787,104874,-126111,476083
2019-02-12,JPY,JAPANESE YEN,tff,26572,25200,71303,81893,1372,-10590,185725
2019-02-12,NZD,NEW ZEALAND DOLLAR,tff,9112,13400,9397,1296,-4288,8101,35744
2019-02-12,OIL,WTI CRUDE OIL,dis,49443,19846,71251,90268,29597,-19017,149021
2019-02-12,SILVER,SILVER,dis,89722,36519,79633,155127,53203,-75494,217925
2019-02-12,USD,US DOLLAR INDEX,tff,28136,11902,136,36804,16234,-36668,56543
2019-02-19,AUD,AUSTRALIAN DOLLAR,tff,20341,29539,56391,9752,-9198,46639,129223
2019-02-19,CAD,CANADIAN DOLLAR,tff,11627,51380,41708,8831,-39753,32877,142620
2019-02-19,CHF,SWISS FRANC,tff,16775,20320,45647,3122,-3545,42525,74612
2019-02-19,COPPER,COPPER,dis,84724,83846,84008,86445,878,-2437,253256
2019-02-19,EUR,EURO FX,tff,31020,121662,46993,120039,-90642,-73046,537396
2019-02-19,GBP,BRITISH POUND,tff,32614,46495,73370,23173,-13881,50197,201904
2019-02-19,GOLD,GOLD,dis,254086,108439,146161,312638,145647,-166477,504639
2019-02-19,JPY,JAPANESE YEN,tff,27541,28868,74298,68641,-1327,5657,184023
2019-02-19,NZD,NEW ZEALAND DOLLAR,tff,8657,14629,10327,2574,-5972,7753,36758
2019-02-19,OIL,WTI CRUDE OIL,dis,50670,22182,74923,92826,28488,-17903,155210
2019-02-19,SILVER,SILVER,dis,89135,38866,80913,154787,50269,-73874,220822
2019-02-19,USD,US DOLLAR INDEX,tff,29325,14582,136,36747,14743,-36611,59109
2019-02-26,AUD,AUSTRALIAN DOLLAR,tff,18403,31361,54269,10274,-12958,43995,130502
2019-02-26,CAD,CANADIAN DOLLAR,tff,13384,57434,36086,13683,-44050,22403,147621
2019-02-26,CHF,SWISS FRANC,tff,16513,19695,46111,2628,-3182,43483,75277
2019-02-26,COPPER,COPPER,dis,96982,74598,78308,104929,22384,-26621,256269
2019-02-26,EUR,EURO FX,tff,30866,113046,48921,116287,-82180,-67366,528376
2019-02-26,GBP,BRITISH POUND,tff,39655,50545,58448,30839,-10890,27609,202065
2019-02-26,GOLD,GOLD,dis,236835,101139,146042,305887,135696,-159845,501268
2019-02-26,JPY,JAPANESE YEN,tff,30119,32690,75228,60001,-2571,15227,186158
2019-02-26,NZD,NEW ZEALAND DOLLAR,tff,7569,13917,9582,2213,-6348,7369,35407
2019-02-26,OIL,WTI CRUDE OIL,dis,51446,22554,77333,93156,28892,-15823,158460
2019-02-26,SILVER,SILVER,dis,90971,32658,72192,150361,58313,-78169,206447
2019-02-26,USD,US DOLLAR INDEX,tff,31641,15432,222,36734,16209,-36512,64599
2019-03-05,AUD,AUSTRALIAN DOLLAR,tff,23882,33618,62429,10140,-9736,52289,141773
2019-03-05,CAD,CANADIAN DOLLAR,tff,10118,52837,39318,10087,-42719,29231,146552
2019-03-05,CHF,SWISS FRANC,tff,19485,20415,47437,2475,-930,44962,79621
2019-03-05,COPPER,COPPER,dis,94231,62975,80856,114980,31256,-34124,255162
2019-03-05,EUR,EURO FX,tff,44045,125120,53779,106320,-81075,-52541,541753
2019-03-05,GBP,BRITISH POUND,tff,32435,44357,51876,31052,-11922,20824,193497
2019-03-05,GOLD,GOLD,dis,202628,114610,155732,269729,88018,-113997,471311
2019-03-05,JPY,JAPANESE YEN,tff,37332,41940,84404,49226,-4608,35178,207083
2019-03-05,NZD,NEW ZEALAND DOLLAR,tff,9219,14426,9903,1583,-5207,8320,39314
2019-03-05,OIL,WTI CRUDE OIL,dis,47696,21996,71302,84193,25700,-12891,146916
2019-03-05,SILVER,SILVER,dis,76954,44433,70314,122555,32521,-52241,190024
2019-03-05,USD,US DOLLAR INDEX,tff,22629,6708,142,36709,15921,-36567,54897
2019-03-12,AUD,AUSTRALIAN DOLLAR,tff,25331,36184,70704,10355,-10853,60349,163073
2019-03-12,CAD,CANADIAN DOLLAR,tff,12666,53284,46035,7541,-40618,38494,159939
2019-03-12,CHF,SWISS FRANC,tff,18664,19501,46358,2163,-837,44195,85572
2019-03-12,COPPER,COPPER,dis,89572,64005,84272,113941,25567,-29669,258881
2019-03-12,EUR,EURO FX,tff,35487,118661,53613,94320,-83174,-40707,536724
2019-03-12,GBP,BRITISH POUND,tff,28980,38615,53268,31611,-9635,21657,191938
2019-03-12,GOLD,GOLD,dis,205250,126431,192029,300503,78819,-108474,530030
2019-03-12,JPY,JAPANESE YEN,tff,27602,35436,80910,45399,-7834,35511,196766
2019-03-12,NZD,NEW ZEALAND DOLLAR,tff,9583,11725,9713,1161,-2142,8552,42326
2019-03-12,OIL,WTI CRUDE OIL,dis,51177,23822,72944,83984,27355,-11040,148950
2019-03-12,SILVER,SILVER,dis,76183,49101,69170,115431,27082,-46261,189768
2019-03-12,USD,US DOLLAR INDEX,tff,23809,9692,132,36986,14117,-36854,60235
2019-03-19,AUD,AUSTRALIAN DOLLAR,tff,23521,41608,66476,2553,-18087,63923,142382
2019-03-19,CAD,CANADIAN DOLLAR,tff,11604,61333,52261,4296,-49729,47965,167282
2019-03-19,CHF,SWISS FRANC,tff,15457,19754,46903,2708,-4297,44195,75896
2019-03-19,COPPER,COPPER,dis,82765,66410,89114,110183,16355,-21069,253741
2019-03-19,EUR,EURO FX,tff,26752,113593,32568,77657,-86841,-45089,483172
2019-03-19,GBP,BRITISH POUND,tff,28346,25396,10466,12278,2950,-1812,140283
2019-03-19,GOLD,GOLD,dis,204325,115929,186704,302363,88396,-115659,514163
2019-03-19,JPY,JAPANESE YEN,tff,26345,43563,57582,1395,-17218,56187,158074
2019-03-19,NZD,NEW ZEALAND DOLLAR,tff,6572,12383,11496,1352,-5811,10144,36146
2019-03-19,OIL,WTI CRUDE OIL,dis,51254,24986,74113,83624,26268,-9511,151599
2019-03-19,SILVER,SILVER,dis,75196,51886,70131,113831,23310,-43700,189124
2019-03-19,USD,US DOLLAR INDEX,tff,17578,13789,272,25584,3789,-25312,44215
2019-03-26,AUD,AUSTRALIAN DOLLAR,tff,23472,41744,68602,2620,-18272,65982,141322
2019-03-26,CAD,CANADIAN DOLLAR,tff,13917,60123,38297,512,-46206,37785,144311
2019-03-26,CHF,SWISS FRANC,tff,13875,19867,45027,2569,-5992,42458,72539
2019-03-26,COPPER,COPPER,dis,75834,73892,100979,105851,1942,-4872,251953
2019-03-26,EUR,EURO FX,tff,27064,115577,31375,79934,-88513,-48559,486804
2019-03-26,GBP,BRITISH POUND,tff,29951,25516,13536,9850,4435,3686,142957
2019-03-26,GOLD,GOLD,dis,214897,94959,161201,312635,119938,-151434,509575
2019-03-26,JPY,JAPANESE YEN,tff,25243,45442,56155,3611,-20199,52544,157145
2019-03-26,NZD,NEW ZEALAND DOLLAR,tff,8791,16690,11105,6812,-7899,4293,42640
2019-03-26,OIL,WTI CRUDE OIL,dis,55065,25037,76845,89256,30028,-12411,160602
2019-03-26,SILVER,SILVER,dis,76541,49864,70719,117435,26677,-46716,192676
2019-03-26,USD,US DOLLAR INDEX,tff,16249,11596,192,25584,4653,-25392,42802
2019-04-02,AUD,AUSTRALIAN DOLLAR,tff,29773,42424,66785,2988,-12651,63797,149828
2019-04-02,CAD,CANADIAN DOLLAR,tff,17897,67225,40915,169,-49328,40746,151140
2019-04-02,CHF,SWISS FRANC,tff,16427,20157,45507,2435,-3730,43072,73617
2019-04-02,COPPER,COPPER,dis,81945,77389,91874,102655,4556,-10781,250309
2019-04-02,EUR,EURO FX,tff,29983,133701,37759,66177,-103718,-28418,497717
2019-04-02,GBP,BRITISH POUND,tff,34003,27361,19087,5664,6642,13423,147431
2019-04-02,GOLD,GOLD,dis,193784,99228,139514,257744,94556,-118230,440170
2019-04-02,JPY,JAPANESE YEN,tff,22099,39940,58983,3157,-17841,55826,156838
2019-04-02,NZD,NEW ZEALAND DOLLAR,tff,8533,13743,11074,6118,-5210,4956,39164
2019-04-02,OIL,WTI CRUDE OIL,dis,53926,23402,72850,83849,30524,-10999,155435
2019-04-02,SILVER,SILVER,dis,78993,62210,72376,106734,16783,-34358,199592
2019-04-02,USD,US DOLLAR INDEX,tff,19505,18341,442,25584,1164,-25142,50702
2019-04-09,AUD,AUSTRALIAN DOLLAR,tff,31233,44412,64619,3635,-13179,60984,146576
2019-04-09,CAD,CANADIAN DOLLAR,tff,18712,63173,36593,24,-44461,36569,149544
2019-04-09,CHF,SWISS FRANC,tff,16922,21239,46141,2535,-4317,43606,74157
2019-04-09,COPPER,COPPER,dis,81503,78489,89747,98190,3014,-8443,246628
2019-04-09,EUR,EURO FX,tff,29006,132688,36587,73697,-103682,-37110,494804
2019-04-09,GBP,BRITISH POUND,tff,33966,21154,14968,10691,12812,4277,142525
2019-04-09,GOLD,GOLD,dis,199507,94143,132478,265287,105364,-132809,447539
2019-04-09,JPY,JAPANESE YEN,tff,21991,44988,64129,1595,-22997,62534,165736
2019-04-09,NZD,NEW ZEALAND DOLLAR,tff,9019,11919,11477,4202,-2900,7275,37599
2019-04-09,OIL,WTI CRUDE OIL,dis,55315,24887,79700,96171,30428,-16471,166613
2019-04-09,SILVER,SILVER,dis,76410,59992,78785,116547,16418,-37762,208784
2019-04-09,USD,US DOLLAR INDEX,tff,19981,17798,567,25584,2183,-25017,50845
2019-04-16,AUD,AUSTRALIAN DOLLAR,tff,32893,40927,58266,7358,-8034,50908,140674
2019-04-16,CAD,CANADIAN DOLLAR,tff,12502,56006,41674,0,-43504,41674,145041
2019-04-16,CHF,SWISS FRANC,tff,15629,24823,54804,2578,-9194,52226,81940
2019-04-16,COPPER,COPPER,dis,84245,78933,96180,106010,5312,-9830,257913
2019-04-16,EUR,EURO FX,tff,33281,132662,35335,82776,-99381,-47441,499280
2019-04-16,GBP,BRITISH POUND,tff,38960,20549,11966,16645,18411,-4679,148202
2019-04-16,GOLD,GOLD,dis,183213,126940,145702,224132,56273,-78430,440581
2019-04-16,JPY,JAPANESE YEN,tff,27337,66965,90447,2029,-39628,88418,200018
2019-04-16,NZD,NEW ZEALAND DOLLAR,tff,8449,10489,13689,2483,-2040,11206,37770
2019-04-16,OIL,WTI CRUDE OIL,dis,56419,25031,84929,101937,31388,-17008,175396
2019-04-16,SILVER,SILVER,dis,76033,70148,94236,117908,5885,-23672,224783
2019-04-16,USD,US DOLLAR INDEX,tff,19685,16722,597,25684,2963,-25087,49887
2019-04-23,AUD,AUSTRALIAN DOLLAR,tff,34628,37839,59000,4110,-3211,54890,142394
2019-04-23,CAD,CANADIAN DOLLAR,tff,16075,56478,43302,946,-40403,42356,152998
2019-04-23,CHF,SWISS FRANC,tff,18817,31556,64528,2673,-12739,61855,94115
2019-04-23,COPPER,COPPER,dis,83083,80957,99974,108839,2126,-8865,256267
2019-04-23,EUR,EURO FX,tff,35713,139533,37322,74854,-103820,-37532,507722
2019-04-23,GBP,BRITISH POUND,tff,43259,21301,13604,9188,21958,4416,157851
2019-04-23,GOLD,GOLD,dis,176691,139296,154403,211799,37395,-57396,440048
2019-04-23,JPY,JAPANESE YEN,tff,24871,66543,97553,1854,-41672,95699,207316
2019-04-23,NZD,NEW ZEALAND DOLLAR,tff,16335,14461,17003,2193,1874,14810,45134
2019-04-23,OIL,WTI CRUDE OIL,dis,57172,26010,90738,107848,31162,-17110,183358
2019-04-23,SILVER,SILVER,dis,75889,75999,90400,110392,-110,-19992,219113
2019-04-23,USD,US DOLLAR INDEX,tff,24257,23398,597,25624,859,-25027,56644
2019-04-30,AUD,AUSTRALIAN DOLLAR,tff,33661,41082,74967,2994,-7421,71973,159857
2019-04-30,CAD,CANADIAN DOLLAR,tff,12419,51003,47585,226,-38584,47359,154565
2019-04-30,CHF,SWISS FRANC,tff,22986,37267,67968,2729,-14281,65239,102722
2019-04-30,COPPER,COPPER,dis,79599,79732,102067,106866,-133,-4799,249602
2019-04-30,EUR,EURO FX,tff,35648,145173,35660,73113,-109525,-37453,517935
2019-04-30,GBP,BRITISH POUND,tff,37662,21560,24734,7151,16102,17583,161764
2019-04-30,GOLD,GOLD,dis,177275,111056,147288,235600,66219,-88312,430011
2019-04-30,JPY,JAPANESE YEN,tff,22102,62201,104517,1591,-40099,102926,203323
2019-04-30,NZD,NEW ZEALAND DOLLAR,tff,16692,16046,24272,1057,646,23215,49266
2019-04-30,OIL,WTI CRUDE OIL,dis,60873,26038,96508,116119,34835,-19611,191411
2019-04-30,SILVER,SILVER,dis,77120,74984,75855,97215,2136,-21360,196610
2019-04-30,USD,US DOLLAR INDEX,tff,25689,24738,487,26476,951,-25989,58985
2019-05-07,AUD,AUSTRALIAN DOLLAR,tff,33352,41721,75900,3494,-8369,72406,162579
2019-05-07,CAD,CANADIAN DOLLAR,tff,12932,49545,43786,0,-36613,43786,151258
2019-05-07,CHF,SWISS FRANC,tff,21385,36431,68337,2875,-15046,65462,101595
2019-05-07,COPPER,COPPER,dis,73622,86500,112700,104097,-12878,8603,245088
2019-05-07,EUR,EURO FX,tff,32252,146844,38508,78754,-114592,-40246,516282
2019-05-07,GBP,BRITISH POUND,tff,31967,23785,23103,7020,8182,16083,154991
2019-05-07,GOLD,GOLD,dis,185801,110390,142078,238437,75411,-96359,450039
2019-05-07,JPY,JAPANESE YEN,tff,26328,64067,98558,1688,-37739,96870,201462
2019-05-07,NZD,NEW ZEALAND DOLLAR,tff,14594,14612,24548,1177,-18,23371,48392
2019-05-07,OIL,WTI CRUDE OIL,dis,59047,24567,87859,102777,34480,-14918,176954
2019-05-07,SILVER,SILVER,dis,77346,78303,77749,94408,-957,-16659,199467
2019-05-07,USD,US DOLLAR INDEX,tff,22733,20996,422,26476,1737,-26054,54810
2019-05-14,AUD,AUSTRALIAN DOLLAR,tff,30913,43988,77240,3494,-13075,73746,165582
2019-05-14,CAD,CANADIAN DOLLAR,tff,13347,48248,42642,1042,-34901,41600,148058
2019-05-14,CHF,SWISS FRANC,tff,16506,31598,65664,2829,-15092,62835,93782
2019-05-14,COPPER,COPPER,dis,73379,92745,121751,106039,-19366,15712,256800
2019-05-14,EUR,EURO FX,tff,30438,142131,35439,83982,-111693,-48543,504460
2019-05-14,GBP,BRITISH POUND,tff,37005,23467,24830,4347,13538,20483,156893
2019-05-14,GOLD,GOLD,dis,226361,101825,159444,296627,124536,-137183,517995
2019-05-14,JPY,JAPANESE YEN,tff,37735,60994,63039,7220,-23259,55819,180573
2019-05-14,NZD,NEW ZEALAND DOLLAR,tff,16203,15131,24230,1300,1072,22930,50262
2019-05-14,OIL,WTI CRUDE OIL,dis,61345,24567,89645,111004,36778,-21359,180350
2019-05-14,SILVER,SILVER,dis,77542,79751,79189,91967,-2209,-12778,203788
2019-05-14,USD,US DOLLAR INDEX,tff,19944,14519,487,26476,5425,-25989,48083
2019-05-21,AUD,AUSTRALIAN DOLLAR,tff,40382,50633,81787,4913,-10251,76874,183247
2019-05-21,CAD,CANADIAN DOLLAR,tff,11027,44659,42996,1549,-33632,41447,140682
2019-05-21,CHF,SWISS FRANC,tff,15124,26944,62005,2588,-11820,59417,88283
2019-05-21,COPPER,COPPER,dis,72490,94209,119994,100596,-21719,19398,261724
2019-05-21,EUR,EURO FX,tff,35410,142820,35156,87482,-107410,-52326,516122
2019-05-21,GBP,BRITISH POUND,tff,33229,34367,59528,3816,-1138,55712,190191
2019-05-21,GOLD,GOLD,dis,203628,114823,167827,275765,88805,-107938,508643
2019-05-21,JPY,JAPANESE YEN,tff,33326,50259,62641,12172,-16933,50469,170834
2019-05-21,NZD,NEW ZEALAND DOLLAR,tff,22539,18592,26510,1426,3947,25084,58548
2019-05-21,OIL,WTI CRUDE OIL,dis,63536,24552,90536,114595,38984,-24059,184614
2019-05-21,SILVER,SILVER,dis,75482,90144,83301,88484,-14662,-5183,210356
2019-05-21,USD,US DOLLAR INDEX,tff,20850,18089,347,26476,2761,-26129,51830
2019-05-28,AUD,AUSTRALIAN DOLLAR,tff,38579,48822,82792,4550,-10243,78242,179990
2019-05-28,CAD,CANADIAN DOLLAR,tff,11342,46155,43347,1336,-34813,42011,140449
2019-05-28,CHF,SWISS FRANC,tff,14612,25281,59713,2412,-10669,57301,85660
2019-05-28,COPPER,COPPER,dis,73784,97617,123675,100585,-23833,23090,272194
2019-05-28,EUR,EURO FX,tff,36534,140497,35669,89806,-103963,-54137,536798
2019-05-28,GBP,BRITISH POUND,tff,41085,41168,79440,3343,-83,76097,213930
2019-05-28,GOLD,GOLD,dis,194463,107775,191290,301244,86688,-109954,505126
2019-05-28,JPY,JAPANESE YEN,tff,31387,47973,58792,17055,-16586,41737,169790
2019-05-28,NZD,NEW ZEALAND DOLLAR,tff,19572,18850,32797,1228,722,31569,61961
2019-05-28,OIL,WTI CRUDE OIL,dis,69537,24539,91803,117954,44998,-26151,189263
2019-05-28,SILVER,SILVER,dis,73663,96072,87083,85968,-22409,1115,217605
2019-05-28,USD,US DOLLAR INDEX,tff,19239,16199,302,26476,3040,-26174,50088
2019-06-04,AUD,AUSTRALIAN DOLLAR,tff,39379,44954,76431,4931,-5575,71500,170251
2019-06-04,CAD,CANADIAN DOLLAR,tff,13174,52931,40441,1501,-39757,38940,151970
2019-06-04,CHF,SWISS FRANC,tff,14301,27669,54347,3769,-13368,50578,82843
2019-06-04,COPPER,COPPER,dis,76217,102963,121910,97298,-26746,24612,281813
2019-06-04,EUR,EURO FX,tff,42983,134965,31491,101255,-91982,-69764,517428
2019-06-04,GBP,BRITISH POUND,tff,34822,39698,91201,3359,-4876,87842,220728
2019-06-04,GOLD,GOLD,dis,240477,84362,132517,305093,156115,-172576,481495
2019-06-04,JPY,JAPANESE YEN,tff,32818,41800,43400,23360,-8982,20040,167810
2019-06-04,NZD,NEW ZEALAND DOLLAR,tff,17825,18149,36149,1081,-324,35068,68760
2019-06-04,OIL,WTI CRUDE OIL,dis,64673,24966,82165,105171,39707,-23006,173562
2019-06-04,SILVER,SILVER,dis,76653,85096,82484,94773,-8443,-12289,216145
2019-06-04,USD,US DOLLAR INDEX,tff,16481,12012,508,26476,4469,-25968,46897
2019-06-11,AUD,AUSTRALIAN DOLLAR,tff,35562,46161,68562,4818,-10599,63744,198112
2019-06-11,CAD,CANADIAN DOLLAR,tff,18637,58896,28097,12661,-40259,15436,159212
2019-06-11,CHF,SWISS FRANC,tff,14256,23045,40196,3230,-8789,36966,72177
2019-06-11,COPPER,COPPER,dis,79399,109920,124879,97773,-30521,27106,284848
2019-06-11,EUR,EURO FX,tff,31166,134565,35062,112458,-103399,-77396,542810
2019-06-11,GBP,BRITISH POUND,tff,26505,32936,83318,5250,-6431,78068,221181
2019-06-11,GOLD,GOLD,dis,250114,65876,137719,339746,184238,-202027,496663
2019-06-11,JPY,JAPANESE YEN,tff,26407,42005,38619,19295,-15598,19324,169387
2019-06-11,NZD,NEW ZEALAND DOLLAR,tff,14980,16377,34828,3137,-1397,31691,62497
2019-06-11,OIL,WTI CRUDE OIL,dis,62200,24867,83630,106531,37333,-22901,174979
2019-06-11,SILVER,SILVER,dis,85225,82565,85922,111113,2660,-25191,226513
2019-06-11,USD,US DOLLAR INDEX,tff,21516,11000,568,26437,10516,-25869,49167
2019-06-18,AUD,AUSTRALIAN DOLLAR,tff,50062,56901,76023,4639,-6839,71384,178401
2019-06-18,CAD,CANADIAN DOLLAR,tff,17013,50369,5887,23113,-33356,-17226,160795
2019-06-18,CHF,SWISS FRANC,tff,15303,14751,30498,1333,552,29165,58961
2019-06-18,COPPER,COPPER,dis,82255,106207,119103,97462,-23952,21641,280643
2019-06-18,EUR,EURO FX,tff,35140,123984,33650,122836,-88844,-89186,503825
2019-06-18,GBP,BRITISH POUND,tff,30524,39404,86449,3693,-8880,82756,210421
2019-06-18,GOLD,GOLD,dis,274633,70310,141993,365848,204323,-223855,525636
2019-06-18,JPY,JAPANESE YEN,tff,35055,25787,4226,14594,9268,-10368,123629
2019-06-18,NZD,NEW ZEALAND DOLLAR,tff,14627,16949,40017,1032,-2322,38985,64240
2019-06-18,OIL,WTI CRUDE OIL,dis,64438,24840,85038,107199,39598,-22161,176351
2019-06-18,SILVER,SILVER,dis,93275,78759,90242,124729,14516,-34487,239466
2019-06-18,USD,US DOLLAR INDEX,tff,19933,12044,428,27752,7889,-27324,47012
2019-06-25,AUD,AUSTRALIAN DOLLAR,tff,38720,53344,76404,6180,-14624,70224,164741
2019-06-25,CAD,CANADIAN DOLLAR,tff,21037,36983,12205,38470,-15946,-26265,137543
2019-06-25,CHF,SWISS FRANC,tff,16022,17609,24170,2637,-1587,21533,55740
2019-06-25,COPPER,COPPER,dis,73297,99836,91311,69149,-26539,22162,244461
2019-06-25,EUR,EURO FX,tff,37864,130813,32056,139701,-92949,-107645,521907
2019-06-25,GBP,BRITISH POUND,tff,28945,39870,81758,3798,-10925,77960,207543
2019-06-25,GOLD,GOLD,dis,298108,61554,160228,420378,236554,-260150,577605
2019-06-25,JPY,JAPANESE YEN,tff,35773,21973,4215,34715,13800,-30500,139439
2019-06-25,NZD,NEW ZEALAND DOLLAR,tff,11187,15015,41213,1049,-3828,40164,61828
2019-06-25,OIL,WTI CRUDE OIL,dis,64249,26202,86035,108180,38047,-22145,178702
2019-06-25,SILVER,SILVER,dis,97573,67008,80049,133601,30565,-53552,229007
2019-06-25,USD,US DOLLAR INDEX,tff,22750,8213,758,25605,14537,-24847,45093
2019-07-02,AUD,AUSTRALIAN DOLLAR,tff,36130,53810,69750,8472,-17680,61278,162186
2019-07-02,CAD,CANADIAN DOLLAR,tff,30483,35936,11554,66825,-5453,-55271,157998
2019-07-02,CHF,SWISS FRANC,tff,14757,12251,21295,4072,2506,17223,50766
2019-07-02,COPPER,COPPER,dis,76478,105694,97312,72285,-29216,25027,254342
2019-07-02,EUR,EURO FX,tff,36190,122545,33935,143117,-86355,-109182,520970
2019-07-02,GBP,BRITISH POUND,tff,23671,49363,100165,3996,-25692,96169,224591
2019-07-02,GOLD,GOLD,dis,312702,53756,160282,447104,258946,-286822,605949
2019-07-02,JPY,JAPANESE YEN,tff,38586,20940,4535,36923,17646,-32388,139355
2019-07-02,NZD,NEW ZEALAND DOLLAR,tff,5903,16097,39603,1343,-10194,38260,55017
2019-07-02,OIL,WTI CRUDE OIL,dis,54433,23129,79824,93026,31304,-13202,163975
2019-07-02,SILVER,SILVER,dis,99739,69284,75576,127639,30455,-52063,221224
2019-07-02,USD,US DOLLAR INDEX,tff,23119,8194,428,25525,14925,-25097,42805
2019-07-09,AUD,AUSTRALIAN DOLLAR,tff,36448,47803,65971,10782,-11355,55189,158794
2019-07-09,CAD,CANADIAN DOLLAR,tff,31548,34814,13325,78173,-3266,-64848,164842
2019-07-09,CHF,SWISS FRANC,tff,16314,11287,20940,4085,5027,16855,51844
2019-07-09,COPPER,COPPER,dis,76596,116583,104531,69516,-39987,35015,265419
2019-07-09,EUR,EURO FX,tff,31821,123452,36339,136361,-91631,-100022,521379
2019-07-09,GBP,BRITISH POUND,tff,27789,60388,123981,5322,-32599,118659,247048
2019-07-09,GOLD,GOLD,dis,306105,61342,163955,442371,244763,-278416,598977
2019-07-09,JPY,JAPANESE YEN,tff,38861,18398,8979,37239,20463,-28260,135737
2019-07-09,NZD,NEW ZEALAND DOLLAR,tff,5336,15900,39486,2569,-10564,36917,54222
2019-07-09,OIL,WTI CRUDE OIL,dis,54182,23056,80037,93167,31126,-13130,165648
2019-07-09,SILVER,SILVER,dis,96080,70929,75714,120991,25151,-45277,218493
2019-07-09,USD,US DOLLAR INDEX,tff,16792,7961,428,25785,8831,-25357,41935
2019-07-16,AUD,AUSTRALIAN DOLLAR,tff,36373,52631,66139,16347,-16258,49792,157734
2019-07-16,CAD,CANADIAN DOLLAR,tff,39092,35500,11966,95015,3592,-83049,182946
2019-07-16,CHF,SWISS FRANC,tff,15586,11353,23273,4866,4233,18407,52203
2019-07-16,COPPER,COPPER,dis,73722,105665,107168,78591,-31943,28577,266882
2019-07-16,EUR,EURO FX,tff,37455,126557,36780,138651,-89102,-101871,535848
2019-07-16,GBP,BRITISH POUND,tff,27474,59336,128705,4208,-31862,124497,253464
2019-07-16,GOLD,GOLD,dis,309535,64034,175785,453193,245501,-277408,601900
2019-07-16,JPY,JAPANESE YEN,tff,35550,19319,6367,32961,16231,-26594,130304
2019-07-16,NZD,NEW ZEALAND DOLLAR,tff,5532,18343,34367,4525,-12811,29842,50025
2019-07-16,OIL,WTI CRUDE OIL,dis,58738,23261,81963,94664,35477,-12701,170197
2019-07-16,SILVER,SILVER,dis,100449,63024,75284,134641,37425,-59357,229465
2019-07-16,USD,US DOLLAR INDEX,tff,16394,7733,673,26061,8661,-25388,42480
2019-07-23,AUD,AUSTRALIAN DOLLAR,tff,32521,50368,66275,18561,-17847,47714,150525
2019-07-23,CAD,CANADIAN DOLLAR,tff,43692,36837,10366,101489,6855,-91123,187397
2019-07-23,CHF,SWISS FRANC,tff,16480,13336,22401,3991,3144,18410,53369
2019-07-23,COPPER,COPPER,dis,76464,100513,99428,79226,-24049,20202,264229
2019-07-23,EUR,EURO FX,tff,37526,133778,39821,126163,-96252,-86342,541102
2019-07-23,GBP,BRITISH POUND,tff,27843,55974,129059,4185,-28131,124874,248063
2019-07-23,GOLD,GOLD,dis,311881,60631,175785,463624,251250,-287839,616859
2019-07-23,JPY,JAPANESE YEN,tff,38732,20904,4293,35938,17828,-31645,136245
2019-07-23,NZD,NEW ZEALAND DOLLAR,tff,6296,20126,32611,10604,-13830,22007,54066
2019-07-23,OIL,WTI CRUDE OIL,dis,57742,23281,84240,96011,34461,-11771,173304
2019-07-23,SILVER,SILVER,dis,110129,55368,71168,147306,54761,-76138,234735
2019-07-23,USD,US DOLLAR INDEX,tff,20773,13088,673,26297,7685,-25624,48047
2019-07-30,AUD,AUSTRALIAN DOLLAR,tff,37310,47547,71191,13211,-10237,57980,162988
2019-07-30,CAD,CANADIAN DOLLAR,tff,45699,36065,10468,95685,9634,-85217,182478
2019-07-30,CHF,SWISS FRANC,tff,20382,15535,24323,2138,4847,22185,57805
2019-07-30,COPPER,COPPER,dis,77334,106089,99517,74780,-28755,24737,268804
2019-07-30,EUR,EURO FX,tff,38230,141494,43359,121181,-103264,-77822,563024
2019-07-30,GBP,BRITISH POUND,tff,35092,67804,144415,4602,-32712,139813,275984
2019-07-30,GOLD,GOLD,dis,312214,57826,141164,429131,254388,-287967,563298
2019-07-30,JPY,JAPANESE YEN,tff,39797,14770,4465,34796,25027,-30331,138842
2019-07-30,NZD,NEW ZEALAND DOLLAR,tff,6478,17270,32391,10258,-10792,22133,53172
2019-07-30,OIL,WTI CRUDE OIL,dis,59589,24363,87452,99296,35226,-11844,180536
2019-07-30,SILVER,SILVER,dis,111282,46985,73649,157565,64297,-83916,239059
2019-07-30,USD,US DOLLAR INDEX,tff,23740,19594,673,27522,4146,-26849,55829
2019-08-06,AUD,AUSTRALIAN DOLLAR,tff,41094,56410,81770,12150,-15316,69620,178023
2019-08-06,CAD,CANADIAN DOLLAR,tff,46960,29496,12216,83970,17464,-71754,172657
2019-08-06,CHF,SWISS FRANC,tff,16726,16235,24026,3330,491,20696,56716
2019-08-06,COPPER,COPPER,dis,79133,137582,118006,61039,-58449,56967,303764
2019-08-06,EUR,EURO FX,tff,42290,127634,47944,113552,-85344,-65608,545453
2019-08-06,GBP,BRITISH POUND,tff,35450,78201,168998,4064,-42751,164934,296904
2019-08-06,GOLD,GOLD,dis,350558,58013,137010,461335,292545,-324325,600317
2019-08-06,JPY,JAPANESE YEN,tff,44894,22593,3943,48470,22301,-44527,153338
2019-08-06,NZD,NEW ZEALAND DOLLAR,tff,8400,18077,32578,8828,-9677,23750,57131
2019-08-06,OIL,WTI CRUDE OIL,dis,54362,22662,79213,89778,31700,-10565,166158
2019-08-06,SILVER,SILVER,dis,106034,56202,77974,153240,49832,-75266,239290
2019-08-06,USD,US DOLLAR INDEX,tff,21874,17849,693,29257,4025,-28564,55694
2019-08-13,AUD,AUSTRALIAN DOLLAR,tff,34400,59802,88556,7457,-25402,81099,175597
2019-08-13,CAD,CANADIAN DOLLAR,tff,38280,26006,14899,77598,12274,-62699,160861
2019-08-13,CHF,SWISS FRANC,tff,15867,13276,22327,7757,2591,14570,54267
2019-08-13,COPPER,COPPER,dis,76207,129807,118704,65380,-53600,53324,295608
2019-08-13,EUR,EURO FX,tff,28720,137251,38480,131449,-108531,-92969,550607
2019-08-13,GBP,BRITISH POUND,tff,24160,66197,159601,5530,-42037,154071,273931
2019-08-13,GOLD,GOLD,dis,346223,56133,136823,460550,290090,-323727,593962
2019-08-13,JPY,JAPANESE YEN,tff,48601,22550,5259,58656,26051,-53397,160271
2019-08-13,NZD,NEW ZEALAND DOLLAR,tff,16864,19350,33249,5071,-2486,28178,59895
2019-08-13,OIL,WTI CRUDE OIL,dis,55381,22716,81103,92207,32665,-11104,168534
2019-08-13,SILVER,SILVER,dis,97520,58251,85877,151110,39269,-65233,233839
2019-08-13,USD,US DOLLAR INDEX,tff,21907,18183,603,29257,3724,-28654,55000
2019-08-20,AUD,AUSTRALIAN DOLLAR,tff,30312,56509,88315,7066,-26197,81249,169175
2019-08-20,CAD,CANADIAN DOLLAR,tff,35692,22275,17196,69551,13417,-52355,155837
2019-08-20,CHF,SWISS FRANC,tff,15858,12721,21946,10116,3137,11830,54941
2019-08-20,COPPER,COPPER,dis,75489,124434,112260,65023,-48945,47237,281852
2019-08-20,EUR,EURO FX,tff,30643,126115,38169,134916,-95472,-96747,542806
2019-08-20,GBP,BRITISH POUND,tff,26384,63223,160249,5122,-36839,155127,273481
2019-08-20,GOLD,GOLD,dis,352294,52301,133408,469658,299993,-336250,594807
2019-08-20,JPY,JAPANESE YEN,tff,48307,11635,3689,67471,36672,-63782,154662
2019-08-20,NZD,NEW ZEALAND DOLLAR,tff,17716,21453,35556,1597,-3737,33959,62760
2019-08-20,OIL,WTI CRUDE OIL,dis,55412,22535,82159,94297,32877,-12138,170937
2019-08-20,SILVER,SILVER,dis,95987,49273,84338,155201,46714,-70863,238086
2019-08-20,USD,US DOLLAR INDEX,tff,20945,19555,603,29364,1390,-28761,56089
2019-08-27,AUD,AUSTRALIAN DOLLAR,tff,30162,54343,86723,5809,-24181,80914,165752
2019-08-27,CAD,CANADIAN DOLLAR,tff,36838,24294,20281,69149,12544,-48868,158921
2019-08-27,CHF,SWISS FRANC,tff,16754,11008,22089,8108,5746,13981,55251
2019-08-27,COPPER,COPPER,dis,72795,131275,115444,59559,-58480,55885,262762
2019-08-27,EUR,EURO FX,tff,33930,121825,41098,123741,-87895,-82643,525065
2019-08-27,GBP,BRITISH POUND,tff,26517,65862,162435,5892,-39345,156543,273650
2019-08-27,GOLD,GOLD,dis,362609,65771,148866,482672,296838,-333806,636183
2019-08-27,JPY,JAPANESE YEN,tff,55137,17197,3689,62391,37940,-58702,157862
2019-08-27,NZD,NEW ZEALAND DOLLAR,tff,16969,25657,37326,0,-8688,37326,64672
2019-08-27,OIL,WTI CRUDE OIL,dis,55148,22667,82918,95037,32481,-12119,172093
2019-08-27,SILVER,SILVER,dis,103488,43636,79050,160731,59852,-81681,239970
2019-08-27,USD,US DOLLAR INDEX,tff,19702,17997,893,29790,1705,-28897,55277
2019-09-03,AUD,AUSTRALIAN DOLLAR,tff,31266,58475,86671,7810,-27209,78861,174021
2019-09-03,CAD,CANADIAN DOLLAR,tff,42276,25652,23883,65513,16624,-41630,167396
2019-09-03,CHF,SWISS FRANC,tff,19617,11277,24462,7105,8340,17357,60867
2019-09-03,COPPER,COPPER,dis,76099,134940,113577,54580,-58841,58997,260040
2019-09-03,EUR,EURO FX,tff,48225,138243,50038,116421,-90018,-66383,546954
2019-09-03,GBP,BRITISH POUND,tff,27050,63914,156277,5018,-36864,151259,272396
2019-09-03,GOLD,GOLD,dis,365385,64838,147717,485458,300547,-337741,634358
2019-09-03,JPY,JAPANESE YEN,tff,51589,20379,3632,61177,31210,-57545,157788
2019-09-03,NZD,NEW ZEALAND DOLLAR,tff,18371,27831,40187,0,-9460,40187,67827
2019-09-03,OIL,WTI CRUDE OIL,dis,55315,20755,73889,93100,34560,-19211,156391
2019-09-03,SILVER,SILVER,dis,104977,42852,73728,158406,62125,-84678,225688
2019-09-03,USD,US DOLLAR INDEX,tff,24203,23433,903,30292,770,-29389,62314
2019-09-10,AUD,AUSTRALIAN DOLLAR,tff,33252,63284,84710,12304,-30032,72406,182355
2019-09-10,CAD,CANADIAN DOLLAR,tff,39549,30440,15603,73732,9109,-58129,183058
2019-09-10,CHF,SWISS FRANC,tff,18867,9092,23965,6496,9775,17469,64165
2019-09-10,COPPER,COPPER,dis,77185,118371,94434,54013,-41186,40421,241910
2019-09-10,EUR,EURO FX,tff,36765,133494,50879,106109,-96729,-55230,585117
2019-09-10,GBP,BRITISH POUND,tff,25852,77024,154557,4203,-51172,150354,283161
2019-09-10,GOLD,GOLD,dis,334114,64389,156061,461672,269725,-305611,614753
2019-09-10,JPY,JAPANESE YEN,tff,51317,13034,4998,54274,38283,-49276,151397
2019-09-10,NZD,NEW ZEALAND DOLLAR,tff,21281,27285,39546,0,-6004,39546,73148
2019-09-10,OIL,WTI CRUDE OIL,dis,56915,21135,74704,94650,35780,-19946,158519
2019-09-10,SILVER,SILVER,dis,100413,40182,71511,156279,60231,-84768,217433
2019-09-10,USD,US DOLLAR INDEX,tff,19721,18169,853,31486,1552,-30633,64908
2019-09-17,AUD,AUSTRALIAN DOLLAR,tff,30279,48722,63883,3057,-18443,60826,138052
2019-09-17,CAD,CANADIAN DOLLAR,tff,49801,27242,12312,76821,22559,-64509,187795
2019-09-17,CHF,SWISS FRANC,tff,20498,8879,19026,1404,11619,17622,52487
2019-09-17,COPPER,COPPER,dis,75083,112033,90337,57645,-36950,32692,234574
2019-09-17,EUR,EURO FX,tff,30517,137178,41963,92881,-106661,-50918,503272
2019-09-17,GBP,BRITISH POUND,tff,22683,52422,131082,2998,-29739,128084,230609
2019-09-17,GOLD,GOLD,dis,341511,58912,163008,481407,282599,-318399,630990
2019-09-17,JPY,JAPANESE YEN,tff,45956,8214,8588,39709,37742,-31121,130940
2019-09-17,NZD,NEW ZEALAND DOLLAR,tff,15920,28808,45139,12,-12888,45127,68408
2019-09-17,OIL,WTI CRUDE OIL,dis,62892,21407,75532,101696,41485,-26164,163681
2019-09-17,SILVER,SILVER,dis,94625,38647,73993,151540,55978,-77547,212514
2019-09-17,USD,US DOLLAR INDEX,tff,19960,8074,813,41794,11886,-40981,55837
2019-09-24,AUD,AUSTRALIAN DOLLAR,tff,40246,55440,74262,2900,-15194,71362,160872
2019-09-24,CAD,CANADIAN DOLLAR,tff,29221,32266,3123,36115,-3045,-32992,123017
2019-09-24,CHF,SWISS FRANC,tff,19829,11699,24837,1277,8130,23560,56934
2019-09-24,COPPER,COPPER,dis,71205,111944,91341,53983,-40739,37358,230727
2019-09-24,EUR,EURO FX,tff,29730,121019,38660,96892,-91289,-58232,502612
2019-09-24,GBP,BRITISH POUND,tff,27143,59002,132066,7901,-31859,124165,236081
2019-09-24,GOLD,GOLD,dis,370393,57949,163585,508730,312444,-345145,658944
2019-09-24,JPY,JAPANESE YEN,tff,45128,13946,14841,38547,31182,-23706,142026
2019-09-24,NZD,NEW ZEALAND DOLLAR,tff,19142,31110,47327,3,-11968,47324,75074
2019-09-24,OIL,WTI CRUDE OIL,dis,65665,21780,82033,107935,43885,-25902,167607
2019-09-24,SILVER,SILVER,dis,94002,43273,74207,149986,50729,-75779,215217
2019-09-24,USD,US DOLLAR INDEX,tff,19536,8750,658,41794,10786,-41136,57183
2019-10-01,AUD,AUSTRALIAN DOLLAR,tff,44399,55129,80288,2900,-10730,77388,171940
2019-10-01,CAD,CANADIAN DOLLAR,tff,32474,35667,5131,41933,-3193,-36802,130937
2019-10-01,CHF,SWISS FRANC,tff,23390,13789,30024,1383,9601,28641,65484
2019-10-01,COPPER,COPPER,dis,71271,118044,96937,53891,-46773,43046,242951
2019-10-01,EUR,EURO FX,tff,44921,134406,36143,88334,-89485,-52191,511934
2019-10-01,GBP,BRITISH POUND,tff,30165,49388,131115,7273,-19223,123842,238392
2019-10-01,GOLD,GOLD,dis,322800,53807,163050,466738,268993,-303688,604885
2019-10-01,JPY,JAPANESE YEN,tff,51886,28339,17567,37150,23547,-19583,151860
2019-10-01,NZD,NEW ZEALAND DOLLAR,tff,18275,31486,47950,7,-13211,47943,75163
2019-10-01,OIL,WTI CRUDE OIL,dis,60062,19981,77595,98854,40081,-21259,156957
2019-10-01,SILVER,SILVER,dis,89967,40152,73357,147138,49815,-73781,212266
2019-10-01,USD,US DOLLAR INDEX,tff,20690,10506,688,42002,10184,-41314,59045
2019-10-08,AUD,AUSTRALIAN DOLLAR,tff,39245,54689,79963,3204,-15444,76759,168839
2019-10-08,CAD,CANADIAN DOLLAR,tff,36925,35218,6382,32444,1707,-26062,136105
2019-10-08,CHF,SWISS FRANC,tff,20533,14794,30544,1708,5739,28836,64837
2019-10-08,COPPER,COPPER,dis,69884,117977,108105,60124,-48093,47981,256724
2019-10-08,EUR,EURO FX,tff,38991,141981,41243,90402,-102990,-49159,514638
2019-10-08,GBP,BRITISH POUND,tff,32709,50258,136393,14616,-17549,121777,246896
2019-10-08,GOLD,GOLD,dis,334383,58820,167755,478697,275563,-310942,616957
2019-10-08,JPY,JAPANESE YEN,tff,48832,35165,22659,38945,13667,-16286,150019
2019-10-08,NZD,NEW ZEALAND DOLLAR,tff,16067,31029,48243,33,-14962,48210,73793
2019-10-08,OIL,WTI CRUDE OIL,dis,58700,19953,80768,100214,38747,-19446,159752
2019-10-08,SILVER,SILVER,dis,90092,39338,73677,150583,50754,-76906,213968
2019-10-08,USD,US DOLLAR INDEX,tff,20198,9868,848,41999,10330,-41151,58016
2019-10-15,AUD,AUSTRALIAN DOLLAR,tff,38828,48952,77631,3439,-10124,74192,163884
2019-10-15,CAD,CANADIAN DOLLAR,tff,41189,39508,6478,48380,1681,-41902,149079
2019-10-15,CHF,SWISS FRANC,tff,19097,13943,32972,1693,5154,31279,64763
2019-10-15,COPPER,COPPER,dis,67383,114638,110400,64622,-47255,45778,257178
2019-10-15,EUR,EURO FX,tff,33138,134965,43522,103975,-101827,-60453,517182
2019-10-15,GBP,BRITISH POUND,tff,29860,57537,129273,25830,-27677,103443,243309
2019-10-15,GOLD,GOLD,dis,319370,66343,167700,455975,253027,-288275,607387
2019-10-15,JPY,JAPANESE YEN,tff,44319,41871,43559,33760,2448,9799,157707
2019-10-15,NZD,NEW ZEALAND DOLLAR,tff,16398,30877,49556,0,-14479,49556,74796
2019-10-15,OIL,WTI CRUDE OIL,dis,59604,20214,83452,104217,39390,-20765,162041
2019-10-15,SILVER,SILVER,dis,85088,41099,74855,145342,43989,-70487,210916
2019-10-15,USD,US DOLLAR INDEX,tff,19190,5361,1058,42029,13829,-40971,54820
2019-10-22,AUD,AUSTRALIAN DOLLAR,tff,35007,49828,74553,5625,-14821,68928,157200
2019-10-22,CAD,CANADIAN DOLLAR,tff,43879,36317,6401,84540,7562,-78139,170305
2019-10-22,CHF,SWISS FRANC,tff,18564,14840,29949,1730,3724,28219,61619
2019-10-22,COPPER,COPPER,dis,68744,110317,106650,65810,-41573,40840,251164
2019-10-22,EUR,EURO FX,tff,38461,133011,38431,135994,-94550,-97563,528545
2019-10-22,GBP,BRITISH POUND,tff,37632,63995,99997,31309,-26363,68688,230224
2019-10-22,GOLD,GOLD,dis,322917,63785,171329,466686,259132,-295357,625528
2019-10-22,JPY,JAPANESE YEN,tff,40823,38686,52443,32505,2137,19938,159250
2019-10-22,NZD,NEW ZEALAND DOLLAR,tff,14341,31015,50617,45,-16674,50572,73499
2019-10-22,OIL,WTI CRUDE OIL,dis,57037,19926,84204,105571,37111,-21367,164260
2019-10-22,SILVER,SILVER,dis,89747,43004,75366,147389,46743,-72023,214529
2019-10-22,USD,US DOLLAR INDEX,tff,27500,6735,1148,39412,20765,-38264,53860
2019-10-29,AUD,AUSTRALIAN DOLLAR,tff,32282,45942,69291,7282,-13660,62009,153444
2019-10-29,CAD,CANADIAN DOLLAR,tff,53176,41394,5717,105571,11782,-99854,189971
2019-10-29,CHF,SWISS FRANC,tff,19851,15701,33341,1959,4150,31382,65712
2019-10-29,COPPER,COPPER,dis,76814,102039,95839,71745,-25225,24094,246252
2019-10-29,EUR,EURO FX,tff,40929,134425,36422,142746,-93496,-106324,538847
2019-10-29,GBP,BRITISH POUND,tff,42235,54362,74780,33174,-12127,41606,214406
2019-10-29,GOLD,GOLD,dis,335423,58908,176997,478213,276515,-301216,643442
2019-10-29,JPY,JAPANESE YEN,tff,38588,38010,58144,31951,578,26193,163486
2019-10-29,NZD,NEW ZEALAND DOLLAR,tff,13831,30048,49959,21,-16217,49938,72478
2019-10-29,OIL,WTI CRUDE OIL,dis,58168,20126,88183,107036,38042,-18853,167444
2019-10-29,SILVER,SILVER,dis,95368,41690,74038,142083,53678,-68045,221384
2019-10-29,USD,US DOLLAR INDEX,tff,26139,4257,1083,37375,21882,-36292,49700
2019-11-05,AUD,AUSTRALIAN DOLLAR,tff,44459,46241,61694,14746,-1782,46948,161411
2019-11-05,CAD,CANADIAN DOLLAR,tff,59755,34840,4721,118025,24915,-113304,192882
2019-11-05,CHF,SWISS FRANC,tff,19395,16993,36276,1953,2402,34323,67855
2019-11-05,COPPER,COPPER,dis,81652,104963,87029,66780,-23311,20249,239147
2019-11-05,EUR,EURO FX,tff,42111,143181,36535,153199,-101070,-116664,563336
2019-11-05,GBP,BRITISH POUND,tff,41860,53683,66300,32806,-11823,33494,206317
2019-11-05,GOLD,GOLD,dis,344591,64763,181688,498826,279828,-317138,690181
2019-11-05,JPY,JAPANESE YEN,tff,42133,47724,66301,31100,-5591,35201,177106
2019-11-05,NZD,NEW ZEALAND DOLLAR,tff,13462,30928,50551,2136,-17466,48415,75326
2019-11-05,OIL,WTI CRUDE OIL,dis,50509,23211,92345,92752,27298,-407,161245
2019-11-05,SILVER,SILVER,dis,97174,49177,75937,150919,47997,-74982,227509
2019-11-05,USD,US DOLLAR INDEX,tff,25637,3227,998,35700,22410,-34702,47015
2019-11-12,AUD,AUSTRALIAN DOLLAR,tff,36494,43328,67119,10257,-6834,56862,160129
2019-11-12,CAD,CANADIAN DOLLAR,tff,60488,30300,6029,107062,30188,-101033,182793
2019-11-12,CHF,SWISS FRANC,tff,18195,15320,38272,1534,2875,36738,68066
2019-11-12,COPPER,COPPER,dis,73303,99590,91310,70023,-26287,21287,239830
2019-11-12,EUR,EURO FX,tff,39577,137093,37325,156847,-97516,-119522,569527
2019-11-12,GBP,BRITISH POUND,tff,41851,51950,60559,38682,-10099,21877,209312
2019-11-12,GOLD,GOLD,dis,323189,56123,210067,511535,267066,-301468,708463
2019-11-12,JPY,JAPANESE YEN,tff,36442,53074,70363,29344,-16632,41019,183480
2019-11-12,NZD,NEW ZEALAND DOLLAR,tff,16468,31564,52374,2336,-15096,50038,79394
2019-11-12,OIL,WTI CRUDE OIL,dis,49944,22620,96163,96341,27324,-178,165746
2019-11-12,SILVER,SILVER,dis,89327,51963,81555,143447,37364,-61892,222122
2019-11-12,USD,US DOLLAR INDEX,tff,24170,2878,668,35532,21292,-34864,46188
2019-11-19,AUD,AUSTRALIAN DOLLAR,tff,41348,47412,78036,10068,-6064,67968,172425
2019-11-19,CAD,CANADIAN DOLLAR,tff,58736,32183,7011,86587,26553,-79576,172759
2019-11-19,CHF,SWISS FRANC,tff,17062,14432,38543,1566,2630,36977,68223
2019-11-19,COPPER,COPPER,dis,63747,98853,93647,61093,-35106,32554,228961
2019-11-19,EUR,EURO FX,tff,43096,131953,42000,154759,-88857,-112759,577689
2019-11-19,GBP,BRITISH POUND,tff,40655,54334,60197,43814,-13679,16383,218042
2019-11-19,GOLD,GOLD,dis,337296,51437,206626,525721,285859,-319095,719211
2019-11-19,JPY,JAPANESE YEN,tff,37284,51240,64271,28793,-13956,35478,182445
2019-11-19,NZD,NEW ZEALAND DOLLAR,tff,12174,29215,50103,2236,-17041,47867,73073
2019-11-19,OIL,WTI CRUDE OIL,dis,50573,23236,99015,99690,27337,-675,169404
2019-11-19,SILVER,SILVER,dis,89898,45182,78576,145125,44716,-66549,221707
2019-11-19,USD,US DOLLAR INDEX,tff,23541,3852,758,33477,19689,-32719,45288
2019-11-26,AUD,AUSTRALIAN DOLLAR,tff,50206,50115,78319,10273,91,68046,184471
2019-11-26,CAD,CANADIAN DOLLAR,tff,56108,30995,8501,73452,25113,-64951,167350
2019-11-26,CHF,SWISS FRANC,tff,19769,20532,43955,1581,-763,42374,77318
2019-11-26,COPPER,COPPER,dis,61166,99728,95079,58441,-38562,36638,212577
2019-11-26,EUR,EURO FX,tff,41461,138868,40926,149719,-97407,-108793,578450
2019-11-26,GBP,BRITISH POUND,tff,39454,54175,60554,39745,-14721,20809,223181
2019-11-26,GOLD,GOLD,dis,325286,53652,191548,497015,271634,-305467,669268
2019-11-26,JPY,JAPANESE YEN,tff,40255,54702,73965,30340,-14447,43625,196894
2019-11-26,NZD,NEW ZEALAND DOLLAR,tff,10835,29151,49186,1168,-18316,48018,70840
2019-11-26,OIL,WTI CRUDE OIL,dis,58624,22891,100745,115621,35733,-14876,180174
2019-11-26,SILVER,SILVER,dis,90895,38385,69422,143295,52510,-73873,209603
2019-11-26,USD,US DOLLAR INDEX,tff,20249,1914,708,32256,18335,-31548,42191
2019-12-03,AUD,AUSTRALIAN DOLLAR,tff,53792,49844,73965,10972,3948,62993,185828
2019-12-03,CAD,CANADIAN DOLLAR,tff,56744,30759,11092,65995,25985,-54903,184060
2019-12-03,CHF,SWISS FRANC,tff,20151,20868,44976,1635,-717,43341,79183
2019-12-03,COPPER,COPPER,dis,64225,101932,99143,63515,-37707,35628,215424
2019-12-03,EUR,EURO FX,tff,43557,137918,38562,150823,-94361,-112261,590124
2019-12-03,GBP,BRITISH POUND,tff,48919,52495,59739,48833,-3576,10906,236714
2019-12-03,GOLD,GOLD,dis,346525,55820,203920,526707,290705,-322787,701016
2019-12-03,JPY,JAPANESE YEN,tff,41071,56685,71367,26917,-15614,44450,214223
2019-12-03,NZD,NEW ZEALAND DOLLAR,tff,12533,32007,43196,3890,-19474,39306,71895
2019-12-03,OIL,WTI CRUDE OIL,dis,54280,21723,89775,101830,32557,-12055,162884
2019-12-03,SILVER,SILVER,dis,89241,39014,66399,140698,50227,-74299,205807
2019-12-03,USD,US DOLLAR INDEX,tff,21586,4257,888,32216,17329,-31328,44997
2019-12-10,AUD,AUSTRALIAN DOLLAR,tff,42717,40693,69787,12070,2024,57717,181496
2019-12-10,CAD,CANADIAN DOLLAR,tff,47733,25329,9867,66012,22404,-56145,169219
2019-12-10,CHF,SWISS FRANC,tff,15047,13920,40256,1603,1127,38653,75650
2019-12-10,COPPER,COPPER,dis,79231,96379,89913,73811,-17148,16102,226987
2019-12-10,EUR,EURO FX,tff,45034,146272,32123,144361,-101238,-112238,646417
2019-12-10,GBP,BRITISH POUND,tff,45018,53333,57463,60958,-8315,-3495,256553
2019-12-10,GOLD,GOLD,dis,329169,58249,203374,505657,270920,-302283,690003
2019-12-10,JPY,JAPANESE YEN,tff,35785,46734,67095,28791,-10949,38304,198700
2019-12-10,NZD,NEW ZEALAND DOLLAR,tff,10981,32274,40012,3302,-21293,36710,75194
2019-12-10,OIL,WTI CRUDE OIL,dis,59024,23873,92810,110953,35151,-18143,171349
2019-12-10,SILVER,SILVER,dis,85617,44875,67583,130730,40742,-63147,202258
2019-12-10,USD,US DOLLAR INDEX,tff,25456,5212,828,32175,20244,-31347,47127
2019-12-17,AUD,AUSTRALIAN DOLLAR,tff,29625,41208,66349,6489,-11583,59860,153504
2019-12-17,CAD,CANADIAN DOLLAR,tff,36511,32370,6429,71471,4141,-65042,189458
2019-12-17,CHF,SWISS FRANC,tff,19684,9628,28182,2333,10056,25849,61630
2019-12-17,COPPER,COPPER,dis,95804,95635,90846,95281,169,-4435,259207
2019-12-17,EUR,EURO FX,tff,44265,148057,26947,137932,-103792,-110985,542923
2019-12-17,GBP,BRITISH POUND,tff,49753,46625,10064,33783,3128,-23719,201586
2019-12-17,GOLD,GOLD,dis,344493,58218,202432,521051,286275,-318619,716987
2019-12-17,JPY,JAPANESE YEN,tff,32394,45727,55081,14057,-13333,41024,178529
2019-12-17,NZD,NEW ZEALAND DOLLAR,tff,11414,16189,17619,506,-4775,17113,44340
2019-12-17,OIL,WTI CRUDE OIL,dis,66279,25012,97508,120970,41267,-23462,180256
2019-12-17,SILVER,SILVER,dis,88215,42434,67638,138596,45781,-70958,206302
2019-12-17,USD,US DOLLAR INDEX,tff,16939,7733,708,18083,9206,-17375,32897
2019-12-24,AUD,AUSTRALIAN DOLLAR,tff,32625,51604,63809,7186,-18979,56623,155810
2019-12-24,CAD,CANADIAN DOLLAR,tff,34245,42041,3804,71188,-7796,-67384,158666
2019-12-24,CHF,SWISS FRANC,tff,20131,12106,26603,3650,8025,22953,60450
2019-12-24,COPPER,COPPER,dis,97993,94526,89267,96683,3467,-7416,263899
2019-12-24,EUR,EURO FX,tff,42584,155491,25899,135424,-112907,-109525,540395
2019-12-24,GBP,BRITISH POUND,tff,60316,47733,5329,45062,12583,-39733,206283
2019-12-24,GOLD,GOLD,dis,364310,58658,203204,543600,305652,-340396,748737
2019-12-24,JPY,JAPANESE YEN,tff,30622,39834,51553,18995,-9212,32558,173142
2019-12-24,NZD,NEW ZEALAND DOLLAR,tff,14910,20297,17418,2064,-5387,15354,46630
2019-12-24,OIL,WTI CRUDE OIL,dis,69334,31936,100022,122266,37398,-22244,184650
2019-12-24,SILVER,SILVER,dis,101030,38608,68772,154099,62422,-85327,223046
2019-12-24,USD,US DOLLAR INDEX,tff,16502,6822,565,18093,9680,-17528,32976
2019-12-31,AUD,AUSTRALIAN DOLLAR,tff,36001,69975,57711,15404,-33974,42307,164305
2019-12-31,CAD,CANADIAN DOLLAR,tff,38431,55991,3876,77238,-17560,-73362,175666
2019-12-31,CHF,SWISS FRANC,tff,17953,15275,21650,5485,2678,16165,55514
2019-12-31,COPPER,COPPER,dis,98583,93439,87605,98663,5144,-11058,266891
2019-12-31,EUR,EURO FX,tff,44827,172022,25642,144791,-127195,-119149,557585
2019-12-31,GBP,BRITISH POUND,tff,60934,43156,4970,46396,17778,-41426,206784
2019-12-31,GOLD,GOLD,dis,381620,53695,202925,569416,327925,-366491,786166
2019-12-31,JPY,JAPANESE YEN,tff,32687,43688,50721,20561,-11001,30160,174966
2019-12-31,NZD,NEW ZEALAND DOLLAR,tff,15695,25222,11971,2972,-9527,8999,48744
2019-12-31,OIL,WTI CRUDE OIL,dis,68141,33036,102334,122556,35105,-20222,187390
2019-12-31,SILVER,SILVER,dis,106310,36582,64730,161382,69728,-96652,229680
2019-12-31,USD,US DOLLAR INDEX,tff,22740,8731,665,18093,14009,-17428,35967
2020-01-07,AUD,AUSTRALIAN DOLLAR,tff,42542,65479,34551,16447,-22937,18104,157739
2020-01-07,CAD,CANADIAN DOLLAR,tff,40869,44126,7230,97043,-3257,-89813,189996
2020-01-07,CHF,SWISS FRANC,tff,15146,10984,17336,5776,4162,11560,49365
2020-01-07,COPPER,COPPER,dis,92710,95850,92237,95035,-3140,-2798,270889
2020-01-07,EUR,EURO FX,tff,42151,159703,25266,157726,-117552,-132460,555940
2020-01-07,GBP,BRITISH POUND,tff,57997,40353,3585,48565,17644,-44980,197490
2020-01-07,GOLD,GOLD,dis,383480,61189,202452,558533,322291,-356081,785857
2020-01-07,JPY,JAPANESE YEN,tff,35369,43313,37708,24086,-7944,13622,162094
2020-01-07,NZD,NEW ZEALAND DOLLAR,tff,16674,24823,10535,6241,-8149,4294,50802
2020-01-07,OIL,WTI CRUDE OIL,dis,55333,31621,89175,98778,23712,-9603,167163
2020-01-07,SILVER,SILVER,dis,109224,41971,66666,157840,67253,-91174,234324
2020-01-07,USD,US DOLLAR INDEX,tff,22182,7087,450,18093,15095,-17643,35179
2020-01-14,AUD,AUSTRALIAN DOLLAR,tff,39012,42412,32067,18222,-3400,13845,144568
2020-01-14,CAD,CANADIAN DOLLAR,tff,45442,36664,6980,105983,8778,-99003,190229
2020-01-14,CHF,SWISS FRANC,tff,16561,7653,13978,9732,8908,4246,49118
2020-01-14,COPPER,COPPER,dis,103537,100070,88559,97830,3467,-9271,281166
2020-01-14,EUR,EURO FX,tff,41577,150952,27371,165063,-109375,-137692,571239
2020-01-14,GBP,BRITISH POUND,tff,58730,37522,10998,47505,21208,-36507,196536
2020-01-14,GOLD,GOLD,dis,376809,57574,221358,571177,319235,-349819,796883
2020-01-14,JPY,JAPANESE YEN,tff,37940,53619,62240,19359,-15679,42881,183863
2020-01-14,NZD,NEW ZEALAND DOLLAR,tff,14391,20885,10911,7497,-6494,3414,48651
2020-01-14,OIL,WTI CRUDE OIL,dis,54361,32667,91603,99555,21694,-7952,168745
2020-01-14,SILVER,SILVER,dis,110762,43389,64104,156461,67373,-92357,234639
2020-01-14,USD,US DOLLAR INDEX,tff,19859,8186,380,18093,11673,-17713,36189
2020-01-21,AUD,AUSTRALIAN DOLLAR,tff,37790,34130,34109,15499,3660,18610,139478
2020-01-21,CAD,CANADIAN DOLLAR,tff,47510,32824,6703,104146,14686,-97443,188596
2020-01-21,CHF,SWISS FRANC,tff,17327,7530,12078,13141,9797,-1063,50368
2020-01-21,COPPER,COPPER,dis,103727,97938,86080,97982,5789,-11902,282358
2020-01-21,EUR,EURO FX,tff,46342,147131,26912,169292,-100789,-142380,582164
2020-01-21,GBP,BRITISH POUND,tff,52607,37135,11630,44004,15472,-32374,194625
2020-01-21,GOLD,GOLD,dis,374793,57098,212445,564348,317695,-351903,793829
2020-01-21,JPY,JAPANESE YEN,tff,37383,61592,80528,20850,-24209,59678,203579
2020-01-21,NZD,NEW ZEALAND DOLLAR,tff,15226,18670,10304,8882,-3444,1422,48300
2020-01-21,OIL,WTI CRUDE OIL,dis,53415,33148,98509,100519,20267,-2010,171812
2020-01-21,SILVER,SILVER,dis,109144,40269,63830,158058,68875,-94228,233858
2020-01-21,USD,US DOLLAR INDEX,tff,18165,8560,380,18147,9605,-17767,35878
2020-01-28,AUD,AUSTRALIAN DOLLAR,tff,41534,27206,46850,12497,14328,34353,156721
2020-01-28,CAD,CANADIAN DOLLAR,tff,51738,33164,13768,94289,18574,-80521,185499
2020-01-28,CHF,SWISS FRANC,tff,18104,4458,12653,13130,13646,-477,51440
2020-01-28,COPPER,COPPER,dis,77213,91603,90138,80793,-14390,9345,248958
2020-01-28,EUR,EURO FX,tff,55726,159127,31072,158705,-103401,-127633,598793
2020-01-28,GBP,BRITISH POUND,tff,51068,41828,19717,39656,9240,-19939,203169
2020-01-28,GOLD,GOLD,dis,376401,46309,192300,553114,330092,-360814,715539
2020-01-28,JPY,JAPANESE YEN,tff,32378,47689,73465,19225,-15311,54240,184919
2020-01-28,NZD,NEW ZEALAND DOLLAR,tff,14039,17744,10098,8580,-3705,1518,46500
2020-01-28,OIL,WTI CRUDE OIL,dis,54578,32530,99379,105163,22048,-5784,174238
2020-01-28,SILVER,SILVER,dis,105637,42220,65248,154419,63417,-89171,231933
2020-01-28,USD,US DOLLAR INDEX,tff,12803,10050,380,18093,2753,-17713,36000
2020-02-04,AUD,AUSTRALIAN DOLLAR,tff,46336,40305,74190,7691,6031,66499,180856
2020-02-04,CAD,CANADIAN DOLLAR,tff,53152,33354,13950,75775,19798,-61825,174000
2020-02-04,CHF,SWISS FRANC,tff,19893,4418,9512,13728,15475,-4216,49855
2020-02-04,COPPER,COPPER,dis,69638,103957,105011,75536,-34319,29475,264032
2020-02-04,EUR,EURO FX,tff,46758,163930,30736,147847,-117172,-117111,594698
2020-02-04,GBP,BRITISH POUND,tff,55342,47159,22295,42206,8183,-19911,208165
2020-02-04,GOLD,GOLD,dis,355909,56103,176786,508473,299806,-331687,654572
2020-02-04,JPY,JAPANESE YEN,tff,42149,44275,67229,25527,-2126,41702,190079
2020-02-04,NZD,NEW ZEALAND DOLLAR,tff,15976,17953,11773,5203,-1977,6570,43692
2020-02-04,OIL,WTI CRUDE OIL,dis,48019,30402,89021,95317,17617,-6296,158991
2020-02-04,SILVER,SILVER,dis,97078,29275,66390,157746,67803,-91356,224936
2020-02-04,USD,US DOLLAR INDEX,tff,13950,12827,490,18093,1123,-17603,36874
2020-02-11,AUD,AUSTRALIAN DOLLAR,tff,45950,33547,71235,10059,12403,61176,177528
2020-02-11,CAD,CANADIAN DOLLAR,tff,57146,38168,12389,48979,18978,-36590,166914
2020-02-11,CHF,SWISS FRANC,tff,21539,5951,10173,11464,15588,-1291,51465
2020-02-11,COPPER,COPPER,dis,67556,113215,117426,77003,-45659,40423,269208
2020-02-11,EUR,EURO FX,tff,44521,178070,27850,145522,-133549,-117672,612444
2020-02-11,GBP,BRITISH POUND,tff,63250,42175,17389,46465,21075,-29076,212228
2020-02-11,GOLD,GOLD,dis,356535,48561,181629,519420,307974,-337791,658024
2020-02-11,JPY,JAPANESE YEN,tff,36627,40000,74571,24227,-3373,50344,193822
2020-02-11,NZD,NEW ZEALAND DOLLAR,tff,17363,19135,15436,5588,-1772,9848,48946
2020-02-11,OIL,WTI CRUDE OIL,dis,48970,30330,89504,96712,18640,-7208,162387
2020-02-11,SILVER,SILVER,dis,96395,28758,68930,161387,67637,-92457,221858
2020-02-11,USD,US DOLLAR INDEX,tff,22692,22766,450,20281,-74,-19831,49634
2020-02-18,AUD,AUSTRALIAN DOLLAR,tff,46436,36570,75593,9330,9866,66263,187455
2020-02-18,CAD,CANADIAN DOLLAR,tff,52840,39184,15190,46190,13656,-31000,164698
2020-02-18,CHF,SWISS FRANC,tff,22199,8388,12377,7299,13811,5078,52520
2020-02-18,COPPER,COPPER,dis,70397,112410,114476,76846,-42013,37630,275462
2020-02-18,EUR,EURO FX,tff,48476,186683,31811,135546,-138207,-103735,617487
2020-02-18,GBP,BRITISH POUND,tff,70893,42114,15018,57353,28779,-42335,216933
2020-02-18,GOLD,GOLD,dis,408349,54700,175519,561131,353649,-385612,715317
2020-02-18,JPY,JAPANESE YEN,tff,41471,45153,79838,24728,-3682,55110,203631
2020-02-18,NZD,NEW ZEALAND DOLLAR,tff,16501,20481,23580,3802,-3980,19778,52585
2020-02-18,OIL,WTI CRUDE OIL,dis,48054,30918,90893,95858,17136,-4965,164436
2020-02-18,SILVER,SILVER,dis,107940,30063,69992,170773,77877,-100781,238077
2020-02-18,USD,US DOLLAR INDEX,tff,22744,16359,450,25890,6385,-25440,48471
2020-02-25,AUD,AUSTRALIAN DOLLAR,tff,55391,38068,88737,10275,17323,78462,213324
2020-02-25,CAD,CANADIAN DOLLAR,tff,54605,36098,12625,51165,18507,-38540,168819
2020-02-25,CHF,SWISS FRANC,tff,24148,10966,16465,6453,13182,10012,57192
2020-02-25,COPPER,COPPER,dis,69989,114208,112376,69767,-44219,42609,260777
2020-02-25,EUR,EURO FX,tff,49751,195284,32179,122225,-145533,-90046,625563
2020-02-25,GBP,BRITISH POUND,tff,71438,39705,16271,48551,31733,-32280,211321
2020-02-25,GOLD,GOLD,dis,389339,53474,176619,552240,335865,-375621,732917
2020-02-25,JPY,JAPANESE YEN,tff,38795,68379,105278,15549,-29584,89729,223904
2020-02-25,NZD,NEW ZEALAND DOLLAR,tff,18548,23285,28305,2972,-4737,25333,58240
2020-02-25,OIL,WTI CRUDE OIL,dis,50032,30520,92938,99370,19512,-6432,167952
2020-02-25,SILVER,SILVER,dis,107490,32697,70697,170057,74793,-99360,238970
2020-02-25,USD,US DOLLAR INDEX,tff,21164,15277,595,26500,5887,-25905,47885
2020-03-03,AUD,AUSTRALIAN DOLLAR,tff,58831,51047,100273,7315,7784,92958,223084
2020-03-03,CAD,CANADIAN DOLLAR,tff,51020,35886,14986,42696,15134,-27710,160511
2020-03-03,CHF,SWISS FRANC,tff,19055,15415,9938,9533,3640,405,54436
2020-03-03,COPPER,COPPER,dis,66736,105616,107837,69326,-38880,38511,242931
2020-03-03,EUR,EURO FX,tff,42754,183133,29626,170652,-140379,-141026,640357
2020-03-03,GBP,BRITISH POUND,tff,80489,36804,30751,40063,43685,-9312,214672
2020-03-03,GOLD,GOLD,dis,366173,46440,178134,529145,319733,-351011,691985
2020-03-03,JPY,JAPANESE YEN,tff,35012,76283,76432,23919,-41271,52513,198404
2020-03-03,NZD,NEW ZEALAND DOLLAR,tff,20209,25970,31076,2206,-5761,28870,62847
2020-03-03,OIL,WTI CRUDE OIL,dis,51685,27276,83762,95709,24409,-11947,157649
2020-03-03,SILVER,SILVER,dis,82570,34267,69143,137587,48303,-68444,196909
2020-03-03,USD,US DOLLAR INDEX,tff,14300,7123,605,26491,7177,-25886,39782
2020-03-10,AUD,AUSTRALIAN DOLLAR,tff,39543,40349,99578,10318,-806,89260,211243
2020-03-10,CAD,CANADIAN DOLLAR,tff,41974,38387,32107,40804,3587,-8697,175226
2020-03-10,CHF,SWISS FRANC,tff,17327,13225,1483,14022,4102,-12539,50474
2020-03-10,COPPER,COPPER,dis,60208,99274,103923,63737,-39066,40186,227198
2020-03-10,EUR,EURO FX,tff,38294,145905,30452,284950,-107611,-254498,659151
2020-03-10,GBP,BRITISH POUND,tff,59969,29981,27866,40886,29988,-13020,214185
2020-03-10,GOLD,GOLD,dis,336290,36759,182948,511252,299531,-328304,633470
2020-03-10,JPY,JAPANESE YEN,tff,42591,48693,20399,30609,-6102,-10210,159128
2020-03-10,NZD,NEW ZEALAND DOLLAR,tff,19986,21483,29035,2210,-1497,26825,71034
2020-03-10,OIL,WTI CRUDE OIL,dis,51974,26994,85798,95244,24980,-9446,159202
2020-03-10,SILVER,SILVER,dis,75117,30170,71377,131713,44947,-60336,187060
2020-03-10,USD,US DOLLAR INDEX,tff,28243,10451,495,25064,17792,-24569,44951
2020-03-17,AUD,AUSTRALIAN DOLLAR,tff,30851,30797,67295,9634,54,57661,149878
2020-03-17,CAD,CANADIAN DOLLAR,tff,33870,38426,39307,23568,-4556,15739,183137
2020-03-17,CHF,SWISS FRANC,tff,15953,8535,0,11363,7418,-11363,35254
2020-03-17,COPPER,COPPER,dis,54628,92683,99906,60104,-38055,39802,215842
2020-03-17,EUR,EURO FX,tff,38965,101775,35155,306928,-62810,-271773,588116
2020-03-17,GBP,BRITISH POUND,tff,65369,31843,39482,20594,33526,18888,182109
2020-03-17,GOLD,GOLD,dis,317405,35489,154761,456470,281916,-301709,573925
2020-03-17,JPY,JAPANESE YEN,tff,36209,31286,7654,34801,4923,-27147,125769
2020-03-17,NZD,NEW ZEALAND DOLLAR,tff,17985,18825,21255,2342,-840,18913,44688
2020-03-17,OIL,WTI CRUDE OIL,dis,51557,26033,85252,97191,25524,-11939,162156
2020-03-17,SILVER,SILVER,dis,61215,19247,66031,120678,41968,-54647,166682
2020-03-17,USD,US DOLLAR INDEX,tff,10935,14668,621,4947,-3733,-4326,25322
2020-03-24,AUD,AUSTRALIAN DOLLAR,tff,24807,32697,62819,10799,-7890,52020,135097
2020-03-24,CAD,CANADIAN DOLLAR,tff,12822,38357,27251,6652,-25535,20599,124226
2020-03-24,CHF,SWISS FRANC,tff,13843,5135,1487,9672,8708,-8185,30767
2020-03-24,COPPER,COPPER,dis,46499,72946,89316,58496,-26447,30820,183715
2020-03-24,EUR,EURO FX,tff,43370,85717,34420,294478,-42347,-260058,571086
2020-03-24,GBP,BRITISH POUND,tff,52985,29519,52751,15180,23466,37571,179552
2020-03-24,GOLD,GOLD,dis,317928,29562,135711,447534,288366,-311823,547334
2020-03-24,JPY,JAPANESE YEN,tff,39271,32971,13311,30396,6300,-17085,125594
2020-03-24,NZD,NEW ZEALAND DOLLAR,tff,13874,14524,18281,3623,-650,14658,37622
2020-03-24,OIL,WTI CRUDE OIL,dis,50852,28826,91160,97804,22026,-6644,167726
2020-03-24,SILVER,SILVER,dis,53077,19390,64915,109595,33687,-44680,150700
2020-03-24,USD,US DOLLAR INDEX,tff,11044,14605,703,7584,-3561,-6881,28338
2020-03-31,AUD,AUSTRALIAN DOLLAR,tff,25285,37447,62912,11557,-12162,51355,130982
2020-03-31,CAD,CANADIAN DOLLAR,tff,13940,33657,24911,14098,-19717,10813,122891
2020-03-31,CHF,SWISS FRANC,tff,13029,5884,1658,9490,7145,-7832,29657
2020-03-31,COPPER,COPPER,dis,42278,67111,92716,64860,-24833,27856,182253
2020-03-31,EUR,EURO FX,tff,43712,79721,35658,300144,-36009,-264486,551752
2020-03-31,GBP,BRITISH POUND,tff,42679,29439,48934,15326,13240,33608,165226
2020-03-31,GOLD,GOLD,dis,287529,28680,128083,412042,258849,-283959,495652
2020-03-31,JPY,JAPANESE YEN,tff,22311,33230,15719,34119,-10919,-18400,120270
2020-03-31,NZD,NEW ZEALAND DOLLAR,tff,14576,16284,18327,3669,-1708,14658,39144
2020-03-31,OIL,WTI CRUDE OIL,dis,57012,30462,109855,118027,26550,-8172,185124
2020-03-31,SILVER,SILVER,dis,47050,16172,64811,106111,30878,-41300,139256
2020-03-31,USD,US DOLLAR INDEX,tff,9065,14057,783,9185,-4992,-8402,28972
2020-04-07,AUD,AUSTRALIAN DOLLAR,tff,24417,35776,61923,14041,-11359,47882,130056
2020-04-07,CAD,CANADIAN DOLLAR,tff,7996,35373,26355,9555,-27377,16800,117523
2020-04-07,CHF,SWISS FRANC,tff,13826,5622,2363,9743,8204,-7380,30391
2020-04-07,COPPER,COPPER,dis,41631,67207,92012,65250,-25576,26762,185408
2020-04-07,EUR,EURO FX,tff,48500,76019,30805,309723,-27519,-278918,554697
2020-04-07,GBP,BRITISH POUND,tff,33761,25145,42954,17378,8616,25576,150318
2020-04-07,GOLD,GOLD,dis,279880,30938,118885,394496,248942,-275611,480050
2020-04-07,JPY,JAPANESE YEN,tff,22961,28679,13648,35829,-5718,-22181,118595
2020-04-07,NZD,NEW ZEALAND DOLLAR,tff,16323,16344,18120,4519,-21,13601,40306
2020-04-07,OIL,WTI CRUDE OIL,dis,44195,29453,105148,102103,14742,3045,169482
2020-04-07,SILVER,SILVER,dis,46471,16754,63121,106108,29717,-42987,138974
2020-04-07,USD,US DOLLAR INDEX,tff,9109,12936,691,9577,-3827,-8886,28696
2020-04-14,AUD,AUSTRALIAN DOLLAR,tff,19782,35974,64207,15589,-16192,48618,128258
2020-04-14,CAD,CANADIAN DOLLAR,tff,8921,35191,28353,9160,-26270,19193,119798
2020-04-14,CHF,SWISS FRANC,tff,14650,6991,2228,10275,7659,-8047,32718
2020-04-14,COPPER,COPPER,dis,42230,66960,95674,69875,-24730,25799,194265
2020-04-14,EUR,EURO FX,tff,51052,72530,30783,309033,-21478,-278250,543361
2020-04-14,GBP,BRITISH POUND,tff,33596,26037,44103,17484,7559,26619,153088
2020-04-14,GOLD,GOLD,dis,286617,34116,116839,397247,252501,-280408,489965
2020-04-14,JPY,JAPANESE YEN,tff,21367,30209,14063,42999,-8842,-28936,122929
2020-04-14,NZD,NEW ZEALAND DOLLAR,tff,14328,15178,19511,4919,-850,14592,39812
2020-04-14,OIL,WTI CRUDE OIL,dis,47391,29475,108915,111665,17916,-2750,173430
2020-04-14,SILVER,SILVER,dis,48003,17449,64266,107722,30554,-43456,143477
2020-04-14,USD,US DOLLAR INDEX,tff,10812,12923,861,10037,-2111,-9176,29664
2020-04-21,AUD,AUSTRALIAN DOLLAR,tff,20423,35809,63256,16846,-15386,46410,126180
2020-04-21,CAD,CANADIAN DOLLAR,tff,10222,37067,30024,5601,-26845,24423,121213
2020-04-21,CHF,SWISS FRANC,tff,15797,7430,1740,10544,8367,-8804,35026
2020-04-21,COPPER,COPPER,dis,46338,67260,86108,62826,-20922,23282,181947
2020-04-21,EUR,EURO FX,tff,53217,72546,31161,306834,-19329,-275673,546661
2020-04-21,GBP,BRITISH POUND,tff,30806,29627,54903,16414,1179,38489,158788
2020-04-21,GOLD,GOLD,dis,282263,32692,116808,396881,249571,-280073,493158
2020-04-21,JPY,JAPANESE YEN,tff,25617,32530,12537,47680,-6913,-35143,128272
2020-04-21,NZD,NEW ZEALAND DOLLAR,tff,13582,15057,19605,4341,-1475,15264,39153
2020-04-21,OIL,WTI CRUDE OIL,dis,52806,29889,117592,123925,22917,-6333,185356
2020-04-21,SILVER,SILVER,dis,46688,18180,63216,102551,28508,-39335,139607
2020-04-21,USD,US DOLLAR INDEX,tff,11848,14451,805,9877,-2603,-9072,31390
2020-04-28,AUD,AUSTRALIAN DOLLAR,tff,20355,36793,62701,18369,-16438,44332,129162
2020-04-28,CAD,CANADIAN DOLLAR,tff,7783,38130,29960,5994,-30347,23966,117660
2020-04-28,CHF,SWISS FRANC,tff,15322,6525,3052,11482,8797,-8430,36326
2020-04-28,COPPER,COPPER,dis,46958,63741,76363,56880,-16783,19483,167291
2020-04-28,EUR,EURO FX,tff,55128,74633,36440,295274,-19505,-258834,545082
2020-04-28,GBP,BRITISH POUND,tff,35302,36339,55022,15645,-1037,39377,162868
2020-04-28,GOLD,GOLD,dis,287382,24653,114902,408531,262729,-293629,500816
2020-04-28,JPY,JAPANESE YEN,tff,30480,32368,11744,62134,-1888,-50390,143835
2020-04-28,NZD,NEW ZEALAND DOLLAR,tff,14316,16551,20166,5211,-2235,14955,41267
2020-04-28,OIL,WTI CRUDE OIL,dis,60777,29848,124906,142283,30929,-17377,201599
2020-04-28,SILVER,SILVER,dis,45020,19515,62881,99738,25505,-36857,138349
2020-04-28,USD,US DOLLAR INDEX,tff,12290,15706,1055,9952,-3416,-8897,32622
2020-05-05,AUD,AUSTRALIAN DOLLAR,tff,21862,35326,62996,19988,-13464,43008,129293
2020-05-05,CAD,CANADIAN DOLLAR,tff,9892,39311,28962,6620,-29419,22342,119300
2020-05-05,CHF,SWISS FRANC,tff,15807,5185,4050,12502,10622,-8452,36257
2020-05-05,COPPER,COPPER,dis,46074,65231,73112,52136,-19157,20976,162899
2020-05-05,EUR,EURO FX,tff,54435,78604,37803,287314,-24169,-249511,541624
2020-05-05,GBP,BRITISH POUND,tff,31626,37810,56658,11079,-6184,45579,161083
2020-05-05,GOLD,GOLD,dis,275571,25567,120045,401681,250004,-281636,490343
2020-05-05,JPY,JAPANESE YEN,tff,33055,31856,12326,72132,1199,-59806,152042
2020-05-05,NZD,NEW ZEALAND DOLLAR,tff,16275,19506,21622,4433,-3231,17189,44372
2020-05-05,OIL,WTI CRUDE OIL,dis,55672,27353,107404,122859,28319,-15455,176143
2020-05-05,SILVER,SILVER,dis,44052,21137,60917,94865,22915,-33948,132573
2020-05-05,USD,US DOLLAR INDEX,tff,11003,14714,875,10787,-3711,-9912,31555
2020-05-12,AUD,AUSTRALIAN DOLLAR,tff,22806,36976,62344,19326,-14170,43018,129264
2020-05-12,CAD,CANADIAN DOLLAR,tff,9887,41021,30560,6748,-31134,23812,120453
2020-05-12,CHF,SWISS FRANC,tff,15358,5562,4505,15676,9796,-11171,40469
2020-05-12,COPPER,COPPER,dis,48104,63633,72956,55684,-15529,17272,168470
2020-05-12,EUR,EURO FX,tff,51313,78126,44682,287340,-26813,-242658,547329
2020-05-12,GBP,BRITISH POUND,tff,34859,40799,59875,8969,-5940,50906,166568
2020-05-12,GOLD,GOLD,dis,277771,34943,126023,404556,242828,-278533,496739
2020-05-12,JPY,JAPANESE YEN,tff,31770,31054,10372,71506,716,-61134,153370
2020-05-12,NZD,NEW ZEALAND DOLLAR,tff,16275,20926,22187,4381,-4651,17806,45368
2020-05-12,OIL,WTI CRUDE OIL,dis,58978,27233,105823,130570,31745,-24747,179453
2020-05-12,SILVER,SILVER,dis,44757,18984,59195,99876,25773,-40681,135987
2020-05-12,USD,US DOLLAR INDEX,tff,11754,13757,865,11268,-2003,-10403,31123
2020-05-19,AUD,AUSTRALIAN DOLLAR,tff,24620,36872,62779,20930,-12252,41849,132797
2020-05-19,CAD,CANADIAN DOLLAR,tff,16174,50218,30780,8461,-34044,22319,130099
2020-05-19,CHF,SWISS FRANC,tff,16397,4944,3831,14196,11453,-10365,38746
2020-05-19,COPPER,COPPER,dis,51254,64670,73989,58143,-13416,15846,171040
2020-05-19,EUR,EURO FX,tff,48455,79962,42690,281244,-31507,-238554,547206
2020-05-19,GBP,BRITISH POUND,tff,38837,45664,67031,9324,-6827,57707,179734
2020-05-19,GOLD,GOLD,dis,295394,43606,133715,423889,251788,-290174,528205
2020-05-19,JPY,JAPANESE YEN,tff,32609,25502,9228,69740,7107,-60512,147975
2020-05-19,NZD,NEW ZEALAND DOLLAR,tff,14881,18691,21884,4262,-3810,17622,44143
2020-05-19,OIL,WTI CRUDE OIL,dis,63293,27233,106496,130037,36060,-23541,184737
2020-05-19,SILVER,SILVER,dis,54391,23463,64331,109220,30928,-44889,151890
2020-05-19,USD,US DOLLAR INDEX,tff,12008,13180,1025,12288,-1172,-11263,31477
2020-05-26,AUD,AUSTRALIAN DOLLAR,tff,25027,39299,62681,21440,-14272,41241,136920
2020-05-26,CAD,CANADIAN DOLLAR,tff,15686,49062,30312,9742,-33376,20570,129849
2020-05-26,CHF,SWISS FRANC,tff,16143,4501,4279,15088,11642,-10809,39072
2020-05-26,COPPER,COPPER,dis,50347,59986,73537,63507,-9639,10030,175499
2020-05-26,EUR,EURO FX,tff,52480,83302,40084,288477,-30822,-248393,556749
2020-05-26,GBP,BRITISH POUND,tff,41783,50775,70988,9458,-8992,61530,188650
2020-05-26,GOLD,GOLD,dis,288148,50234,131977,406299,237914,-274322,519374
2020-05-26,JPY,JAPANESE YEN,tff,38968,25605,10756,77745,13363,-66989,156827
2020-05-26,NZD,NEW ZEALAND DOLLAR,tff,15082,20439,21577,6177,-5357,15400,45668
2020-05-26,OIL,WTI CRUDE OIL,dis,68839,27113,106681,134813,41726,-28132,190445
2020-05-26,SILVER,SILVER,dis,61525,24336,63923,114515,37189,-50592,158185
2020-05-26,USD,US DOLLAR INDEX,tff,9831,10229,1045,12288,-398,-11243,28298
2020-06-02,AUD,AUSTRALIAN DOLLAR,tff,23176,44451,58688,20915,-21275,37773,135378
2020-06-02,CAD,CANADIAN DOLLAR,tff,11706,50016,29792,15991,-38310,13801,128476
2020-06-02,CHF,SWISS FRANC,tff,16287,3882,3679,15734,12405,-12055,40352
2020-06-02,COPPER,COPPER,dis,56002,56948,73316,71633,-946,1683,182043
2020-06-02,EUR,EURO FX,tff,52066,83119,36698,304195,-31053,-267497,583384
2020-06-02,GBP,BRITISH POUND,tff,32685,53148,75882,8721,-20463,67161,190138
2020-06-02,GOLD,GOLD,dis,272196,53162,108654,365277,219034,-256623,475745
2020-06-02,JPY,JAPANESE YEN,tff,41929,31779,10315,67947,10150,-57632,158743
2020-06-02,NZD,NEW ZEALAND DOLLAR,tff,16123,20823,20205,7752,-4700,12453,46537
2020-06-02,OIL,WTI CRUDE OIL,dis,57972,24490,84857,103021,33482,-18164,156023
2020-06-02,SILVER,SILVER,dis,64997,27773,67850,121797,37224,-53947,169670
2020-06-02,USD,US DOLLAR INDEX,tff,8704,6532,1105,12288,2172,-11183,26006
2020-06-09,AUD,AUSTRALIAN DOLLAR,tff,25811,44723,50888,24312,-18912,26576,138936
2020-06-09,CAD,CANADIAN DOLLAR,tff,11028,46013,26120,14666,-34985,11454,120459
2020-06-09,CHF,SWISS FRANC,tff,13609,9431,4320,14047,4178,-9727,41580
2020-06-09,COPPER,COPPER,dis,60810,48499,71994,84330,12311,-12336,181310
2020-06-09,EUR,EURO FX,tff,51348,84377,38029,329966,-33029,-291937,592915
2020-06-09,GBP,BRITISH POUND,tff,29691,46678,70928,8278,-16987,62650,185606
2020-06-09,GOLD,GOLD,dis,263972,55359,110115,353572,208613,-243457,475661
2020-06-09,JPY,JAPANESE YEN,tff,28049,30670,13331,56966,-2621,-43635,155159
2020-06-09,NZD,NEW ZEALAND DOLLAR,tff,14855,23060,18207,10214,-8205,7993,46711
2020-06-09,OIL,WTI CRUDE OIL,dis,59121,24406,86569,106012,34715,-19443,159745
2020-06-09,SILVER,SILVER,dis,65660,32295,69696,119867,33365,-50171,175240
2020-06-09,USD,US DOLLAR INDEX,tff,18938,11361,1105,12288,7577,-11183,33934
2020-06-16,AUD,AUSTRALIAN DOLLAR,tff,24878,14748,10918,18257,10130,-7339,90803
2020-06-16,CAD,CANADIAN DOLLAR,tff,7860,43764,24679,22498,-35904,2181,125654
2020-06-16,CHF,SWISS FRANC,tff,13631,7231,0,12786,6400,-12786,35733
2020-06-16,COPPER,COPPER,dis,57146,47544,74629,86780,9602,-12151,180741
2020-06-16,EUR,EURO FX,tff,47845,66789,26123,335609,-18944,-309486,574939
2020-06-16,GBP,BRITISH POUND,tff,29277,39660,70757,6202,-10383,64555,166808
2020-06-16,GOLD,GOLD,dis,277395,53047,110922,368942,224348,-258020,489563
2020-06-16,JPY,JAPANESE YEN,tff,20213,21112,4484,57516,-899,-53032,127287
2020-06-16,NZD,NEW ZEALAND DOLLAR,tff,11834,12790,5442,2998,-956,2444,27321
2020-06-16,OIL,WTI CRUDE OIL,dis,62318,24028,86763,109107,38290,-22344,165113
2020-06-16,SILVER,SILVER,dis,66664,30042,70308,119338,36622,-49030,174386
2020-06-16,USD,US DOLLAR INDEX,tff,6739,12116,694,0,-5377,694,19869
2020-06-23,AUD,AUSTRALIAN DOLLAR,tff,28970,16228,9278,19685,12742,-10407,93782
2020-06-23,CAD,CANADIAN DOLLAR,tff,10913,40840,10724,13892,-29927,-3168,105412
2020-06-23,CHF,SWISS FRANC,tff,15981,9301,0,16026,6680,-16026,42299
2020-06-23,COPPER,COPPER,dis,63749,47051,75997,94415,16698,-18418,190457
2020-06-23,EUR,EURO FX,tff,52353,67326,27230,345072,-14973,-317842,585421
2020-06-23,GBP,BRITISH POUND,tff,29090,42699,71059,6322,-13609,64737,170455
2020-06-23,GOLD,GOLD,dis,308459,56502,114410,401702,251957,-287292,532101
2020-06-23,JPY,JAPANESE YEN,tff,25682,23972,4758,73055,1710,-68297,144549
2020-06-23,NZD,NEW ZEALAND DOLLAR,tff,11027,13612,5558,3454,-2585,2104,29351
2020-06-23,OIL,WTI CRUDE OIL,dis,61913,26989,87323,108856,34924,-21533,169081
2020-06-23,SILVER,SILVER,dis,71859,33936,69758,120595,37923,-50837,183444
2020-06-23,USD,US DOLLAR INDEX,tff,9074,13935,841,0,-4861,841,21601
2020-06-30,AUD,AUSTRALIAN DOLLAR,tff,34101,18211,9063,23542,15890,-14479,100658
2020-06-30,CAD,CANADIAN DOLLAR,tff,16878,44408,13483,20102,-27530,-6619,118197
2020-06-30,CHF,SWISS FRANC,tff,16076,7621,0,16904,8455,-16904,41400
2020-06-30,COPPER,COPPER,dis,68377,47800,75035,96719,20577,-21684,193194
2020-06-30,EUR,EURO FX,tff,45082,76489,26432,334405,-31407,-307973,579738
2020-06-30,GBP,BRITISH POUND,tff,35146,49401,81609,6290,-14255,75319,186144
2020-06-30,GOLD,GOLD,dis,328942,62272,116697,418160,266670,-301463,561628
2020-06-30,JPY,JAPANESE YEN,tff,19963,19211,5285,65602,752,-60317,137362
2020-06-30,NZD,NEW ZEALAND DOLLAR,tff,11107,14765,6182,4906,-3658,1276,30845
2020-06-30,OIL,WTI CRUDE OIL,dis,63427,29341,90531,103477,34086,-12946,174157
2020-06-30,SILVER,SILVER,dis,78746,41145,56406,106680,37601,-50274,169418
2020-06-30,USD,US DOLLAR INDEX,tff,7146,12028,743,0,-4882,743,19441
2020-07-07,AUD,AUSTRALIAN DOLLAR,tff,38745,21087,8219,30124,17658,-21905,105115
2020-07-07,CAD,CANADIAN DOLLAR,tff,19498,44126,15796,21185,-24628,-5389,121226
2020-07-07,CHF,SWISS FRANC,tff,15438,8942,0,18456,6496,-18456,45115
2020-07-07,COPPER,COPPER,dis,77377,53565,73363,100116,23812,-26753,206843
2020-07-07,EUR,EURO FX,tff,49579,76501,27430,354567,-26922,-327137,593341
2020-07-07,GBP,BRITISH POUND,tff,38060,49395,71266,6608,-11335,64658,180696
2020-07-07,GOLD,GOLD,dis,337030,69672,118424,421016,267358,-302592,572776
2020-07-07,JPY,JAPANESE YEN,tff,17899,26095,7487,59865,-8196,-52378,138313
2020-07-07,NZD,NEW ZEALAND DOLLAR,tff,10437,13670,7080,4367,-3233,2713,31229
2020-07-07,OIL,WTI CRUDE OIL,dis,57762,26912,76569,92555,30850,-15986,151918
2020-07-07,SILVER,SILVER,dis,80741,42916,52444,105086,37825,-52642,169513
2020-07-07,USD,US DOLLAR INDEX,tff,9576,14180,804,0,-4604,804,22869
2020-07-14,AUD,AUSTRALIAN DOLLAR,tff,40731,16313,8282,32060,24418,-23778,107237
2020-07-14,CAD,CANADIAN DOLLAR,tff,16852,43179,17660,22359,-26327,-4699,148003
2020-07-14,CHF,SWISS FRANC,tff,17594,9238,0,21704,8356,-21704,48430
2020-07-14,COPPER,COPPER,dis,89241,55833,72461,109696,33408,-37235,221410
2020-07-14,EUR,EURO FX,tff,53992,79311,26642,372706,-25319,-346064,604982
2020-07-14,GBP,BRITISH POUND,tff,43662,51879,63888,6587,-8217,57301,179340
2020-07-14,GOLD,GOLD,dis,330205,67777,125909,427927,262428,-302018,580175
2020-07-14,JPY,JAPANESE YEN,tff,18119,26274,6351,59740,-8155,-53389,135263
2020-07-14,NZD,NEW ZEALAND DOLLAR,tff,11450,14626,6440,5564,-3176,876,33202
2020-07-14,OIL,WTI CRUDE OIL,dis,60289,27311,77845,95746,32978,-17901,156210
2020-07-14,SILVER,SILVER,dis,85679,41810,52696,112891,43869,-60195,178367
2020-07-14,USD,US DOLLAR INDEX,tff,10332,13940,879,0,-3608,879,23499
2020-07-21,AUD,AUSTRALIAN DOLLAR,tff,37413,14748,7470,29885,22665,-22415,108952
2020-07-21,CAD,CANADIAN DOLLAR,tff,23063,50592,28663,43678,-27529,-15015,143606
2020-07-21,CHF,SWISS FRANC,tff,17895,9895,0,23100,8000,-23100,51006
2020-07-21,COPPER,COPPER,dis,95888,57254,71193,113122,38634,-41929,227565
2020-07-21,EUR,EURO FX,tff,59583,74578,26776,404926,-14995,-378150,636212
2020-07-21,GBP,BRITISH POUND,tff,42293,55921,53752,6563,-13628,47189,180337
2020-07-21,GOLD,GOLD,dis,334237,67801,129690,433549,266436,-303859,603138
2020-07-21,JPY,JAPANESE YEN,tff,22763,32414,6168,64511,-9651,-58343,142686
2020-07-21,NZD,NEW ZEALAND DOLLAR,tff,14020,14803,6565,6643,-783,-78,36105
2020-07-21,OIL,WTI CRUDE OIL,dis,61402,28475,84350,105642,32927,-21292,164193
2020-07-21,SILVER,SILVER,dis,90010,43255,54095,116064,46755,-61969,185745
2020-07-21,USD,US DOLLAR INDEX,tff,17878,19680,879,0,-1802,879,31404
2020-07-28,AUD,AUSTRALIAN DOLLAR,tff,37347,18060,7993,32807,19287,-24814,113682
2020-07-28,CAD,CANADIAN DOLLAR,tff,20107,45716,26556,44862,-25609,-18306,139397
2020-07-28,CHF,SWISS FRANC,tff,17466,8732,0,25676,8734,-25676,51799
2020-07-28,COPPER,COPPER,dis,99285,56795,70702,116895,42490,-46193,234724
2020-07-28,EUR,EURO FX,tff,78712,84562,27052,448326,-5850,-421274,678965
2020-07-28,GBP,BRITISH POUND,tff,32615,59637,52121,7177,-27022,44944,178912
2020-07-28,GOLD,GOLD,dis,312588,75787,139803,418180,236801,-278377,598629
2020-07-28,JPY,JAPANESE YEN,tff,35723,36795,6214,89304,-1072,-83090,170269
2020-07-28,NZD,NEW ZEALAND DOLLAR,tff,10660,17147,8515,6159,-6487,2356,36142
2020-07-28,OIL,WTI CRUDE OIL,dis,63427,28451,85082,109255,34976,-24173,167933
2020-07-28,SILVER,SILVER,dis,74401,47093,60398,107882,27308,-47484,184020
2020-07-28,USD,US DOLLAR INDEX,tff,24212,22346,1214,0,1866,1214,37312
2020-08-04,AUD,AUSTRALIAN DOLLAR,tff,37710,21129,6908,36876,16581,-29968,120274
2020-08-04,CAD,CANADIAN DOLLAR,tff,14532,42810,29585,44390,-28278,-14805,137101
2020-08-04,CHF,SWISS FRANC,tff,21473,9619,0,31183,11854,-31183,56772
2020-08-04,COPPER,COPPER,dis,97111,58261,69149,113388,38850,-44239,232022
2020-08-04,EUR,EURO FX,tff,91850,80218,27191,478174,11632,-450983,704875
2020-08-04,GBP,BRITISH POUND,tff,35038,53904,39773,11749,-18866,28024,176728
2020-08-04,GOLD,GOLD,dis,321847,83101,119109,395454,238746,-276345,561837
2020-08-04,JPY,JAPANESE YEN,tff,31502,23149,5999,93192,8353,-87193,157968
2020-08-04,NZD,NEW ZEALAND DOLLAR,tff,11840,18235,8255,6449,-6395,1806,38499
2020-08-04,OIL,WTI CRUDE OIL,dis,54683,26168,69432,89320,28515,-19888,145368
2020-08-04,SILVER,SILVER,dis,75498,45609,64304,115474,29889,-51170,205527
2020-08-04,USD,US DOLLAR INDEX,tff,21271,19797,1574,0,1474,1574,35497
2020-08-11,AUD,AUSTRALIAN DOLLAR,tff,38550,24584,7294,36919,13966,-29625,122210
2020-08-11,CAD,CANADIAN DOLLAR,tff,13114,43422,30236,44589,-30308,-14353,136885
2020-08-11,CHF,SWISS FRANC,tff,22212,5438,0,34121,16774,-34121,56592
2020-08-11,COPPER,COPPER,dis,89501,55868,75837,111801,33633,-35964,227430
2020-08-11,EUR,EURO FX,tff,96780,66321,27562,493403,30459,-465841,706458
2020-08-11,GBP,BRITISH POUND,tff,39067,42408,37673,24147,-3341,13526,179071
2020-08-11,GOLD,GOLD,dis,306867,82814,123125,391456,224053,-268331,553345
2020-08-11,JPY,JAPANESE YEN,tff,29027,23982,6527,83371,5045,-76844,150149
2020-08-11,NZD,NEW ZEALAND DOLLAR,tff,10403,18272,8379,6979,-7869,1400,37528
2020-08-11,OIL,WTI CRUDE OIL,dis,57204,28646,71183,91980,28558,-20797,150366
2020-08-11,SILVER,SILVER,dis,67428,43860,67658,113318,23568,-45660,198069
2020-08-11,USD,US DOLLAR INDEX,tff,19784,19620,1177,0,164,1177,34460
2020-08-18,AUD,AUSTRALIAN DOLLAR,tff,36975,22955,6845,37886,14020,-31041,124931
2020-08-18,CAD,CANADIAN DOLLAR,tff,14263,47435,31172,39827,-33172,-8655,141600
2020-08-18,CHF,SWISS FRANC,tff,19794,5268,0,34193,14526,-34193,56114
2020-08-18,COPPER,COPPER,dis,99975,56457,70105,116192,43518,-46087,232581
2020-08-18,EUR,EURO FX,tff,93893,62324,28605,496669,31569,-468064,704050
2020-08-18,GBP,BRITISH POUND,tff,44096,40548,32641,39925,3548,-7284,187043
2020-08-18,GOLD,GOLD,dis,302369,78851,123511,391282,223518,-267771,544010
2020-08-18,JPY,JAPANESE YEN,tff,23500,23674,7636,83008,-174,-75372,147076
2020-08-18,NZD,NEW ZEALAND DOLLAR,tff,13653,16966,6443,9484,-3313,-3041,38561
2020-08-18,OIL,WTI CRUDE OIL,dis,57686,30224,76061,95442,27462,-19381,154893
2020-08-18,SILVER,SILVER,dis,71283,44727,69141,113269,26556,-44128,194897
2020-08-18,USD,US DOLLAR INDEX,tff,18612,18810,3539,0,-198,3539,34896
2020-08-25,AUD,AUSTRALIAN DOLLAR,tff,37348,25788,6528,39910,11560,-33382,127505
2020-08-25,CAD,CANADIAN DOLLAR,tff,16181,44751,16771,32743,-28570,-15972,129557
2020-08-25,CHF,SWISS FRANC,tff,16975,4957,0,31321,12018,-31321,53085
2020-08-25,COPPER,COPPER,dis,98761,50897,68930,121192,47864,-52262,227062
2020-08-25,EUR,EURO FX,tff,89098,52003,28911,497753,37095,-468842,704077
2020-08-25,GBP,BRITISH POUND,tff,38327,32539,32696,35962,5788,-3266,175363
2020-08-25,GOLD,GOLD,dis,301559,80521,128266,394711,221038,-266445,549282
2020-08-25,JPY,JAPANESE YEN,tff,23483,24678,6213,78112,-1195,-71899,147553
2020-08-25,NZD,NEW ZEALAND DOLLAR,tff,13355,16643,6420,9272,-3288,-2852,36678
2020-08-25,OIL,WTI CRUDE OIL,dis,57806,30356,76963,95840,27450,-18877,155898
2020-08-25,SILVER,SILVER,dis,74311,42974,61444,109226,31337,-47782,187631
2020-08-25,USD,US DOLLAR INDEX,tff,12130,13404,3034,0,-1274,3034,30716
2020-09-01,AUD,AUSTRALIAN DOLLAR,tff,39822,29468,6546,42446,10354,-35900,137131
2020-09-01,CAD,CANADIAN DOLLAR,tff,19491,48996,16262,39546,-29505,-23284,140520
2020-09-01,CHF,SWISS FRANC,tff,17863,5571,0,29410,12292,-29410,54037
2020-09-01,COPPER,COPPER,dis,104091,50975,73130,133445,53116,-60315,233226
2020-09-01,EUR,EURO FX,tff,86169,54361,31676,481908,31808,-450232,698211
2020-09-01,GBP,BRITISH POUND,tff,40281,35674,30712,46904,4607,-16192,186588
2020-09-01,GOLD,GOLD,dis,306118,75322,121254,398660,230796,-277406,547704
2020-09-01,JPY,JAPANESE YEN,tff,21823,21154,6558,84204,669,-77646,145922
2020-09-01,NZD,NEW ZEALAND DOLLAR,tff,14450,16001,7375,10142,-1551,-2767,40244
2020-09-01,OIL,WTI CRUDE OIL,dis,57183,28577,68698,91414,28606,-22716,142833
2020-09-01,SILVER,SILVER,dis,76346,42874,55051,106835,33472,-51784,166449
2020-09-01,USD,US DOLLAR INDEX,tff,12990,11888,4529,0,1102,4529,30358
2020-09-08,AUD,AUSTRALIAN DOLLAR,tff,39426,28542,6142,41100,10884,-34958,144091
2020-09-08,CAD,CANADIAN DOLLAR,tff,18811,41230,13438,43468,-22419,-30030,137618
2020-09-08,CHF,SWISS FRANC,tff,17728,4977,0,27699,12751,-27699,52562
2020-09-08,COPPER,COPPER,dis,105485,49735,74895,135404,55750,-60509,236149
2020-09-08,EUR,EURO FX,tff,81097,51168,29386,469084,29929,-439698,690782
2020-09-08,GBP,BRITISH POUND,tff,37242,24711,34380,36658,12531,-2278,197524
2020-09-08,GOLD,GOLD,dis,313173,76700,122050,403090,236473,-281040,557457
2020-09-08,JPY,JAPANESE YEN,tff,22918,27401,5562,77782,-4483,-72220,151546
2020-09-08,NZD,NEW ZEALAND DOLLAR,tff,13635,15088,7355,8397,-1453,-1042,44047
2020-09-08,OIL,WTI CRUDE OIL,dis,57381,29033,68972,91886,28348,-22914,143755
2020-09-08,SILVER,SILVER,dis,73019,39539,53676,102795,33480,-49119,158991
2020-09-08,USD,US DOLLAR INDEX,tff,12747,11785,1328,0,962,1328,29776
2020-09-15,AUD,AUSTRALIAN DOLLAR,tff,41998,13434,2137,51788,28564,-49651,131814
2020-09-15,CAD,CANADIAN DOLLAR,tff,18973,40899,2522,51454,-21926,-48932,147273
2020-09-15,CHF,SWISS FRANC,tff,16900,5631,0,28676,11269,-28676,52411
2020-09-15,COPPER,COPPER,dis,110329,51722,76108,138446,58607,-62338,244071
2020-09-15,EUR,EURO FX,tff,67043,47965,29085,447861,19078,-418776,658174
2020-09-15,GBP,BRITISH POUND,tff,40859,28052,19853,19724,12807,129,149989
2020-09-15,GOLD,GOLD,dis,324512,83535,126290,411476,240977,-285186,578925
2020-09-15,JPY,JAPANESE YEN,tff,25525,34056,4678,75924,-8531,-71246,148912
2020-09-15,NZD,NEW ZEALAND DOLLAR,tff,12147,14143,5943,6524,-1996,-581,35834
2020-09-15,OIL,WTI CRUDE OIL,dis,59311,29033,70343,94582,30278,-24239,147781
2020-09-15,SILVER,SILVER,dis,77004,38655,51418,107425,38349,-56007,162397
2020-09-15,USD,US DOLLAR INDEX,tff,6687,14247,9870,0,-7560,9870,28493
2020-09-22,AUD,AUSTRALIAN DOLLAR,tff,45003,13004,4480,48841,31999,-44361,133214
2020-09-22,CAD,CANADIAN DOLLAR,tff,15578,41064,3004,34404,-25486,-31400,117564
2020-09-22,CHF,SWISS FRANC,tff,20028,4809,1003,26782,15219,-25779,51875
2020-09-22,COPPER,COPPER,dis,123585,55744,76035,144947,67841,-68912,252360
2020-09-22,EUR,EURO FX,tff,74981,51976,28166,448397,23005,-420231,666412
2020-09-22,GBP,BRITISH POUND,tff,41137,25110,25849,16737,16027,9112,152613
2020-09-22,GOLD,GOLD,dis,309015,89955,137900,404308,219060,-266408,575877
2020-09-22,JPY,JAPANESE YEN,tff,31667,34141,3994,92729,-2474,-88735,169251
2020-09-22,NZD,NEW ZEALAND DOLLAR,tff,9879,14032,6087,8685,-4153,-2598,35216
2020-09-22,OIL,WTI CRUDE OIL,dis,59150,30233,71660,95771,28917,-24111,150259
2020-09-22,SILVER,SILVER,dis,75009,36062,50232,103466,38947,-53234,157908
2020-09-22,USD,US DOLLAR INDEX,tff,7060,13819,7000,0,-6759,7000,28767
2020-09-29,AUD,AUSTRALIAN DOLLAR,tff,42051,13385,6670,44413,28666,-37743,128448
2020-09-29,CAD,CANADIAN DOLLAR,tff,14297,39356,2447,29017,-25059,-26570,113862
2020-09-29,CHF,SWISS FRANC,tff,18327,5467,2051,22297,12860,-20246,47666
2020-09-29,COPPER,COPPER,dis,114003,59941,73605,129934,54062,-56329,236095
2020-09-29,EUR,EURO FX,tff,77163,48037,29604,443074,29126,-413470,655912
2020-09-29,GBP,BRITISH POUND,tff,37936,30618,42201,13988,7318,28213,159049
2020-09-29,GOLD,GOLD,dis,316106,72447,133657,419835,243659,-286178,562396
2020-09-29,JPY,JAPANESE YEN,tff,26702,27971,4402,86868,-1269,-82466,158298
2020-09-29,NZD,NEW ZEALAND DOLLAR,tff,12152,13508,5782,7567,-1356,-1785,35923
2020-09-29,OIL,WTI CRUDE OIL,dis,60251,30493,72181,97162,29758,-24981,152081
2020-09-29,SILVER,SILVER,dis,74631,33901,51503,104702,40730,-53199,157308
2020-09-29,USD,US DOLLAR INDEX,tff,5337,13888,6675,0,-8551,6675,28616
2020-10-06,AUD,AUSTRALIAN DOLLAR,tff,47333,14884,3444,46261,32449,-42817,132119
2020-10-06,CAD,CANADIAN DOLLAR,tff,12222,39706,3066,30092,-27484,-27026,113818
2020-10-06,CHF,SWISS FRANC,tff,15343,3456,2005,23681,11887,-21676,45038
2020-10-06,COPPER,COPPER,dis,107106,53528,72086,126990,53578,-54904,228717
2020-10-06,EUR,EURO FX,tff,68151,50728,31976,452591,17423,-420615,652135
2020-10-06,GBP,BRITISH POUND,tff,40530,31490,37610,15047,9040,22563,156467
2020-10-06,GOLD,GOLD,dis,320922,72335,124401,412869,248587,-288468,555555
2020-10-06,JPY,JAPANESE YEN,tff,25909,30013,4584,93668,-4104,-89084,163024
2020-10-06,NZD,NEW ZEALAND DOLLAR,tff,12028,13894,5332,8658,-1866,-3326,34612
2020-10-06,OIL,WTI CRUDE OIL,dis,54937,27895,60391,89335,27042,-28944,137659
2020-10-06,SILVER,SILVER,dis,75358,34101,49407,105603,41257,-56196,155484
2020-10-06,USD,US DOLLAR INDEX,tff,6044,15483,7343,0,-9439,7343,31448
2020-10-13,AUD,AUSTRALIAN DOLLAR,tff,47132,24817,3792,48216,22315,-44424,137281
2020-10-13,CAD,CANADIAN DOLLAR,tff,12775,40373,4067,37627,-27598,-33560,121956
2020-10-13,CHF,SWISS FRANC,tff,15420,4335,1630,24043,11085,-22413,47725
2020-10-13,COPPER,COPPER,dis,119134,59918,68479,129717,59216,-61238,237283
2020-10-13,EUR,EURO FX,tff,63825,53514,30856,443178,10311,-412322,646165
2020-10-13,GBP,BRITISH POUND,tff,37686,28781,29279,15213,8905,14066,148279
2020-10-13,GOLD,GOLD,dis,326986,86315,116429,401084,240671,-284655,553197
2020-10-13,JPY,JAPANESE YEN,tff,27822,32390,4695,92730,-4568,-88035,165616
2020-10-13,NZD,NEW ZEALAND DOLLAR,tff,15447,15123,4729,10305,324,-5576,38209
2020-10-13,OIL,WTI CRUDE OIL,dis,56767,27693,62894,91701,29074,-28807,143890
2020-10-13,SILVER,SILVER,dis,76920,36132,49700,106648,40788,-56948,158203
2020-10-13,USD,US DOLLAR INDEX,tff,8598,9496,350,3321,-898,-2971,29233
2020-10-20,AUD,AUSTRALIAN DOLLAR,tff,46706,18625,4384,49052,28081,-44668,134220
2020-10-20,CAD,CANADIAN DOLLAR,tff,13348,43776,5073,35304,-30428,-30231,123266
2020-10-20,CHF,SWISS FRANC,tff,18632,7348,2163,27018,11284,-24855,52755
2020-10-20,COPPER,COPPER,dis,130993,63728,69021,138070,67265,-69049,249001
2020-10-20,EUR,EURO FX,tff,67693,57879,32301,442622,9814,-410321,644667
2020-10-20,GBP,BRITISH POUND,tff,40082,23650,28535,14140,16432,14395,146356
2020-10-20,GOLD,GOLD,dis,340206,90602,116918,411042,249604,-294124,562993
2020-10-20,JPY,JAPANESE YEN,tff,28306,36443,4815,92657,-8137,-87842,166091
2020-10-20,NZD,NEW ZEALAND DOLLAR,tff,13475,14289,5892,10324,-814,-4432,37295
2020-10-20,OIL,WTI CRUDE OIL,dis,57317,28365,66005,92913,28952,-26908,146569
2020-10-20,SILVER,SILVER,dis,76946,32220,49016,108516,44726,-59500,157845
2020-10-20,USD,US DOLLAR INDEX,tff,9774,9985,1851,2411,-211,-560,29349
2020-10-27,AUD,AUSTRALIAN DOLLAR,tff,46547,15703,6493,45317,30844,-38824,130361
2020-10-27,CAD,CANADIAN DOLLAR,tff,13024,39259,5328,37720,-26235,-32392,122403
2020-10-27,CHF,SWISS FRANC,tff,19096,6285,2403,27741,12811,-25338,52735
2020-10-27,COPPER,COPPER,dis,126722,59806,67831,138980,66916,-71149,241268
2020-10-27,EUR,EURO FX,tff,60841,56428,35755,432981,4413,-397226,636778
2020-10-27,GBP,BRITISH POUND,tff,32381,27888,26970,13466,4493,13504,139984
2020-10-27,GOLD,GOLD,dis,326063,77429,114210,410672,248634,-296462,560900
2020-10-27,JPY,JAPANESE YEN,tff,30008,32513,4361,106734,-2505,-102373,177622
2020-10-27,NZD,NEW ZEALAND DOLLAR,tff,15529,17361,5748,11693,-1832,-5945,40388
2020-10-27,OIL,WTI CRUDE OIL,dis,56000,28527,69153,93978,27473,-24825,148376
2020-10-27,SILVER,SILVER,dis,76652,32021,50389,109475,44631,-59086,160550
2020-10-27,USD,US DOLLAR INDEX,tff,11920,8990,2342,2411,2930,-69,29623
2020-11-03,AUD,AUSTRALIAN DOLLAR,tff,47877,19770,13450,43409,28107,-29959,134352
2020-11-03,CAD,CANADIAN DOLLAR,tff,11009,37881,5318,42637,-26872,-37319,124892
2020-11-03,CHF,SWISS FRANC,tff,19617,5462,3142,26919,14155,-23777,51092
2020-11-03,COPPER,COPPER,dis,115597,54459,67430,132200,61138,-64770,233351
2020-11-03,EUR,EURO FX,tff,49641,59764,44816,417511,-10123,-372695,627754
2020-11-03,GBP,BRITISH POUND,tff,31120,26652,35577,13478,4468,22099,140437
2020-11-03,GOLD,GOLD,dis,321798,78889,108679,398017,242909,-289338,544774
2020-11-03,JPY,JAPANESE YEN,tff,35077,26321,5279,117634,8756,-112355,184751
2020-11-03,NZD,NEW ZEALAND DOLLAR,tff,15014,15905,5410,11598,-891,-6188,40400
2020-11-03,OIL,WTI CRUDE OIL,dis,49704,24433,63413,83687,25271,-20274,137539
2020-11-03,SILVER,SILVER,dis,72516,27175,47860,107191,45341,-59331,153267
2020-11-03,USD,US DOLLAR INDEX,tff,11721,6370,60,3346,5351,-3286,26661
2020-11-10,AUD,AUSTRALIAN DOLLAR,tff,40341,20974,14445,40811,19367,-26366,130615
2020-11-10,CAD,CANADIAN DOLLAR,tff,15400,43535,5859,48715,-28135,-42856,136456
2020-11-10,CHF,SWISS FRANC,tff,21007,5070,2292,28069,15937,-25777,52528
2020-11-10,COPPER,COPPER,dis,120398,55329,61733,129495,65069,-67762,228128
2020-11-10,EUR,EURO FX,tff,56591,59918,43504,426295,-3327,-382791,638993
2020-11-10,GBP,BRITISH POUND,tff,31009,35828,29278,10122,-4819,19156,141346
2020-11-10,GOLD,GOLD,dis,318516,78780,111142,394565,239736,-283423,547449
2020-11-10,JPY,JAPANESE YEN,tff,38172,18762,4180,125783,19410,-121603,183518
2020-11-10,NZD,NEW ZEALAND DOLLAR,tff,16618,20183,5257,13832,-3565,-8575,46065
2020-11-10,OIL,WTI CRUDE OIL,dis,52515,26341,66028,87033,26174,-21005,144632
2020-11-10,SILVER,SILVER,dis,72544,26716,49658,109200,45828,-59542,155011
2020-11-10,USD,US DOLLAR INDEX,tff,10272,8302,3975,3346,1970,629,29066
2020-11-17,AUD,AUSTRALIAN DOLLAR,tff,40939,17344,12546,43333,23595,-30787,129737
2020-11-17,CAD,CANADIAN DOLLAR,tff,15075,40384,6139,49343,-25309,-43204,136614
2020-11-17,CHF,SWISS FRANC,tff,19849,4469,2719,27451,15380,-24732,50775
2020-11-17,COPPER,COPPER,dis,123701,56539,59096,131014,67162,-71918,228338
2020-11-17,EUR,EURO FX,tff,55787,61398,42782,428115,-5611,-385333,637946
2020-11-17,GBP,BRITISH POUND,tff,29424,39361,24117,9438,-9937,14679,139010
2020-11-17,GOLD,GOLD,dis,329698,78428,106681,401253,251270,-294572,557533
2020-11-17,JPY,JAPANESE YEN,tff,24391,14892,4472,113568,9499,-109096,165073
2020-11-17,NZD,NEW ZEALAND DOLLAR,tff,17876,22132,5052,15238,-4256,-10186,50687
2020-11-17,OIL,WTI CRUDE OIL,dis,55445,27410,69150,90369,28035,-21219,149886
2020-11-17,SILVER,SILVER,dis,75632,30018,49095,110771,45614,-61676,160972
2020-11-17,USD,US DOLLAR INDEX,tff,9509,8709,6496,3346,800,3150,29413
2020-11-24,AUD,AUSTRALIAN DOLLAR,tff,41790,19353,11293,43608,22437,-32315,131531
2020-11-24,CAD,CANADIAN DOLLAR,tff,18756,43423,5175,54910,-24667,-49735,140823
2020-11-24,CHF,SWISS FRANC,tff,20044,4565,3397,27658,15479,-24261,50388
2020-11-24,COPPER,COPPER,dis,130293,56522,61402,140091,73771,-78689,236644
2020-11-24,EUR,EURO FX,tff,57894,59428,40647,438130,-1534,-397483,644566
2020-11-24,GBP,BRITISH POUND,tff,28774,40266,18948,11530,-11492,7418,142958
2020-11-24,GOLD,GOLD,dis,320324,76422,108625,393454,243902,-284829,555253
2020-11-24,JPY,JAPANESE YEN,tff,27685,18739,4971,125009,8946,-120038,179503
2020-11-24,NZD,NEW ZEALAND DOLLAR,tff,21618,25182,4840,16532,-3564,-11692,54640
2020-11-24,OIL,WTI CRUDE OIL,dis,56238,29503,73184,94632,26735,-21448,157949
2020-11-24,SILVER,SILVER,dis,74771,29091,49577,109737,45680,-60160,162092
2020-11-24,USD,US DOLLAR INDEX,tff,9882,10521,6445,3346,-639,3099,31913
2020-12-01,AUD,AUSTRALIAN DOLLAR,tff,36627,17322,11911,44802,19305,-32891,130727
2020-12-01,CAD,CANADIAN DOLLAR,tff,15500,45472,5571,58774,-29972,-53203,147803
2020-12-01,CHF,SWISS FRANC,tff,19837,4576,3418,27411,15261,-23993,51683
2020-12-01,COPPER,COPPER,dis,134470,54614,59131,143621,79856,-84490,240738
2020-12-01,EUR,EURO FX,tff,64671,59125,46995,439274,5546,-392279,654257
2020-12-01,GBP,BRITISH POUND,tff,30859,38517,13350,15387,-7658,-2037,146966
2020-12-01,GOLD,GOLD,dis,324344,64030,110108,403371,260314,-293263,538042
2020-12-01,JPY,JAPANESE YEN,tff,28197,19310,4366,131394,8887,-127028,185873
2020-12-01,NZD,NEW ZEALAND DOLLAR,tff,21658,25914,4808,17668,-4256,-12860,55345
2020-12-01,OIL,WTI CRUDE OIL,dis,62255,31194,61439,90008,31061,-28569,148210
2020-12-01,SILVER,SILVER,dis,77023,29131,45567,107452,47892,-61885,152372
2020-12-01,USD,US DOLLAR INDEX,tff,16063,14782,6947,3346,1281,3601,37196
2020-12-08,AUD,AUSTRALIAN DOLLAR,tff,41846,22691,10815,45995,19155,-35180,160280
2020-12-08,CAD,CANADIAN DOLLAR,tff,20666,52151,6804,61872,-31485,-55068,163589
2020-12-08,CHF,SWISS FRANC,tff,16361,5519,2775,29430,10842,-26655,54922
2020-12-08,COPPER,COPPER,dis,136878,56839,59120,145348,80039,-86228,242850
2020-12-08,EUR,EURO FX,tff,72412,58873,44128,448295,13539,-404167,683351
2020-12-08,GBP,BRITISH POUND,tff,27354,28520,10206,18941,-1166,-8735,164184
2020-12-08,GOLD,GOLD,dis,338271,69051,104016,404739,269220,-300723,549520
2020-12-08,JPY,JAPANESE YEN,tff,31321,18203,4611,140755,13118,-136144,193326
2020-12-08,NZD,NEW ZEALAND DOLLAR,tff,22042,26901,4437,18150,-4859,-13713,61261
2020-12-08,OIL,WTI CRUDE OIL,dis,62718,34612,66685,93410,28106,-26725,154703
2020-12-08,SILVER,SILVER,dis,79310,30934,41771,108693,48376,-66922,154821
2020-12-08,USD,US DOLLAR INDEX,tff,21787,17246,5802,3346,4541,2456,48516
2020-12-15,AUD,AUSTRALIAN DOLLAR,tff,35708,18461,3505,40227,17247,-36722,127016
2020-12-15,CAD,CANADIAN DOLLAR,tff,22436,54272,6949,62614,-31836,-55665,196230
2020-12-15,CHF,SWISS FRANC,tff,15835,7360,497,23232,8475,-22735,48913
2020-12-15,COPPER,COPPER,dis,133972,61852,61964,141266,72120,-79302,244491
2020-12-15,EUR,EURO FX,tff,66504,48447,35770,451853,18057,-416083,657046
2020-12-15,GBP,BRITISH POUND,tff,26836,27093,19893,27811,-257,-7918,142242
2020-12-15,GOLD,GOLD,dis,340610,69026,101736,408078,271584,-306342,550366
2020-12-15,JPY,JAPANESE YEN,tff,33998,23561,4442,136999,10437,-132557,193317
2020-12-15,NZD,NEW ZEALAND DOLLAR,tff,15368,17450,2345,19270,-2082,-16925,47402
2020-12-15,OIL,WTI CRUDE OIL,dis,66449,35028,67630,95823,31421,-28193,159861
2020-12-15,SILVER,SILVER,dis,80689,31177,41702,110692,49512,-68990,158268
2020-12-15,USD,US DOLLAR INDEX,tff,12942,15604,10024,53,-2662,9971,35894
2020-12-21,AUD,AUSTRALIAN DOLLAR,tff,39044,22350,3355,43053,16694,-39698,136013
2020-12-21,CAD,CANADIAN DOLLAR,tff,25148,31066,2882,83913,-5918,-81031,156597
2020-12-21,CHF,SWISS FRANC,tff,21494,11376,497,24591,10118,-24094,53305
2020-12-21,COPPER,COPPER,dis,133440,62002,63577,144069,71438,-80492,248003
2020-12-21,EUR,EURO FX,tff,68772,50411,34542,455340,18361,-420798,659499
2020-12-21,GBP,BRITISH POUND,tff,28446,27132,20356,28802,1314,-8446,144606
2020-12-21,GOLD,GOLD,dis,349870,71674,99303,414402,278196,-315099,560769
2020-12-21,JPY,JAPANESE YEN,tff,31937,23404,3908,139896,8533,-135988,196845
2020-12-21,NZD,NEW ZEALAND DOLLAR,tff,16815,18610,2626,18308,-1795,-15682,48309
2020-12-21,OIL,WTI CRUDE OIL,dis,68111,35900,69977,99548,32211,-29571,164686
2020-12-21,SILVER,SILVER,dis,90473,33184,42591,119749,57289,-77158,171398
2020-12-21,USD,US DOLLAR INDEX,tff,13452,14127,9406,98,-675,9308,34751
2020-12-29,AUD,AUSTRALIAN DOLLAR,tff,39776,25387,3297,46070,14389,-42773,138309
2020-12-29,CAD,CANADIAN DOLLAR,tff,25676,24487,3118,87384,1189,-84266,154464
2020-12-29,CHF,SWISS FRANC,tff,19646,8982,501,25283,10664,-24782,52404
2020-12-29,COPPER,COPPER,dis,132395,61114,62216,144121,71281,-81905,247232
2020-12-29,EUR,EURO FX,tff,68234,51624,32291,472333,16610,-440042,671643
2020-12-29,GBP,BRITISH POUND,tff,28594,25292,19369,26078,3302,-6709,139870
2020-12-29,GOLD,GOLD,dis,341812,72940,101283,408537,268872,-307254,556414
2020-12-29,JPY,JAPANESE YEN,tff,27662,19082,3897,144775,8580,-140878,194454
2020-12-29,NZD,NEW ZEALAND DOLLAR,tff,17162,18206,3445,17858,-1044,-14413,47915
2020-12-29,OIL,WTI CRUDE OIL,dis,70960,36596,70214,102336,34364,-32122,167817
2020-12-29,SILVER,SILVER,dis,88868,34089,42244,118070,54779,-75826,170057
2020-12-29,USD,US DOLLAR INDEX,tff,14397,14003,9206,848,394,8358,35978
2021-01-05,AUD,AUSTRALIAN DOLLAR,tff,42895,27815,3238,46724,15080,-43486,146093
2021-01-05,CAD,CANADIAN DOLLAR,tff,25583,25534,3123,84636,49,-81513,156124
2021-01-05,CHF,SWISS FRANC,tff,15319,7350,901,23600,7969,-22699,49028
2021-01-05,COPPER,COPPER,dis,135088,65850,65798,145199,69238,-79401,256942
2021-01-05,EUR,EURO FX,tff,67843,54977,34129,473829,12866,-439700,673532
2021-01-05,GBP,BRITISH POUND,tff,27946,26937,18852,26203,1009,-7351,143209
2021-01-05,GOLD,GOLD,dis,349946,70628,97405,418328,279318,-320923,568888
2021-01-05,JPY,JAPANESE YEN,tff,35351,21955,4650,153840,13396,-149190,206963
2021-01-05,NZD,NEW ZEALAND DOLLAR,tff,16118,18160,3026,17961,-2042,-14935,47194
2021-01-05,OIL,WTI CRUDE OIL,dis,63340,31410,48573,78842,31930,-30269,146482
2021-01-05,SILVER,SILVER,dis,90777,35226,42825,120339,55551,-77514,176005
2021-01-05,USD,US DOLLAR INDEX,tff,14708,14904,9107,998,-196,8109,37569
2021-01-12,AUD,AUSTRALIAN DOLLAR,tff,45355,19936,2418,51347,25419,-48929,144614
2021-01-12,CAD,CANADIAN DOLLAR,tff,27093,26778,3394,77231,315,-73837,156675
2021-01-12,CHF,SWISS FRANC,tff,18722,7756,1463,23788,10966,-22325,50164
2021-01-12,COPPER,COPPER,dis,131399,64757,62779,138822,66642,-76043,251140
2021-01-12,EUR,EURO FX,tff,72119,48463,31649,479348,23656,-447699,677952
2021-01-12,GBP,BRITISH POUND,tff,35963,28109,15304,35361,7854,-20057,152924
2021-01-12,GOLD,GOLD,dis,313217,66990,105980,396281,246227,-290301,555538
2021-01-12,JPY,JAPANESE YEN,tff,27744,15493,5082,139345,12251,-134263,190811
2021-01-12,NZD,NEW ZEALAND DOLLAR,tff,17492,15133,2765,18607,2359,-15842,44757
2021-01-12,OIL,WTI CRUDE OIL,dis,66700,31634,49253,86767,35066,-37514,151537
2021-01-12,SILVER,SILVER,dis,87905,35113,42147,112133,52792,-69986,170033
2021-01-12,USD,US DOLLAR INDEX,tff,10345,14024,8630,1498,-3679,7132,34855
2021-01-19,AUD,AUSTRALIAN DOLLAR,tff,46290,20524,2454,52592,25766,-50138,144283
2021-01-19,CAD,CANADIAN DOLLAR,tff,26324,26181,2806,73125,143,-70319,154231
2021-01-19,CHF,SWISS FRANC,tff,16107,7402,1343,22605,8705,-21262,48530
2021-01-19,COPPER,COPPER,dis,132237,64131,62401,139558,68106,-77157,254998
2021-01-19,EUR,EURO FX,tff,80097,48853,32544,492392,31244,-459848,676515
2021-01-19,GBP,BRITISH POUND,tff,31050,25242,14524,32595,5808,-18071,147096
2021-01-19,GOLD,GOLD,dis,307507,60869,99444,386911,246638,-287467,541330
2021-01-19,JPY,JAPANESE YEN,tff,28011,16899,4410,142752,11112,-138342,191540
2021-01-19,NZD,NEW ZEALAND DOLLAR,tff,20362,15549,3140,18327,4813,-15187,46244
2021-01-19,OIL,WTI CRUDE OIL,dis,69473,31870,51752,90129,37603,-38377,156144
2021-01-19,SILVER,SILVER,dis,84009,32007,41109,111425,52002,-70316,166896
2021-01-19,USD,US DOLLAR INDEX,tff,10293,15947,9529,1573,-5654,7956,36065
2021-01-26,AUD,AUSTRALIAN DOLLAR,tff,43803,20683,3472,49279,23120,-45807,143073
2021-01-26,CAD,CANADIAN DOLLAR,tff,36085,33594,2938,84189,2491,-81251,168896
2021-01-26,CHF,SWISS FRANC,tff,16786,6367,1712,22541,10419,-20829,48337
2021-01-26,COPPER,COPPER,dis,131420,61152,64577,143320,70268,-78743,256365
2021-01-26,EUR,EURO FX,tff,76457,46921,35335,494670,29536,-459335,677432
2021-01-26,GBP,BRITISH POUND,tff,33797,31563,15203,30772,2234,-15569,154558
2021-01-26,GOLD,GOLD,dis,313532,55986,94890,393838,257546,-298948,534574
2021-01-26,JPY,JAPANESE YEN,tff,28334,20911,4453,140768,7423,-136315,193822
2021-01-26,NZD,NEW ZEALAND DOLLAR,tff,22094,15988,3735,18480,6106,-14745,46804
2021-01-26,OIL,WTI CRUDE OIL,dis,70254,30934,48886,90832,39320,-41946,157351
2021-01-26,SILVER,SILVER,dis,84444,29984,41135,114547,54460,-73412,167880
2021-01-26,USD,US DOLLAR INDEX,tff,10005,16550,10405,1498,-6545,8907,37137
2021-02-02,AUD,AUSTRALIAN DOLLAR,tff,45517,20524,3469,49182,24993,-45713,142644
2021-02-02,CAD,CANADIAN DOLLAR,tff,31846,23689,3084,80729,8157,-77645,158155
2021-02-02,CHF,SWISS FRANC,tff,22540,6313,2965,22470,16227,-19505,50832
2021-02-02,COPPER,COPPER,dis,131607,65261,65716,141460,66346,-75744,257036
2021-02-02,EUR,EURO FX,tff,73530,51409,34702,476340,22121,-441638,675520
2021-02-02,GBP,BRITISH POUND,tff,39479,37839,17955,29994,1640,-12039,161100
2021-02-02,GOLD,GOLD,dis,314352,57226,90132,388089,257126,-297957,520011
2021-02-02,JPY,JAPANESE YEN,tff,38181,27924,9172,119013,10257,-109841,190948
2021-02-02,NZD,NEW ZEALAND DOLLAR,tff,24559,19377,5240,15868,5182,-10628,50685
2021-02-02,OIL,WTI CRUDE OIL,dis,64884,28452,43444,78068,36432,-34624,140436
2021-02-02,SILVER,SILVER,dis,80634,29225,45782,119636,51409,-73854,179786
2021-02-02,USD,US DOLLAR INDEX,tff,10190,16863,8778,1453,-6673,7325,36894
2021-02-09,AUD,AUSTRALIAN DOLLAR,tff,45471,19644,4679,45886,25827,-41207,140497
2021-02-09,CAD,CANADIAN DOLLAR,tff,29991,26685,5063,74802,3306,-69739,158454
2021-02-09,CHF,SWISS FRANC,tff,19701,5608,6992,21775,14093,-14783,48656
2021-02-09,COPPER,COPPER,dis,140927,69632,67275,148594,71295,-81319,264096
2021-02-09,EUR,EURO FX,tff,70898,48435,29639,476896,22463,-447257,673116
2021-02-09,GBP,BRITISH POUND,tff,47393,33385,12122,42233,14008,-30111,170161
2021-02-09,GOLD,GOLD,dis,309326,57919,87800,379995,251407,-292195,506741
2021-02-09,JPY,JAPANESE YEN,tff,34758,28508,10145,108756,6250,-98611,183901
2021-02-09,NZD,NEW ZEALAND DOLLAR,tff,22016,18078,4607,17533,3938,-12926,48655
2021-02-09,OIL,WTI CRUDE OIL,dis,72150,29596,49086,88683,42554,-39597,151431
2021-02-09,SILVER,SILVER,dis,80133,30590,48818,121638,49543,-72820,179288
2021-02-09,USD,US DOLLAR INDEX,tff,9535,17603,9921,953,-8068,8968,36189
2021-02-16,AUD,AUSTRALIAN DOLLAR,tff,44111,21070,4695,45429,23041,-40734,140954
2021-02-16,CAD,CANADIAN DOLLAR,tff,31091,30289,4130,74056,802,-69926,159266
2021-02-16,CHF,SWISS FRANC,tff,16651,5634,7167,21768,11017,-14601,48093
2021-02-16,COPPER,COPPER,dis,146763,72854,65911,151581,73909,-85670,272276
2021-02-16,EUR,EURO FX,tff,68136,48708,28131,479310,19428,-451179,675761
2021-02-16,GBP,BRITISH POUND,tff,46204,31744,12461,46378,14460,-33917,171218
2021-02-16,GOLD,GOLD,dis,303583,68614,91152,366230,234969,-275078,503016
2021-02-16,JPY,JAPANESE YEN,tff,39232,30856,10062,106657,8376,-96595,188119
2021-02-16,NZD,NEW ZEALAND DOLLAR,tff,23404,18414,3601,17961,4990,-14360,48103
2021-02-16,OIL,WTI CRUDE OIL,dis,73672,30484,49439,90308,43188,-40869,154853
2021-02-16,SILVER,SILVER,dis,81648,31824,50829,122217,49824,-71388,183544
2021-02-16,USD,US DOLLAR INDEX,tff,10274,17161,10131,953,-6887,9178,35968
2021-02-23,AUD,AUSTRALIAN DOLLAR,tff,42856,26043,4965,49754,16813,-44789,145261
2021-02-23,CAD,CANADIAN DOLLAR,tff,31808,33730,2853,80791,-1922,-77938,166868
2021-02-23,CHF,SWISS FRANC,tff,22430,7801,9374,21329,14629,-11955,53002
2021-02-23,COPPER,COPPER,dis,140530,65125,65083,151605,75405,-86522,268170
2021-02-23,EUR,EURO FX,tff,72092,54006,28603,483691,18086,-455088,696916
2021-02-23,GBP,BRITISH POUND,tff,50662,34912,11522,51009,15750,-39487,176721
2021-02-23,GOLD,GOLD,dis,284081,68348,92086,343815,215733,-251729,481125
2021-02-23,JPY,JAPANESE YEN,tff,39084,38915,13724,92821,169,-79097,183247
2021-02-23,NZD,NEW ZEALAND DOLLAR,tff,23091,18953,3011,19544,4138,-16533,48209
2021-02-23,OIL,WTI CRUDE OIL,dis,70006,31492,51795,91374,38514,-39579,160476
2021-02-23,SILVER,SILVER,dis,78710,31067,46268,116710,47643,-70442,172392
2021-02-23,USD,US DOLLAR INDEX,tff,11184,18919,10656,953,-7735,9703,41377
2021-03-02,AUD,AUSTRALIAN DOLLAR,tff,46966,23595,4649,54608,23371,-49959,149904
2021-03-02,CAD,CANADIAN DOLLAR,tff,36498,27514,952,82899,8984,-81947,168689
2021-03-02,CHF,SWISS FRANC,tff,23059,7253,13221,19420,15806,-6199,52707
2021-03-02,COPPER,COPPER,dis,132144,66127,67335,145102,66017,-77767,251989
2021-03-02,EUR,EURO FX,tff,73422,55194,31023,467221,18228,-436198,698229
2021-03-02,GBP,BRITISH POUND,tff,52516,25879,10067,51166,26637,-41099,169363
2021-03-02,GOLD,GOLD,dis,265533,75895,94844,317047,189638,-222203,467008
2021-03-02,JPY,JAPANESE YEN,tff,35924,42452,23390,81975,-6528,-58585,189270
2021-03-02,NZD,NEW ZEALAND DOLLAR,tff,24429,17368,2074,18503,7061,-16429,48587
2021-03-02,OIL,WTI CRUDE OIL,dis,64698,29269,52258,86015,35429,-33757,150784
2021-03-02,SILVER,SILVER,dis,74925,35309,45896,105096,39616,-59200,158349
2021-03-02,USD,US DOLLAR INDEX,tff,9816,21001,8996,953,-11185,8043,37546
2021-03-09,AUD,AUSTRALIAN DOLLAR,tff,48883,22099,4177,44782,26784,-40605,150330
2021-03-09,CAD,CANADIAN DOLLAR,tff,36120,30206,1292,77420,5914,-76128,173078
2021-03-09,CHF,SWISS FRANC,tff,25136,5697,17190,19521,19439,-2331,57348
2021-03-09,COPPER,COPPER,dis,114067,62688,70402,133252,51379,-62850,239307
2021-03-09,EUR,EURO FX,tff,64247,64173,33499,444345,74,-410846,722123
2021-03-09,GBP,BRITISH POUND,tff,47340,23890,9964,44874,23450,-34910,181373
2021-03-09,GOLD,GOLD,dis,254839,79676,104656,312536,175163,-207880,473871
2021-03-09,JPY,JAPANESE YEN,tff,43612,50648,45628,77961,-7036,-32333,211347
2021-03-09,NZD,NEW ZEALAND DOLLAR,tff,25333,17455,3128,18910,7878,-15782,51380
2021-03-09,OIL,WTI CRUDE OIL,dis,66549,33126,55669,88130,33423,-32461,156485
2021-03-09,SILVER,SILVER,dis,71445,35296,47998,103166,36149,-55168,155425
2021-03-09,USD,US DOLLAR INDEX,tff,11591,28092,10400,288,-16501,10112,41300
2021-03-16,AUD,AUSTRALIAN DOLLAR,tff,40325,17915,232,44150,22410,-43918,129421
2021-03-16,CAD,CANADIAN DOLLAR,tff,36620,31521,2334,70004,5099,-67670,186932
2021-03-16,CHF,SWISS FRANC,tff,15450,3260,11125,1343,12190,9782,37985
2021-03-16,COPPER,COPPER,dis,109118,62739,72841,131008,46379,-58167,239811
2021-03-16,EUR,EURO FX,tff,48912,60735,26711,430548,-11823,-403837,638977
2021-03-16,GBP,BRITISH POUND,tff,40822,24110,2782,41254,16712,-38472,148035
2021-03-16,GOLD,GOLD,dis,256237,76041,115396,324871,180196,-209475,476467
2021-03-16,JPY,JAPANESE YEN,tff,21051,54898,26005,11713,-33847,14292,145951
2021-03-16,NZD,NEW ZEALAND DOLLAR,tff,13776,15113,2282,6599,-1337,-4317,34565
2021-03-16,OIL,WTI CRUDE OIL,dis,67575,33048,56134,89645,34527,-33511,159214
2021-03-16,SILVER,SILVER,dis,70658,37049,50087,102864,33609,-52777,159092
2021-03-16,USD,US DOLLAR INDEX,tff,12506,17494,2164,8057,-4988,-5893,35368
2021-03-23,AUD,AUSTRALIAN DOLLAR,tff,42039,20922,1576,42708,21117,-41132,133276
2021-03-23,CAD,CANADIAN DOLLAR,tff,31099,31754,3157,72997,-655,-69840,162170
2021-03-23,CHF,SWISS FRANC,tff,14565,3722,11281,1359,10843,9922,38302
2021-03-23,COPPER,COPPER,dis,109933,64525,73119,128264,45408,-55145,238358
2021-03-23,EUR,EURO FX,tff,51452,58114,27253,431005,-6662,-403752,641428
2021-03-23,GBP,BRITISH POUND,tff,40724,27597,5318,34303,13127,-28985,146112
2021-03-23,GOLD,GOLD,dis,262774,88707,116781,318584,174067,-201803,485457
2021-03-23,JPY,JAPANESE YEN,tff,23035,66682,37802,6936,-43647,30866,160581
2021-03-23,NZD,NEW ZEALAND DOLLAR,tff,15701,17204,4562,7155,-1503,-2593,38253
2021-03-23,OIL,WTI CRUDE OIL,dis,68255,34422,58871,91126,33833,-32255,160706
2021-03-23,SILVER,SILVER,dis,70257,39178,51442,101044,31079,-49602,160437
2021-03-23,USD,US DOLLAR INDEX,tff,14122,19529,315,8057,-5407,-7742,36732
2021-03-30,AUD,AUSTRALIAN DOLLAR,tff,48309,20167,2604,44564,28142,-41960,137335
2021-03-30,CAD,CANADIAN DOLLAR,tff,31086,32163,2538,75307,-1077,-72769,164199
2021-03-30,CHF,SWISS FRANC,tff,17799,4277,12628,1708,13522,10920,42770
2021-03-30,COPPER,COPPER,dis,104500,60633,69345,123164,43867,-53819,229202
2021-03-30,EUR,EURO FX,tff,57133,63913,34931,416782,-6780,-381851,645121
2021-03-30,GBP,BRITISH POUND,tff,41021,19298,5714,32065,21723,-26351,139779
2021-03-30,GOLD,GOLD,dis,263453,95925,112072,305798,167528,-193726,467321
2021-03-30,JPY,JAPANESE YEN,tff,22715,65897,48484,7277,-43182,41207,166091
2021-03-30,NZD,NEW ZEALAND DOLLAR,tff,16005,14992,5410,7634,1013,-2224,36805
2021-03-30,OIL,WTI CRUDE OIL,dis,72137,34782,60333,95266,37355,-34933,166257
2021-03-30,SILVER,SILVER,dis,66502,37532,52310,97471,28970,-45161,154987
2021-03-30,USD,US DOLLAR INDEX,tff,15261,22558,1015,8117,-7297,-7102,40306
2021-04-06,AUD,AUSTRALIAN DOLLAR,tff,45221,21799,3628,43111,23422,-39483,137218
2021-04-06,CAD,CANADIAN DOLLAR,tff,31228,34662,4864,75554,-3434,-70690,166118
2021-04-06,CHF,SWISS FRANC,tff,17313,4474,14595,1845,12839,12750,43677
2021-04-06,COPPER,COPPER,dis,109985,66975,72136,125765,43010,-53629,243342
2021-04-06,EUR,EURO FX,tff,53206,65295,34432,414427,-12089,-379995,642671
2021-04-06,GBP,BRITISH POUND,tff,40482,21823,4921,32940,18659,-28019,140556
2021-04-06,GOLD,GOLD,dis,275703,86194,98196,312995,189509,-214799,463353
2021-04-06,JPY,JAPANESE YEN,tff,26100,62386,54124,6134,-36286,47990,164310
2021-04-06,NZD,NEW ZEALAND DOLLAR,tff,17263,14544,5546,8131,2719,-2585,37377
2021-04-06,OIL,WTI CRUDE OIL,dis,63666,32211,48431,75337,31455,-26906,145016
2021-04-06,SILVER,SILVER,dis,67245,34930,49415,100000,32315,-50585,154593
2021-04-06,USD,US DOLLAR INDEX,tff,12170,20859,1825,8465,-8689,-6640,39111
2021-04-13,AUD,AUSTRALIAN DOLLAR,tff,46773,21922,4397,42504,24851,-38107,139633
2021-04-13,CAD,CANADIAN DOLLAR,tff,31515,36387,6265,75301,-4872,-69036,166186
2021-04-13,CHF,SWISS FRANC,tff,14568,6147,15455,2268,8421,13187,42423
2021-04-13,COPPER,COPPER,dis,104129,68134,72903,121517,35995,-48614,236602
2021-04-13,EUR,EURO FX,tff,55274,65489,33974,421920,-10215,-387946,648681
2021-04-13,GBP,BRITISH POUND,tff,46871,23079,3269,37314,23792,-34045,148785
2021-04-13,GOLD,GOLD,dis,269513,88639,100227,309015,180874,-208788,460733
2021-04-13,JPY,JAPANESE YEN,tff,28458,63748,57485,6352,-35290,51133,165431
2021-04-13,NZD,NEW ZEALAND DOLLAR,tff,17882,14835,5794,8721,3047,-2927,38435
2021-04-13,OIL,WTI CRUDE OIL,dis,63514,32640,48806,75135,30874,-26329,146482
2021-04-13,SILVER,SILVER,dis,69429,33005,51505,107007,36424,-55502,164066
2021-04-13,USD,US DOLLAR INDEX,tff,8852,18606,4075,8057,-9754,-3982,39165
2021-04-20,AUD,AUSTRALIAN DOLLAR,tff,44619,23012,3733,42261,21607,-38528,136167
2021-04-20,CAD,CANADIAN DOLLAR,tff,36836,32483,4335,85943,4353,-81608,173145
2021-04-20,CHF,SWISS FRANC,tff,12867,7561,14968,2271,5306,12697,41266
2021-04-20,COPPER,COPPER,dis,109912,67049,74326,129942,42863,-55616,248509
2021-04-20,EUR,EURO FX,tff,61556,61540,33403,449085,16,-415682,661640
2021-04-20,GBP,BRITISH POUND,tff,55380,31119,2280,46362,24261,-44082,164246
2021-04-20,GOLD,GOLD,dis,275985,94487,100905,314098,181498,-213193,471738
2021-04-20,JPY,JAPANESE YEN,tff,27869,72414,57722,8784,-44545,48938,162649
2021-04-20,NZD,NEW ZEALAND DOLLAR,tff,19858,15782,5148,11145,4076,-5997,40632
2021-04-20,OIL,WTI CRUDE OIL,dis,63265,33713,52640,81228,29552,-28588,151734
2021-04-20,SILVER,SILVER,dis,75167,33486,53628,114745,41681,-61117,169420
2021-04-20,USD,US DOLLAR INDEX,tff,8025,16006,3328,8057,-7981,-4729,36777
2021-04-27,AUD,AUSTRALIAN DOLLAR,tff,43529,27036,3330,43064,16493,-39734,140736
2021-04-27,CAD,CANADIAN DOLLAR,tff,39123,37917,2190,93433,1206,-91243,180771
2021-04-27,CHF,SWISS FRANC,tff,12248,7726,13589,3197,4522,10392,40783
2021-04-27,COPPER,COPPER,dis,120135,70874,74222,135719,49261,-61497,254183
2021-04-27,EUR,EURO FX,tff,63322,63360,37516,457177,-38,-419661,672072
2021-04-27,GBP,BRITISH POUND,tff,51675,27143,2326,47612,24532,-45286,161251
2021-04-27,GOLD,GOLD,dis,270717,100098,103732,310909,170619,-207177,473305
2021-04-27,JPY,JAPANESE YEN,tff,28779,71140,47369,10834,-42361,36535,154894
2021-04-27,NZD,NEW ZEALAND DOLLAR,tff,21636,16417,4898,14942,5219,-10044,44102
2021-04-27,OIL,WTI CRUDE OIL,dis,64458,34405,52680,82596,30053,-29916,152958
2021-04-27,SILVER,SILVER,dis,76380,33539,54556,118308,42841,-63752,172470
2021-04-27,USD,US DOLLAR INDEX,tff,11109,14976,4680,8057,-3867,-3377,36598
2021-05-04,AUD,AUSTRALIAN DOLLAR,tff,42175,22620,2980,42223,19555,-39243,137649
2021-05-04,CAD,CANADIAN DOLLAR,tff,46151,46244,2406,104756,-93,-102350,196817
2021-05-04,CHF,SWISS FRANC,tff,11941,7347,13580,4458,4594,9122,39526
2021-05-04,COPPER,COPPER,dis,128571,74801,76757,140504,53770,-63747,259609
2021-05-04,EUR,EURO FX,tff,59981,63801,37028,460132,-3820,-423104,677397
2021-05-04,GBP,BRITISH POUND,tff,46251,28725,3725,36952,17526,-33227,152741
2021-05-04,GOLD,GOLD,dis,270194,99453,103961,305884,170741,-201923,470341
2021-05-04,JPY,JAPANESE YEN,tff,27394,65632,47343,11375,-38238,35968,152676
2021-05-04,NZD,NEW ZEALAND DOLLAR,tff,20787,16590,4733,16533,4197,-11800,44453
2021-05-04,OIL,WTI CRUDE OIL,dis,66571,34639,43889,74186,31932,-30297,143740
2021-05-04,SILVER,SILVER,dis,78858,30991,49532,118077,47867,-68545,167073
2021-05-04,USD,US DOLLAR INDEX,tff,8003,13384,5830,8057,-5381,-2227,34179
2021-05-11,AUD,AUSTRALIAN DOLLAR,tff,41507,24374,2404,45992,17133,-43588,140907
2021-05-11,CAD,CANADIAN DOLLAR,tff,47810,42461,2910,110843,5349,-107933,201955
2021-05-11,CHF,SWISS FRANC,tff,11538,10220,11523,5953,1318,5570,41585
2021-05-11,COPPER,COPPER,dis,118656,72825,80761,139080,45831,-58319,258498
2021-05-11,EUR,EURO FX,tff,72130,69703,28318,476767,2427,-448449,697211
2021-05-11,GBP,BRITISH POUND,tff,52151,32235,3094,52802,19916,-49708,173960
2021-05-11,GOLD,GOLD,dis,282161,89906,111751,338835,192255,-227084,498693
2021-05-11,JPY,JAPANESE YEN,tff,25983,66036,50064,10078,-40053,39986,152404
2021-05-11,NZD,NEW ZEALAND DOLLAR,tff,20451,16332,4655,18466,4119,-13811,45414
2021-05-11,OIL,WTI CRUDE OIL,dis,64861,36302,50242,76537,28559,-26295,149750
2021-05-11,SILVER,SILVER,dis,86397,33554,50873,124148,52843,-73275,178250
2021-05-11,USD,US DOLLAR INDEX,tff,14888,17279,4810,8057,-2391,-3247,41836
2021-05-18,AUD,AUSTRALIAN DOLLAR,tff,44547,22533,3437,44709,22014,-41272,137436
2021-05-18,CAD,CANADIAN DOLLAR,tff,50150,38330,2986,119874,11820,-116888,207963
2021-05-18,CHF,SWISS FRANC,tff,11657,12219,11466,6914,-562,4552,44162
2021-05-18,COPPER,COPPER,dis,108903,69925,75069,125903,38978,-50834,241354
2021-05-18,EUR,EURO FX,tff,70419,73738,27823,507106,-3319,-479283,727631
2021-05-18,GBP,BRITISH POUND,tff,49591,34113,3392,52205,15478,-48813,173146
2021-05-18,GOLD,GOLD,dis,290267,91378,121839,354740,198889,-232901,520410
2021-05-18,JPY,JAPANESE YEN,tff,21343,69183,59418,6181,-47840,53237,154727
2021-05-18,NZD,NEW ZEALAND DOLLAR,tff,19405,14194,4712,18532,5211,-13820,43155
2021-05-18,OIL,WTI CRUDE OIL,dis,66619,37144,54377,80595,29475,-26218,156115
2021-05-18,SILVER,SILVER,dis,86640,35659,50722,125083,50981,-74361,181606
2021-05-18,USD,US DOLLAR INDEX,tff,12719,16589,5459,8057,-3870,-2598,42995
2021-05-25,AUD,AUSTRALIAN DOLLAR,tff,41952,21783,4771,42823,20169,-38052,134790
2021-05-25,CAD,CANADIAN DOLLAR,tff,53787,41492,2581,124757,12295,-122176,213176
2021-05-25,CHF,SWISS FRANC,tff,12530,10876,11361,8219,1654,3142,43521
2021-05-25,COPPER,COPPER,dis,94206,70493,76319,112521,23713,-36202,230730
2021-05-25,EUR,EURO FX,tff,70981,73484,27676,516244,-2503,-488568,738138
2021-05-25,GBP,BRITISH POUND,tff,48903,29876,2710,54872,19027,-52162,169372
2021-05-25,GOLD,GOLD,dis,288266,73624,111024,361893,214642,-250869,510164
2021-05-25,JPY,JAPANESE YEN,tff,20897,68564,57698,7890,-47667,49808,153196
2021-05-25,NZD,NEW ZEALAND DOLLAR,tff,20556,13760,4738,18319,6796,-13581,44245
2021-05-25,OIL,WTI CRUDE OIL,dis,65119,37315,55449,80457,27804,-25008,157017
2021-05-25,SILVER,SILVER,dis,86013,35531,51487,123761,50482,-72274,180830
2021-05-25,USD,US DOLLAR INDEX,tff,14247,16189,3708,8057,-1942,-4349,43043
2021-06-01,AUD,AUSTRALIAN DOLLAR,tff,44101,20310,5538,40620,23791,-35082,135182
2021-06-01,CAD,CANADIAN DOLLAR,tff,54113,42416,2892,135851,11697,-132959,228957
2021-06-01,CHF,SWISS FRANC,tff,13785,11412,9914,10274,2373,-360,46004
2021-06-01,COPPER,COPPER,dis,92238,73715,77715,109158,18523,-31443,232824
2021-06-01,EUR,EURO FX,tff,69560,69723,27372,521623,-163,-494251,742079
2021-06-01,GBP,BRITISH POUND,tff,45973,35668,3134,54570,10305,-51436,174502
2021-06-01,GOLD,GOLD,dis,288826,75125,102986,351161,213701,-248175,489198
2021-06-01,JPY,JAPANESE YEN,tff,25947,70002,62180,6064,-44055,56116,162091
2021-06-01,NZD,NEW ZEALAND DOLLAR,tff,20683,15548,4798,18199,5135,-13401,46253
2021-06-01,OIL,WTI CRUDE OIL,dis,58969,35795,50485,68143,23174,-17658,144473
2021-06-01,SILVER,SILVER,dis,84400,36883,52300,123782,47517,-71482,182312
2021-06-01,USD,US DOLLAR INDEX,tff,19962,18315,2707,9136,1647,-6429,48045
2021-06-08,AUD,AUSTRALIAN DOLLAR,tff,40835,20209,7726,37155,20626,-29429,148640
2021-06-08,CAD,CANADIAN DOLLAR,tff,50941,38034,3677,134330,12907,-130653,220053
2021-06-08,CHF,SWISS FRANC,tff,12850,11607,9746,10823,1243,-1077,49202
2021-06-08,COPPER,COPPER,dis,91156,76521,78359,104462,14635,-26103,234207
2021-06-08,EUR,EURO FX,tff,63558,70560,23841,517905,-7002,-494064,743159
2021-06-08,GBP,BRITISH POUND,tff,43079,28024,2389,55037,15055,-52648,171602
2021-06-08,GOLD,GOLD,dis,288781,79394,103496,348302,209387,-244806,491858
2021-06-08,JPY,JAPANESE YEN,tff,24831,57822,55126,6791,-32991,48335,161592
2021-06-08,NZD,NEW ZEALAND DOLLAR,tff,18569,14255,4946,17778,4314,-12832,45803
2021-06-08,OIL,WTI CRUDE OIL,dis,60833,36517,50974,68968,24316,-17994,146933
2021-06-08,SILVER,SILVER,dis,83378,33572,54818,124931,49806,-70113,184841
2021-06-08,USD,US DOLLAR INDEX,tff,19680,19205,2587,10172,475,-7585,49573
2021-06-15,AUD,AUSTRALIAN DOLLAR,tff,31240,14084,8998,25442,17156,-16444,124137
2021-06-15,CAD,CANADIAN DOLLAR,tff,49027,31818,3975,132177,17209,-128202,252936
2021-06-15,CHF,SWISS FRANC,tff,14861,5285,1435,6669,9576,-5234,37057
2021-06-15,COPPER,COPPER,dis,90209,79438,79272,102689,10771,-23417,229832
2021-06-15,EUR,EURO FX,tff,49079,51822,16470,501518,-2743,-485048,694722
2021-06-15,GBP,BRITISH POUND,tff,44132,19069,4470,56986,25063,-52516,156059
2021-06-15,GOLD,GOLD,dis,273947,81911,106323,337549,192036,-231226,480127
2021-06-15,JPY,JAPANESE YEN,tff,20987,64417,63712,900,-43430,62812,155359
2021-06-15,NZD,NEW ZEALAND DOLLAR,tff,15489,13585,3445,14302,1904,-10857,37913
2021-06-15,OIL,WTI CRUDE OIL,dis,61070,37675,55692,77216,23395,-21524,153927
2021-06-15,SILVER,SILVER,dis,88591,36527,61399,132403,52064,-71004,194268
2021-06-15,USD,US DOLLAR INDEX,tff,9495,17294,2301,3614,-7799,-1313,37453
2021-06-22,AUD,AUSTRALIAN DOLLAR,tff,47822,22425,21622,22968,25397,-1346,147814
2021-06-22,CAD,CANADIAN DOLLAR,tff,50537,27637,11865,127988,22900,-116123,202787
2021-06-22,CHF,SWISS FRANC,tff,23014,6368,4494,6477,16646,-1983,41889
2021-06-22,COPPER,COPPER,dis,82540,74854,78778,95502,7686,-16724,206167
2021-06-22,EUR,EURO FX,tff,52382,68507,19485,457928,-16125,-438443,694804
2021-06-22,GBP,BRITISH POUND,tff,48628,24161,31961,57436,24467,-25475,171280
2021-06-22,GOLD,GOLD,dis,253153,86939,105830,308212,166214,-202382,453940
2021-06-22,JPY,JAPANESE YEN,tff,32954,75791,89044,1485,-42837,87559,190545
2021-06-22,NZD,NEW ZEALAND DOLLAR,tff,20154,12533,8053,14611,7621,-6558,39285
2021-06-22,OIL,WTI CRUDE OIL,dis,58918,39570,56595,73944,19348,-17349,154071
2021-06-22,SILVER,SILVER,dis,73841,33970,59243,116925,39871,-57682,175703
2021-06-22,USD,US DOLLAR INDEX,tff,8955,20144,1435,3554,-11189,-2119,34629
2021-06-29,AUD,AUSTRALIAN DOLLAR,tff,40989,16960,19555,22539,24029,-2984,140482
2021-06-29,CAD,CANADIAN DOLLAR,tff,50375,24639,7994,128705,25736,-120711,196928
2021-06-29,CHF,SWISS FRANC,tff,21447,5903,7110,6477,15544,633,42684
2021-06-29,COPPER,COPPER,dis,83473,72112,76695,95536,11361,-18841,197783
2021-06-29,EUR,EURO FX,tff,51345,64095,21157,455454,-12750,-434297,697425
2021-06-29,GBP,BRITISH POUND,tff,48548,26797,28892,56101,21751,-27209,169230
2021-06-29,GOLD,GOLD,dis,254206,91980,107398,302518,162226,-195120,453360
2021-06-29,JPY,JAPANESE YEN,tff,26020,76282,99898,835,-50262,99063,195698
2021-06-29,NZD,NEW ZEALAND DOLLAR,tff,20951,12640,8837,15372,8311,-6535,41352
2021-06-29,OIL,WTI CRUDE OIL,dis,59266,41733,59161,77490,17533,-18329,158062
2021-06-29,SILVER,SILVER,dis,71855,30378,48274,105382,41477,-57108,157119
2021-06-29,USD,US DOLLAR INDEX,tff,8425,21743,1311,3554,-13318,-2243,34924
2021-07-06,AUD,AUSTRALIAN DOLLAR,tff,47777,23384,25548,17975,24393,7573,147352
2021-07-06,CAD,CANADIAN DOLLAR,tff,53925,27315,10742,127454,26610,-116712,202136
2021-07-06,CHF,SWISS FRANC,tff,21735,5205,10219,5800,16530,4419,44739
2021-07-06,COPPER,COPPER,dis,84324,68551,75804,101386,15773,-25582,202781
2021-07-06,EUR,EURO FX,tff,52702,68652,24503,441656,-15950,-417153,699383
2021-07-06,GBP,BRITISH POUND,tff,55336,25501,37795,53695,29835,-15900,178783
2021-07-06,GOLD,GOLD,dis,270545,87724,107675,322401,182821,-214726,465811
2021-07-06,JPY,JAPANESE YEN,tff,32680,73029,105631,1862,-40349,103769,205341
2021-07-06,NZD,NEW ZEALAND DOLLAR,tff,20973,11615,9211,15598,9358,-6387,41756
2021-07-06,OIL,WTI CRUDE OIL,dis,59831,37958,42408,70912,21873,-28504,145245
2021-07-06,SILVER,SILVER,dis,76790,32302,43915,107012,44488,-63097,157216
2021-07-06,USD,US DOLLAR INDEX,tff,10158,16075,1161,12191,-5917,-11030,37205
2021-07-13,AUD,AUSTRALIAN DOLLAR,tff,49934,24669,34753,15192,25265,19561,155995
2021-07-13,CAD,CANADIAN DOLLAR,tff,50876,23961,20420,116843,26915,-96423,198714
2021-07-13,CHF,SWISS FRANC,tff,20515,6421,12630,5987,14094,6643,45704
2021-07-13,COPPER,COPPER,dis,82971,65992,75895,102883,16979,-26988,199936
2021-07-13,EUR,EURO FX,tff,59722,81863,25282,413540,-22141,-388258,688952
2021-07-13,GBP,BRITISH POUND,tff,44513,25567,44338,52123,18946,-7785,172345
2021-07-13,GOLD,GOLD,dis,275543,84707,112439,333467,190836,-221028,495798
2021-07-13,JPY,JAPANESE YEN,tff,39052,76728,96224,4663,-37676,91561,203727
2021-07-13,NZD,NEW ZEALAND DOLLAR,tff,21816,11538,10572,13911,10278,-3339,42463
2021-07-13,OIL,WTI CRUDE OIL,dis,62649,38485,43469,74905,24164,-31436,149945
2021-07-13,SILVER,SILVER,dis,74247,30558,43326,104194,43689,-60868,154699
2021-07-13,USD,US DOLLAR INDEX,tff,11238,14131,1182,15134,-2893,-13952,37890
2021-07-20,AUD,AUSTRALIAN DOLLAR,tff,51728,27836,41842,11408,23892,30434,163574
2021-07-20,CAD,CANADIAN DOLLAR,tff,52276,28654,25737,88539,23622,-62802,189308
2021-07-20,CHF,SWISS FRANC,tff,20510,4197,12073,5833,16313,6240,44735
2021-07-20,COPPER,COPPER,dis,81809,61536,76387,103765,20273,-27378,197428
2021-07-20,EUR,EURO FX,tff,54722,88458,43547,386877,-33736,-343330,683075
2021-07-20,GBP,BRITISH POUND,tff,43207,30515,66063,48984,12692,17079,188787
2021-07-20,GOLD,GOLD,dis,277312,81340,123541,352089,195972,-228548,490520
2021-07-20,JPY,JAPANESE YEN,tff,32804,72939,90790,4720,-40135,86070,192301
2021-07-20,NZD,NEW ZEALAND DOLLAR,tff,22747,10934,11212,13821,11813,-2609,43583
2021-07-20,OIL,WTI CRUDE OIL,dis,61846,39366,47833,75769,22480,-27936,152224
2021-07-20,SILVER,SILVER,dis,70286,32811,43900,96442,37475,-52542,151763
2021-07-20,USD,US DOLLAR INDEX,tff,13306,16028,852,15653,-2722,-14801,38918
2021-07-27,AUD,AUSTRALIAN DOLLAR,tff,52523,26953,45292,10136,25570,35156,167840
2021-07-27,CAD,CANADIAN DOLLAR,tff,39640,24952,25004,84601,14688,-59597,174701
2021-07-27,CHF,SWISS FRANC,tff,20296,4625,10995,5862,15671,5133,44784
2021-07-27,COPPER,COPPER,dis,92484,55133,76570,119577,37351,-43007,208816
2021-07-27,EUR,EURO FX,tff,53235,86419,44381,375205,-33184,-330824,678008
2021-07-27,GBP,BRITISH POUND,tff,41636,31899,63834,51690,9737,12144,185373
2021-07-27,GOLD,GOLD,dis,273688,74300,116498,345312,199388,-228814,500187
2021-07-27,JPY,JAPANESE YEN,tff,31715,69439,96706,2036,-37724,94670,196102
2021-07-27,NZD,NEW ZEALAND DOLLAR,tff,21337,11686,11147,14318,9651,-3171,43953
2021-07-27,OIL,WTI CRUDE OIL,dis,62275,40656,48883,76000,21619,-27117,154222
2021-07-27,SILVER,SILVER,dis,66733,35516,45816,92725,31217,-46909,150814
2021-07-27,USD,US DOLLAR INDEX,tff,13649,15071,1649,20523,-1422,-18874,43059
2021-08-03,AUD,AUSTRALIAN DOLLAR,tff,51864,26834,45699,8507,25030,37192,169889
2021-08-03,CAD,CANADIAN DOLLAR,tff,38425,24823,22402,83834,13602,-61432,170609
2021-08-03,CHF,SWISS FRANC,tff,18350,5600,7892,5800,12750,2092,42456
2021-08-03,COPPER,COPPER,dis,91973,56913,77829,123019,35060,-45190,211071
2021-08-03,EUR,EURO FX,tff,51182,88923,45158,373396,-37741,-328238,674491
2021-08-03,GBP,BRITISH POUND,tff,42949,31674,46639,54359,11275,-7720,180873
2021-08-03,GOLD,GOLD,dis,273143,76808,121349,352633,196335,-231284,485663
2021-08-03,JPY,JAPANESE YEN,tff,29822,66104,90646,5279,-36282,85367,189242
2021-08-03,NZD,NEW ZEALAND DOLLAR,tff,19319,12600,11440,13698,6719,-2258,42743
2021-08-03,OIL,WTI CRUDE OIL,dis,55777,37581,40467,67184,18196,-26717,138991
2021-08-03,SILVER,SILVER,dis,66192,30053,42659,94828,36139,-52169,146196
2021-08-03,USD,US DOLLAR INDEX,tff,15843,13844,1780,21910,1999,-20130,43131
2021-08-10,AUD,AUSTRALIAN DOLLAR,tff,52243,35217,50835,3090,17026,47745,171742
2021-08-10,CAD,CANADIAN DOLLAR,tff,38000,26526,23386,82845,11474,-59459,171602
2021-08-10,CHF,SWISS FRANC,tff,20375,5603,11688,5226,14772,6462,45159
2021-08-10,COPPER,COPPER,dis,88960,59929,72552,111784,29031,-39232,199899
2021-08-10,EUR,EURO FX,tff,59526,97549,54108,375546,-38023,-321438,702098
2021-08-10,GBP,BRITISH POUND,tff,42683,25128,43990,58217,17555,-14227,178875
2021-08-10,GOLD,GOLD,dis,277260,108854,124720,320361,168406,-195641,477232
2021-08-10,JPY,JAPANESE YEN,tff,37354,71652,103406,1921,-34298,101485,206131
2021-08-10,NZD,NEW ZEALAND DOLLAR,tff,19682,12544,11010,13798,7138,-2788,46690
2021-08-10,OIL,WTI CRUDE OIL,dis,59843,38035,40163,74323,21808,-34160,143154
2021-08-10,SILVER,SILVER,dis,64379,39905,51825,91673,24474,-39848,154491
2021-08-10,USD,US DOLLAR INDEX,tff,18737,14524,704,21910,4213,-21206,45126
2021-08-17,AUD,AUSTRALIAN DOLLAR,tff,59034,43810,59383,3090,15224,56293,186948
2021-08-17,CAD,CANADIAN DOLLAR,tff,37889,30094,29900,79933,7795,-50033,177460
2021-08-17,CHF,SWISS FRANC,tff,16347,5484,12324,5141,10863,7183,44005
2021-08-17,COPPER,COPPER,dis,85953,65873,81424,111079,20080,-29655,208878
2021-08-17,EUR,EURO FX,tff,58690,92187,50534,368099,-33497,-317565,694792
2021-08-17,GBP,BRITISH POUND,tff,40837,22658,49724,54683,18179,-4959,178385
2021-08-17,GOLD,GOLD,dis,284437,92895,123301,337301,191542,-214000,485485
2021-08-17,JPY,JAPANESE YEN,tff,27637,63576,97280,3692,-35939,93588,196495
2021-08-17,NZD,NEW ZEALAND DOLLAR,tff,18054,12537,10941,13950,5517,-3009,44222
2021-08-17,OIL,WTI CRUDE OIL,dis,58851,38083,40366,73826,20768,-33460,143095
2021-08-17,SILVER,SILVER,dis,63390,42170,55831,91321,21220,-35490,153825
2021-08-17,USD,US DOLLAR INDEX,tff,17096,14519,1118,21910,2577,-20792,46576
2021-08-24,AUD,AUSTRALIAN DOLLAR,tff,52886,49593,71079,3090,3293,67989,197636
2021-08-24,CAD,CANADIAN DOLLAR,tff,37466,24315,28872,72389,13151,-43517,171487
2021-08-24,CHF,SWISS FRANC,tff,16366,5773,12246,5072,10593,7174,43703
2021-08-24,COPPER,COPPER,dis,73890,65266,85537,99147,8624,-13610,192968
2021-08-24,EUR,EURO FX,tff,62532,83371,51406,361523,-20839,-310117,698547
2021-08-24,GBP,BRITISH POUND,tff,40108,33102,62471,53378,7006,9093,196366
2021-08-24,GOLD,GOLD,dis,299084,88431,123101,357779,210653,-234678,504735
2021-08-24,JPY,JAPANESE YEN,tff,26013,62950,99138,3841,-36937,95297,194477
2021-08-24,NZD,NEW ZEALAND DOLLAR,tff,18564,11291,12958,11819,7273,1139,46444
2021-08-24,OIL,WTI CRUDE OIL,dis,55759,38010,40409,70788,17749,-30379,141830
2021-08-24,SILVER,SILVER,dis,63311,41450,50674,86800,21861,-36126,149847
2021-08-24,USD,US DOLLAR INDEX,tff,15884,17917,1789,21910,-2033,-20121,48509
2021-08-31,AUD,AUSTRALIAN DOLLAR,tff,39075,44457,70455,3156,-5382,67299,182084
2021-08-31,CAD,CANADIAN DOLLAR,tff,35178,31994,31452,65907,3184,-34455,170439
2021-08-31,CHF,SWISS FRANC,tff,16158,5916,11190,5092,10242,6098,43060
2021-08-31,COPPER,COPPER,dis,78177,56270,76853,103952,21907,-27099,190030
2021-08-31,EUR,EURO FX,tff,56161,94209,50492,359275,-38048,-308783,705110
2021-08-31,GBP,BRITISH POUND,tff,36864,26987,58021,57156,9877,865,194010
2021-08-31,GOLD,GOLD,dis,311004,94454,119896,360408,216550,-240512,507113
2021-08-31,JPY,JAPANESE YEN,tff,28437,59939,97773,3461,-31502,94312,193999
2021-08-31,NZD,NEW ZEALAND DOLLAR,tff,19399,14434,12073,12890,4965,-817,48296
2021-08-31,OIL,WTI CRUDE OIL,dis,61857,38880,41545,75885,22977,-34340,148395
2021-08-31,SILVER,SILVER,dis,62935,40604,45248,83215,22331,-37967,140937
2021-08-31,USD,US DOLLAR INDEX,tff,15092,18060,2889,21910,-2968,-19021,48837
2021-09-07,AUD,AUSTRALIAN DOLLAR,tff,21528,46247,75143,3679,-24719,71464,173484
2021-09-07,CAD,CANADIAN DOLLAR,tff,31419,32037,30872,68369,-618,-37497,170506
2021-09-07,CHF,SWISS FRANC,tff,13537,6743,14788,1736,6794,13052,44573
2021-09-07,COPPER,COPPER,dis,78326,54734,75467,104930,23592,-29463,190379
2021-09-07,EUR,EURO FX,tff,51065,82340,42340,376699,-31275,-334359,696734
2021-09-07,GBP,BRITISH POUND,tff,29549,31768,59870,55915,-2219,3955,201389
2021-09-07,GOLD,GOLD,dis,306017,99978,119906,355714,206039,-235808,506772
2021-09-07,JPY,JAPANESE YEN,tff,29624,65059,92070,1492,-35435,90578,204435
2021-09-07,NZD,NEW ZEALAND DOLLAR,tff,20005,11543,10184,19604,8462,-9420,58075
2021-09-07,OIL,WTI CRUDE OIL,dis,59453,37352,32272,67882,22101,-35610,133678
2021-09-07,SILVER,SILVER,dis,63879,35323,42561,85813,28556,-43252,139187
2021-09-07,USD,US DOLLAR INDEX,tff,15815,13403,3389,23037,2412,-19648,46368
2021-09-14,AUD,AUSTRALIAN DOLLAR,tff,4679,39108,93715,4734,-34429,88981,164727
2021-09-14,CAD,CANADIAN DOLLAR,tff,36405,34071,32528,67001,2334,-34473,175708
2021-09-14,CHF,SWISS FRANC,tff,8551,6794,23384,1741,1757,21643,45513
2021-09-14,COPPER,COPPER,dis,81223,52444,73999,110108,28779,-36109,192156
2021-09-14,EUR,EURO FX,tff,48022,74166,20864,360165,-26144,-339301,653102
2021-09-14,GBP,BRITISH POUND,tff,36127,21349,12017,30300,14778,-18283,142607
2021-09-14,GOLD,GOLD,dis,306988,99228,119152,353403,207760,-234251,506356
2021-09-14,JPY,JAPANESE YEN,tff,19829,55113,96137,20272,-35284,75865,192088
2021-09-14,NZD,NEW ZEALAND DOLLAR,tff,16381,5929,2978,14380,10452,-11402,35667
2021-09-14,OIL,WTI CRUDE OIL,dis,59942,38114,34644,71216,21828,-36572,138114
2021-09-14,SILVER,SILVER,dis,64827,38151,42909,83065,26676,-40156,140540
2021-09-14,USD,US DOLLAR INDEX,tff,17425,11244,3334,26878,6181,-23544,44386
2021-09-21,AUD,AUSTRALIAN DOLLAR,tff,18442,47916,103151,3612,-29474,99539,185492
2021-09-21,CAD,CANADIAN DOLLAR,tff,17352,31406,5672,16196,-14054,-10524,118528
2021-09-21,CHF,SWISS FRANC,tff,10499,8696,33740,1646,1803,32094,56838
2021-09-21,COPPER,COPPER,dis,78931,59661,74936,99420,19270,-24484,190659
2021-09-21,EUR,EURO FX,tff,50898,80625,20461,350717,-29727,-330256,663519
2021-09-21,GBP,BRITISH POUND,tff,45460,23967,30229,23263,21493,6966,159908
2021-09-21,GOLD,GOLD,dis,296670,109023,119307,331951,187647,-212644,492765
2021-09-21,JPY,JAPANESE YEN,tff,19906,52543,93824,26021,-32637,67803,191213
2021-09-21,NZD,NEW ZEALAND DOLLAR,tff,18361,7094,3144,13517,11267,-10373,36691
2021-09-21,OIL,WTI CRUDE OIL,dis,58502,39107,35215,70054,19395,-34839,138724
2021-09-21,SILVER,SILVER,dis,66708,51073,45282,73337,15635,-28055,145537
2021-09-21,USD,US DOLLAR INDEX,tff,19537,12964,639,27378,6573,-26739,45934
2021-09-28,AUD,AUSTRALIAN DOLLAR,tff,12556,48020,105549,3724,-35464,101825,180869
2021-09-28,CAD,CANADIAN DOLLAR,tff,19800,29306,8872,17392,-9506,-8520,118066
2021-09-28,CHF,SWISS FRANC,tff,9147,9142,37294,1629,5,35665,58506
2021-09-28,COPPER,COPPER,dis,78291,59714,73815,95535,18577,-21720,184988
2021-09-28,EUR,EURO FX,tff,53203,98491,28469,326257,-45288,-297788,668067
2021-09-28,GBP,BRITISH POUND,tff,51399,29618,38012,23318,21781,14694,171773
2021-09-28,GOLD,GOLD,dis,293814,125415,124073,314224,168399,-190151,490858
2021-09-28,JPY,JAPANESE YEN,tff,33996,64226,112536,19750,-30230,92786,219638
2021-09-28,NZD,NEW ZEALAND DOLLAR,tff,16530,5826,3494,13142,10704,-9648,33673
2021-09-28,OIL,WTI CRUDE OIL,dis,62713,41819,50244,79442,20894,-29198,149125
2021-09-28,SILVER,SILVER,dis,64490,47785,44202,72850,16705,-28648,142163
2021-09-28,USD,US DOLLAR INDEX,tff,22359,19728,889,28414,2631,-27525,55330
2021-10-05,AUD,AUSTRALIAN DOLLAR,tff,11981,48306,111930,3479,-36325,108451,188691
2021-10-05,CAD,CANADIAN DOLLAR,tff,17296,35287,10406,18554,-17991,-8148,120168
2021-10-05,CHF,SWISS FRANC,tff,4447,6764,38819,1475,-2317,37344,55970
2021-10-05,COPPER,COPPER,dis,76437,62020,74348,93266,14417,-18918,185655
2021-10-05,EUR,EURO FX,tff,51655,123129,44500,318567,-71474,-274067,693591
2021-10-05,GBP,BRITISH POUND,tff,45195,30675,60789,22774,14520,38015,182338
2021-10-05,GOLD,GOLD,dis,295939,113357,114229,317931,182582,-203702,483789
2021-10-05,JPY,JAPANESE YEN,tff,29347,66177,123644,19325,-36830,104319,226379
2021-10-05,NZD,NEW ZEALAND DOLLAR,tff,17364,6746,5901,12067,10618,-6166,35861
2021-10-05,OIL,WTI CRUDE OIL,dis,60341,39126,48657,76934,21215,-28277,138778
2021-10-05,SILVER,SILVER,dis,63957,47578,43573,71351,16379,-27778,139763
2021-10-05,USD,US DOLLAR INDEX,tff,20533,13937,1064,36031,6596,-34967,57194
2021-10-12,AUD,AUSTRALIAN DOLLAR,tff,7671,50278,107526,6488,-42607,101038,177932
2021-10-12,CAD,CANADIAN DOLLAR,tff,19473,45550,9313,24127,-26077,-14814,127827
2021-10-12,CHF,SWISS FRANC,tff,5081,7022,40361,2085,-1941,38276,57341
2021-10-12,COPPER,COPPER,dis,83816,61335,74878,100745,22481,-25867,194817
2021-10-12,EUR,EURO FX,tff,58428,122030,54801,315390,-63602,-260589,695329
2021-10-12,GBP,BRITISH POUND,tff,42275,30139,52131,22961,12136,29170,172829
2021-10-12,GOLD,GOLD,dis,298503,112964,110697,318311,185539,-207614,484382
2021-10-12,JPY,JAPANESE YEN,tff,34597,73453,133145,20611,-38856,112534,243617
2021-10-12,NZD,NEW ZEALAND DOLLAR,tff,19474,9860,6919,11285,9614,-4366,37340
2021-10-12,OIL,WTI CRUDE OIL,dis,70031,40798,45683,76435,29233,-30752,141667
2021-10-12,SILVER,SILVER,dis,63488,45501,43055,73347,17987,-30292,139403
2021-10-12,USD,US DOLLAR INDEX,tff,23391,15556,1114,40055,7835,-38941,62836
2021-10-19,AUD,AUSTRALIAN DOLLAR,tff,7647,51092,80283,7407,-43445,72876,158531
2021-10-19,CAD,CANADIAN DOLLAR,tff,31787,49458,8713,51340,-17671,-42627,153912
2021-10-19,CHF,SWISS FRANC,tff,3862,12822,39672,2113,-8960,37559,55600
2021-10-19,COPPER,COPPER,dis,103496,62912,79080,125288,40584,-46208,225225
2021-10-19,EUR,EURO FX,tff,49927,103118,45718,315402,-53191,-269684,679418
2021-10-19,GBP,BRITISH POUND,tff,41964,35782,30282,31359,6182,-1077,158961
2021-10-19,GOLD,GOLD,dis,299882,106533,107128,326318,193349,-219190,485974
2021-10-19,JPY,JAPANESE YEN,tff,43227,90256,150285,15982,-47029,134303,266750
2021-10-19,NZD,NEW ZEALAND DOLLAR,tff,19972,13928,5052,11456,6044,-6404,37730
2021-10-19,OIL,WTI CRUDE OIL,dis,72147,42759,54278,81984,29388,-27706,150751
2021-10-19,SILVER,SILVER,dis,66572,36216,40556,85136,30356,-44580,143664
2021-10-19,USD,US DOLLAR INDEX,tff,21886,13051,1264,40733,8835,-39469,60731
2021-10-26,AUD,AUSTRALIAN DOLLAR,tff,11431,49688,74290,9600,-38257,64690,160011
2021-10-26,CAD,CANADIAN DOLLAR,tff,34849,49209,3679,64402,-14360,-60723,159475
2021-10-26,CHF,SWISS FRANC,tff,2670,14260,37914,1549,-11590,36365,54305
2021-10-26,COPPER,COPPER,dis,98232,60953,80168,126038,37279,-45870,222927
2021-10-26,EUR,EURO FX,tff,55993,106564,52966,308571,-50571,-255605,680374
2021-10-26,GBP,BRITISH POUND,tff,43047,35660,23797,33958,7387,-10161,156495
2021-10-26,GOLD,GOLD,dis,313646,99086,103423,343077,214560,-239654,509794
2021-10-26,JPY,JAPANESE YEN,tff,38286,98852,155437,14999,-60566,140438,265254
2021-10-26,NZD,NEW ZEALAND DOLLAR,tff,20937,15535,3340,17838,5402,-14498,43061
2021-10-26,OIL,WTI CRUDE OIL,dis,72737,42892,55908,84392,29845,-28484,154056
2021-10-26,SILVER,SILVER,dis,66677,29145,39289,90793,37532,-51504,141581
2021-10-26,USD,US DOLLAR INDEX,tff,20531,11478,1264,40782,9053,-39518,58993
2021-11-02,AUD,AUSTRALIAN DOLLAR,tff,11171,52778,71099,13552,-41607,57547,162888
2021-11-02,CAD,CANADIAN DOLLAR,tff,27513,44701,3703,65308,-17188,-61605,156194
2021-11-02,CHF,SWISS FRANC,tff,2809,17472,29832,1543,-14663,28289,51613
2021-11-02,COPPER,COPPER,dis,88632,56297,81457,122751,32335,-41294,217216
2021-11-02,EUR,EURO FX,tff,55382,96689,54829,313129,-41307,-258300,678024
2021-11-02,GBP,BRITISH POUND,tff,49567,33952,29872,32947,15615,-3075,166780
2021-11-02,GOLD,GOLD,dis,311091,95962,100692,340569,215129,-239877,507616
2021-11-02,JPY,JAPANESE YEN,tff,22561,90828,148738,15373,-68267,133365,251058
2021-11-02,NZD,NEW ZEALAND DOLLAR,tff,23865,12763,3535,21718,11102,-18183,45436
2021-11-02,OIL,WTI CRUDE OIL,dis,68886,40600,39205,70857,28286,-31652,136983
2021-11-02,SILVER,SILVER,dis,64502,31387,41473,90333,33115,-48860,141394
2021-11-02,USD,US DOLLAR INDEX,tff,20895,10806,1264,40793,10089,-39529,57947
2021-11-09,AUD,AUSTRALIAN DOLLAR,tff,15956,40707,70381,8818,-24751,61563,157269
2021-11-09,CAD,CANADIAN DOLLAR,tff,28599,41576,2810,64254,-12977,-61444,154720
2021-11-09,CHF,SWISS FRANC,tff,6060,17225,24527,2316,-11165,22211,51546
2021-11-09,COPPER,COPPER,dis,82781,59992,82413,115607,22789,-33194,213365
2021-11-09,EUR,EURO FX,tff,55225,90357,48816,315316,-35132,-266500,678368
2021-11-09,GBP,BRITISH POUND,tff,46819,40372,59810,16209,6447,43601,186898
2021-11-09,GOLD,GOLD,dis,341111,90930,105197,380686,250181,-275489,571025
2021-11-09,JPY,JAPANESE YEN,tff,17400,89346,145815,15849,-71946,129966,243087
2021-11-09,NZD,NEW ZEALAND DOLLAR,tff,22258,9769,3758,21183,12489,-17425,43461
2021-11-09,OIL,WTI CRUDE OIL,dis,72224,41298,39546,74245,30926,-34699,141016
2021-11-09,SILVER,SILVER,dis,65013,28098,43811,97480,36915,-53669,144370
2021-11-09,USD,US DOLLAR INDEX,tff,21974,10955,1254,40813,11019,-39559,57713
2021-11-16,AUD,AUSTRALIAN DOLLAR,tff,24272,40250,83026,4940,-15978,78086,166688
2021-11-16,CAD,CANADIAN DOLLAR,tff,30156,33984,3272,60151,-3828,-56879,148955
2021-11-16,CHF,SWISS FRANC,tff,6880,9757,25484,2073,-2877,23411,49320
2021-11-16,COPPER,COPPER,dis,81599,61262,79856,110661,20337,-30805,208066
2021-11-16,EUR,EURO FX,tff,60703,101120,59015,311430,-40417,-252415,705698
2021-11-16,GBP,BRITISH POUND,tff,43760,45717,87757,14263,-1957,73494,207099
2021-11-16,GOLD,GOLD,dis,360529,100749,125758,413297,259780,-287539,612612
2021-11-16,JPY,JAPANESE YEN,tff,22158,87854,155822,17523,-65696,138299,252897
2021-11-16,NZD,NEW ZEALAND DOLLAR,tff,24394,10726,4006,19843,13668,-15837,42945
2021-11-16,OIL,WTI CRUDE OIL,dis,74657,41146,39701,76768,33511,-37067,142926
2021-11-16,SILVER,SILVER,dis,73944,28319,40998,107146,45625,-66148,152404
2021-11-16,USD,US DOLLAR INDEX,tff,22766,11352,1222,40813,11414,-39591,59387
2021-11-23,AUD,AUSTRALIAN DOLLAR,tff,34491,45194,96415,4231,-10703,92184,188033
2021-11-23,CAD,CANADIAN DOLLAR,tff,34284,36891,7723,42133,-2607,-34410,150275
2021-11-23,CHF,SWISS FRANC,tff,7646,10905,27938,1706,-3259,26232,52412
2021-11-23,COPPER,COPPER,dis,71699,57977,77592,98533,13722,-20941,190681
2021-11-23,EUR,EURO FX,tff,61527,111496,60870,291932,-49969,-231062,711685
2021-11-23,GBP,BRITISH POUND,tff,45082,46712,92672,12682,-1630,79990,213313
2021-11-23,GOLD,GOLD,dis,326409,91998,121027,388861,234411,-267834,559823
2021-11-23,JPY,JAPANESE YEN,tff,21910,82449,154587,18844,-60539,135743,251801
2021-11-23,NZD,NEW ZEALAND DOLLAR,tff,25565,10954,5994,18639,14611,-12645,44524
2021-11-23,OIL,WTI CRUDE OIL,dis,76659,41146,41441,83462,35513,-42021,150457
2021-11-23,SILVER,SILVER,dis,68478,28373,41120,98118,40105,-56998,149642
2021-11-23,USD,US DOLLAR INDEX,tff,21177,10546,1073,40824,10631,-39751,57694
2021-11-30,AUD,AUSTRALIAN DOLLAR,tff,27801,51155,118775,4102,-23354,114673,201981
2021-11-30,CAD,CANADIAN DOLLAR,tff,32140,42696,16633,23782,-10556,-7149,148375
2021-11-30,CHF,SWISS FRANC,tff,4745,9764,27107,1636,-5019,25471,50543
2021-11-30,COPPER,COPPER,dis,68310,59119,78773,94536,9191,-15763,184214
2021-11-30,EUR,EURO FX,tff,59415,109863,56898,288928,-50448,-232030,705409
2021-11-30,GBP,BRITISH POUND,tff,47223,50978,112327,8941,-3755,103386,230423
2021-11-30,GOLD,GOLD,dis,310253,84393,119562,378165,225860,-258603,531868
2021-11-30,JPY,JAPANESE YEN,tff,23109,62012,121939,21800,-38903,100139,216692
2021-11-30,NZD,NEW ZEALAND DOLLAR,tff,30110,14519,10023,14198,15591,-4175,49483
2021-11-30,OIL,WTI CRUDE OIL,dis,83383,41422,44527,91320,41961,-46793,157460
2021-11-30,SILVER,SILVER,dis,62678,24244,40107,92116,38434,-52009,138003
2021-11-30,USD,US DOLLAR INDEX,tff,17091,5251,823,40824,11840,-40001,52172
2021-12-07,AUD,AUSTRALIAN DOLLAR,tff,28838,45573,119984,5035,-16735,114949,212150
2021-12-07,CAD,CANADIAN DOLLAR,tff,31840,39406,14851,23021,-7566,-8170,155078
2021-12-07,CHF,SWISS FRANC,tff,3651,8883,26326,1539,-5232,24787,51229
2021-12-07,COPPER,COPPER,dis,63403,56199,76370,90589,7204,-14219,173954
2021-12-07,EUR,EURO FX,tff,54321,102069,49367,297138,-47748,-247771,716213
2021-12-07,GBP,BRITISH POUND,tff,42212,46994,114629,8100,-4782,106529,238310
2021-12-07,GOLD,GOLD,dis,300518,83333,103942,349565,217185,-245623,499307
2021-12-07,JPY,JAPANESE YEN,tff,19301,48219,107950,19749,-28918,88201,205970
2021-12-07,NZD,NEW ZEALAND DOLLAR,tff,33132,13400,11088,11673,19732,-585,55975
2021-12-07,OIL,WTI CRUDE OIL,dis,73488,38850,39581,77490,34638,-37909,140244
2021-12-07,SILVER,SILVER,dis,62930,33097,39369,82517,29833,-43148,136572
2021-12-07,USD,US DOLLAR INDEX,tff,15931,7037,748,40872,8894,-40124,59994
2021-12-14,AUD,AUSTRALIAN DOLLAR,tff,28401,41181,119523,4514,-12780,115009,197405
2021-12-14,CAD,CANADIAN DOLLAR,tff,27692,43020,6499,22589,-15328,-16090,186638
2021-12-14,CHF,SWISS FRANC,tff,2643,3157,18656,1497,-514,17159,38467
2021-12-14,COPPER,COPPER,dis,62990,56293,75561,88669,6697,-13108,171976
2021-12-14,EUR,EURO FX,tff,51027,104672,30793,272703,-53645,-241910,661711
2021-12-14,GBP,BRITISH POUND,tff,30781,31726,121200,10280,-945,110920,213210
2021-12-14,GOLD,GOLD,dis,298142,95741,107421,338832,202401,-231411,503709
2021-12-14,JPY,JAPANESE YEN,tff,24246,45627,88670,2440,-21381,86230,176584
2021-12-14,NZD,NEW ZEALAND DOLLAR,tff,13894,11858,20220,1636,2036,18584,41223
2021-12-14,OIL,WTI CRUDE OIL,dis,71220,42214,45399,76367,29006,-30968,143951
2021-12-14,SILVER,SILVER,dis,63669,41685,43477,79332,21984,-35855,142384
2021-12-14,USD,US DOLLAR INDEX,tff,15292,13423,807,34310,1869,-33503,52098
2021-12-21,AUD,AUSTRALIAN DOLLAR,tff,20736,37301,119262,5107,-16565,114155,191309
2021-12-21,CAD,CANADIAN DOLLAR,tff,16325,43932,34908,14956,-27607,19952,145562
2021-12-21,CHF,SWISS FRANC,tff,3677,4777,19275,1500,-1100,17775,40920
2021-12-21,COPPER,COPPER,dis,60983,56546,77851,87628,4437,-9777,170353
2021-12-21,EUR,EURO FX,tff,56120,107792,30687,274735,-51672,-244048,672239
2021-12-21,GBP,BRITISH POUND,tff,22969,33801,121244,11855,-10832,109389,207747
2021-12-21,GOLD,GOLD,dis,296628,90817,104997,341026,205811,-236029,500846
2021-12-21,JPY,JAPANESE YEN,tff,25404,46104,93354,3842,-20700,89512,183743
2021-12-21,NZD,NEW ZEALAND DOLLAR,tff,11408,10369,21761,1651,1039,20110,41354
2021-12-21,OIL,WTI CRUDE OIL,dis,72201,42603,55270,79890,29598,-24620,149955
2021-12-21,SILVER,SILVER,dis,62070,41144,42742,79141,20926,-36399,141119
2021-12-21,USD,US DOLLAR INDEX,tff,16874,13318,1232,38464,3556,-37232,56162
2021-12-28,AUD,AUSTRALIAN DOLLAR,tff,14666,35231,117177,4735,-20565,112442,183152
2021-12-28,CAD,CANADIAN DOLLAR,tff,12466,39885,33018,15462,-27419,17556,138692
2021-12-28,CHF,SWISS FRANC,tff,2260,5744,18957,1481,-3484,17476,40122
2021-12-28,COPPER,COPPER,dis,70980,56597,77057,96736,14383,-19679,180736
2021-12-28,EUR,EURO FX,tff,57637,108038,31727,281161,-50401,-249434,673273
2021-12-28,GBP,BRITISH POUND,tff,25821,39881,109263,20658,-14060,88605,205378
2021-12-28,GOLD,GOLD,dis,303879,90723,103172,348836,213156,-245664,508912
2021-12-28,JPY,JAPANESE YEN,tff,33153,54022,102130,4107,-20869,98023,203814
2021-12-28,NZD,NEW ZEALAND DOLLAR,tff,11833,12186,21075,1719,-353,19356,41862
2021-12-28,OIL,WTI CRUDE OIL,dis,74730,43307,56712,83211,31423,-26499,153290
2021-12-28,SILVER,SILVER,dis,63873,37415,41386,83314,26458,-41928,141246
2021-12-28,USD,US DOLLAR INDEX,tff,16623,12614,1336,40621,4009,-39285,57892
2022-01-04,AUD,AUSTRALIAN DOLLAR,tff,10204,36962,116983,6382,-26758,110601,180107
2022-01-04,CAD,CANADIAN DOLLAR,tff,11260,35482,31920,14752,-24222,17168,135633
2022-01-04,CHF,SWISS FRANC,tff,5691,9014,19582,2104,-3323,17478,42251
2022-01-04,COPPER,COPPER,dis,75207,55448,74398,99243,19759,-24845,185905
2022-01-04,EUR,EURO FX,tff,53226,103086,40946,288602,-49860,-247656,678218
2022-01-04,GBP,BRITISH POUND,tff,31194,36859,96727,27333,-5665,69394,200007
2022-01-04,GOLD,GOLD,dis,296583,85228,104258,341716,211355,-237458,502717
2022-01-04,JPY,JAPANESE YEN,tff,40072,68556,121341,4722,-28484,116619,234068
2022-01-04,NZD,NEW ZEALAND DOLLAR,tff,9988,11215,21529,1981,-1227,19548,40302
2022-01-04,OIL,WTI CRUDE OIL,dis,74581,40267,43125,76101,34314,-32976,140556
2022-01-04,SILVER,SILVER,dis,65108,34189,39892,83865,30919,-43973,139521
2022-01-04,USD,US DOLLAR INDEX,tff,17415,11137,3026,42389,6278,-39363,58089
2022-01-11,AUD,AUSTRALIAN DOLLAR,tff,10966,37903,119936,5091,-26937,114845,185453
2022-01-11,CAD,CANADIAN DOLLAR,tff,13785,34470,28712,21217,-20685,7495,138571
2022-01-11,CHF,SWISS FRANC,tff,5871,7894,22141,2129,-2023,20012,42713
2022-01-11,COPPER,COPPER,dis,73808,57102,75817,98358,16706,-22541,189678
2022-01-11,EUR,EURO FX,tff,58385,106059,41212,296028,-47674,-254816,682293
2022-01-11,GBP,BRITISH POUND,tff,33775,37946,91565,35534,-4171,56031,200493
2022-01-11,GOLD,GOLD,dis,290102,90365,116292,341365,199737,-225073,546516
2022-01-11,JPY,JAPANESE YEN,tff,33224,74129,132397,3507,-40905,128890,234005
2022-01-11,NZD,NEW ZEALAND DOLLAR,tff,11940,13186,21448,1873,-1246,19575,42066
2022-01-11,OIL,WTI CRUDE OIL,dis,76949,40553,44994,79362,36396,-34368,145375
2022-01-11,SILVER,SILVER,dis,66193,38645,46451,83811,27548,-37360,144442
2022-01-11,USD,US DOLLAR INDEX,tff,14533,9981,4921,42406,4552,-37485,57218
2022-01-18,AUD,AUSTRALIAN DOLLAR,tff,9285,37848,113815,8788,-28563,105027,181136
2022-01-18,CAD,CANADIAN DOLLAR,tff,17902,39027,28520,39808,-21125,-11288,143371
2022-01-18,CHF,SWISS FRANC,tff,2192,8500,20915,1880,-6308,19035,39871
2022-01-18,COPPER,COPPER,dis,77673,55363,79455,109993,22310,-30538,203198
2022-01-18,EUR,EURO FX,tff,59745,103523,45281,320280,-43778,-274999,691882
2022-01-18,GBP,BRITISH POUND,tff,31636,28529,63501,40890,3107,22611,183234
2022-01-18,GOLD,GOLD,dis,290528,96321,132764,353832,194207,-221068,539204
2022-01-18,JPY,JAPANESE YEN,tff,18780,59651,115424,8902,-40871,106522,201820
2022-01-18,NZD,NEW ZEALAND DOLLAR,tff,12351,17119,23811,2209,-4768,21602,44727
2022-01-18,OIL,WTI CRUDE OIL,dis,78995,41132,50281,86107,37863,-35826,150753
2022-01-18,SILVER,SILVER,dis,65985,36285,50331,91871,29700,-41540,148737
2022-01-18,USD,US DOLLAR INDEX,tff,15703,5773,5021,42484,9930,-37463,53283
2022-01-25,AUD,AUSTRALIAN DOLLAR,tff,13530,39459,115026,11153,-25929,103873,190020
2022-01-25,CAD,CANADIAN DOLLAR,tff,19250,37151,25729,45490,-17901,-19761,146448
2022-01-25,CHF,SWISS FRANC,tff,3282,8436,20584,2719,-5154,17865,39742
2022-01-25,COPPER,COPPER,dis,78616,52135,80969,113805,26481,-32836,205771
2022-01-25,EUR,EURO FX,tff,60810,104453,43234,324134,-43643,-280900,682952
2022-01-25,GBP,BRITISH POUND,tff,34125,28420,69747,28358,5705,41389,182040
2022-01-25,GOLD,GOLD,dis,313415,93264,130208,379954,220151,-249746,572078
2022-01-25,JPY,JAPANESE YEN,tff,19273,59439,101202,14765,-40166,86437,197830
2022-01-25,NZD,NEW ZEALAND DOLLAR,tff,18408,17775,27665,2017,633,25648,53316
2022-01-25,OIL,WTI CRUDE OIL,dis,80700,41191,52309,90570,39509,-38261,158518
2022-01-25,SILVER,SILVER,dis,63923,31782,50135,97819,32141,-47684,151779
2022-01-25,USD,US DOLLAR INDEX,tff,16127,4589,2051,42409,11538,-40358,52328
2022-02-01,AUD,AUSTRALIAN DOLLAR,tff,17781,44836,115168,12222,-27055,102946,196913
2022-02-01,CAD,CANADIAN DOLLAR,tff,20266,27122,26819,41520,-6856,-14701,145082
2022-02-01,CHF,SWISS FRANC,tff,1926,5108,24206,2640,-3182,21566,41054
2022-02-01,COPPER,COPPER,dis,68984,52829,84446,105499,16155,-21053,198437
2022-02-01,EUR,EURO FX,tff,60108,103297,41270,318116,-43189,-276846,685431
2022-02-01,GBP,BRITISH POUND,tff,32333,28001,76594,25941,4332,50653,184007
2022-02-01,GOLD,GOLD,dis,275994,103852,127633,328975,172142,-201342,515331
2022-02-01,JPY,JAPANESE YEN,tff,16856,49618,101785,11323,-32762,90462,194435
2022-02-01,NZD,NEW ZEALAND DOLLAR,tff,21191,20285,29964,2329,906,27635,58467
2022-02-01,OIL,WTI CRUDE OIL,dis,70398,38936,48123,79820,31462,-31697,144078
2022-02-01,SILVER,SILVER,dis,60723,38605,52970,88233,22118,-35263,149136
2022-02-01,USD,US DOLLAR INDEX,tff,13006,8568,3651,42409,4438,-38758,56477
2022-02-08,AUD,AUSTRALIAN DOLLAR,tff,10787,45727,115365,14578,-34940,100787,196403
2022-02-08,CAD,CANADIAN DOLLAR,tff,22157,30300,26755,35868,-8143,-9113,145208
2022-02-08,CHF,SWISS FRANC,tff,2462,8210,25221,2065,-5748,23156,41481
2022-02-08,COPPER,COPPER,dis,74302,55447,83203,108726,18855,-25523,201860
2022-02-08,EUR,EURO FX,tff,63922,97767,40688,355853,-33845,-315165,700098
2022-02-08,GBP,BRITISH POUND,tff,35402,33498,68971,38140,1904,30831,197948
2022-02-08,GOLD,GOLD,dis,279559,92853,126328,337762,186706,-211434,512842
2022-02-08,JPY,JAPANESE YEN,tff,16976,52629,99764,16192,-35653,83572,196478
2022-02-08,NZD,NEW ZEALAND DOLLAR,tff,19295,17321,29012,2499,1974,26513,54877
2022-02-08,OIL,WTI CRUDE OIL,dis,73481,39507,47608,82957,33974,-35349,148788
2022-02-08,SILVER,SILVER,dis,56905,37606,52943,85514,19299,-32571,147379
2022-02-08,USD,US DOLLAR INDEX,tff,12146,5722,5734,42409,6424,-36675,53603
2022-02-15,AUD,AUSTRALIAN DOLLAR,tff,9765,41907,113061,17884,-32142,95177,192578
2022-02-15,CAD,CANADIAN DOLLAR,tff,23123,29994,26593,33252,-6871,-6659,144815
2022-02-15,CHF,SWISS FRANC,tff,4880,9845,27170,1739,-4965,25431,45522
2022-02-15,COPPER,COPPER,dis,84415,53723,81004,120425,30692,-39421,210089
2022-02-15,EUR,EURO FX,tff,52391,91413,41787,373838,-39022,-332051,702047
2022-02-15,GBP,BRITISH POUND,tff,38309,28936,65652,43945,9373,21707,195302
2022-02-15,GOLD,GOLD,dis,313269,99656,126837,365712,213613,-238875,558645
2022-02-15,JPY,JAPANESE YEN,tff,8648,56529,113515,10327,-47881,103188,199425
2022-02-15,NZD,NEW ZEALAND DOLLAR,tff,26938,25178,31560,1764,1760,29796,64105
2022-02-15,OIL,WTI CRUDE OIL,dis,73320,39902,48377,83256,33418,-34879,149735
2022-02-15,SILVER,SILVER,dis,56911,33355,56394,92742,23556,-36348,156968
2022-02-15,USD,US DOLLAR INDEX,tff,12566,6214,6034,42409,6352,-36375,54283
2022-02-22,AUD,AUSTRALIAN DOLLAR,tff,8601,41079,112472,18529,-32478,93943,192579
2022-02-22,CAD,CANADIAN DOLLAR,tff,16757,31177,25262,33956,-14420,-8694,140305
2022-02-22,CHF,SWISS FRANC,tff,5027,11593,27460,1802,-6566,25658,47339
2022-02-22,COPPER,COPPER,dis,80940,55365,77398,112152,25575,-34754,204123
2022-02-22,EUR,EURO FX,tff,50013,80598,41363,383445,-30585,-342082,696682
2022-02-22,GBP,BRITISH POUND,tff,32818,29511,64743,39705,3307,25038,188443
2022-02-22,GOLD,GOLD,dis,350096,106948,129682,399404,243148,-269722,611488
2022-02-22,JPY,JAPANESE YEN,tff,14018,52348,104610,12670,-38330,91940,194169
2022-02-22,NZD,NEW ZEALAND DOLLAR,tff,19827,19702,31496,1210,125,30286,56636
2022-02-22,OIL,WTI CRUDE OIL,dis,74246,40402,48393,83877,33844,-35484,152013
2022-02-22,SILVER,SILVER,dis,58830,28528,55747,99467,30302,-43720,163745
2022-02-22,USD,US DOLLAR INDEX,tff,13601,6547,7634,42459,7054,-34825,54922
2022-03-01,AUD,AUSTRALIAN DOLLAR,tff,10467,43049,110559,22819,-32582,87740,189667
2022-03-01,CAD,CANADIAN DOLLAR,tff,18639,32712,25621,37447,-14073,-11826,143507
2022-03-01,CHF,SWISS FRANC,tff,2078,13340,28231,2083,-11262,26148,47273
2022-03-01,COPPER,COPPER,dis,75526,53433,75232,104612,22093,-29380,195398
2022-03-01,EUR,EURO FX,tff,65510,83665,45213,378090,-18155,-332877,719975
2022-03-01,GBP,BRITISH POUND,tff,49643,30314,85693,44116,19329,41577,211869
2022-03-01,GOLD,GOLD,dis,354177,96555,127231,413040,257622,-285809,615600
2022-03-01,JPY,JAPANESE YEN,tff,25299,58445,96451,14239,-33146,82212,208629
2022-03-01,NZD,NEW ZEALAND DOLLAR,tff,12495,17982,32500,1317,-5487,31183,50389
2022-03-01,OIL,WTI CRUDE OIL,dis,69931,37479,34950,76997,32452,-42047,140310
2022-03-01,SILVER,SILVER,dis,71235,26287,51440,108590,44948,-57150,157391
2022-03-01,USD,US DOLLAR INDEX,tff,18347,7477,917,42409,10870,-41492,56651
2022-03-08,AUD,AUSTRALIAN DOLLAR,tff,16794,64068,98736,27846,-47274,70890,197094
2022-03-08,CAD,CANADIAN DOLLAR,tff,14557,40872,25178,38665,-26315,-13487,149425
2022-03-08,CHF,SWISS FRANC,tff,5283,11112,27822,2443,-5829,25379,51820
2022-03-08,COPPER,COPPER,dis,87744,55925,74975,115045,31819,-40070,198844
2022-03-08,EUR,EURO FX,tff,83687,90574,46429,336761,-6887,-290332,738990
2022-03-08,GBP,BRITISH POUND,tff,52074,33812,101392,40294,18262,61098,246312
2022-03-08,GOLD,GOLD,dis,364618,90230,139397,446343,274388,-306946,638502
2022-03-08,JPY,JAPANESE YEN,tff,20957,48192,100477,10499,-27235,89978,208683
2022-03-08,NZD,NEW ZEALAND DOLLAR,tff,15611,24046,27265,1766,-8435,25499,53250
2022-03-08,OIL,WTI CRUDE OIL,dis,68777,37920,39299,76727,30857,-37428,149981
2022-03-08,SILVER,SILVER,dis,76565,24268,48816,118425,52297,-69609,168283
2022-03-08,USD,US DOLLAR INDEX,tff,17657,10486,4457,42409,7171,-37952,62447
2022-03-15,AUD,AUSTRALIAN DOLLAR,tff,16535,29284,39332,2579,-12749,36753,124521
2022-03-15,CAD,CANADIAN DOLLAR,tff,14319,30438,26260,29690,-16119,-3430,143863
2022-03-15,CHF,SWISS FRANC,tff,6235,6271,22430,506,-36,21924,43356
2022-03-15,COPPER,COPPER,dis,73338,54308,76948,103665,19030,-26717,183170
2022-03-15,EUR,EURO FX,tff,60296,86916,41240,295463,-26620,-254223,666010
2022-03-15,GBP,BRITISH POUND,tff,31843,28629,82605,11257,3214,71348,188323
2022-03-15,GOLD,GOLD,dis,346731,84943,151045,448486,261788,-297441,617605
2022-03-15,JPY,JAPANESE YEN,tff,34616,61226,108916,1107,-26610,107809,215484
2022-03-15,NZD,NEW ZEALAND DOLLAR,tff,20879,13323,10167,2459,7556,7708,39200
2022-03-15,OIL,WTI CRUDE OIL,dis,77318,36260,40164,83517,41058,-43353,155791
2022-03-15,SILVER,SILVER,dis,74044,22490,44324,111903,51554,-67579,159571
2022-03-15,USD,US DOLLAR INDEX,tff,10942,15567,3078,27054,-4625,-23976,47574
2022-03-22,AUD,AUSTRALIAN DOLLAR,tff,18608,36765,33152,3005,-18157,30147,127767
2022-03-22,CAD,CANADIAN DOLLAR,tff,20862,38201,2224,34643,-17339,-32419,124090
2022-03-22,CHF,SWISS FRANC,tff,6439,7616,26493,446,-1177,26047,44911
2022-03-22,COPPER,COPPER,dis,81523,54711,81894,116498,26812,-34604,197244
2022-03-22,EUR,EURO FX,tff,67389,82786,37793,297599,-15397,-259806,658817
2022-03-22,GBP,BRITISH POUND,tff,40366,34503,88294,16575,5863,71719,195712
2022-03-22,GOLD,GOLD,dis,328660,80628,155039,436634,248032,-281595,605191
2022-03-22,JPY,JAPANESE YEN,tff,37660,82393,143155,1937,-44733,141218,248221
2022-03-22,NZD,NEW ZEALAND DOLLAR,tff,16729,13064,10059,2178,3665,7881,35256
2022-03-22,OIL,WTI CRUDE OIL,dis,78188,38317,44293,88374,39871,-44081,161379
2022-03-22,SILVER,SILVER,dis,69279,21332,44270,108827,47947,-64557,155456
2022-03-22,USD,US DOLLAR INDEX,tff,9905,19397,6876,27104,-9492,-20228,51952
2022-03-29,AUD,AUSTRALIAN DOLLAR,tff,22166,48044,36147,17392,-25878,18755,143007
2022-03-29,CAD,CANADIAN DOLLAR,tff,23095,38601,3652,65197,-15506,-61545,147421
2022-03-29,CHF,SWISS FRANC,tff,4933,7945,27496,11,-3012,27485,44327
2022-03-29,COPPER,COPPER,dis,86553,55972,83024,120357,30581,-37333,203692
2022-03-29,EUR,EURO FX,tff,68790,78753,35965,309821,-9963,-273856,662415
2022-03-29,GBP,BRITISH POUND,tff,60877,34125,92713,36648,26752,56065,224365
2022-03-29,GOLD,GOLD,dis,327632,70036,133050,418987,257596,-285937,574521
2022-03-29,JPY,JAPANESE YEN,tff,17132,80572,153069,2794,-63440,150275,239698
2022-03-29,NZD,NEW ZEALAND DOLLAR,tff,13490,16003,10581,1802,-2513,8779,34881
2022-03-29,OIL,WTI CRUDE OIL,dis,85833,37844,46538,97937,47989,-51399,172135
2022-03-29,SILVER,SILVER,dis,65917,17677,44589,105961,48240,-61372,147370
2022-03-29,USD,US DOLLAR INDEX,tff,11108,20852,5737,27104,-9744,-21367,53967
2022-04-05,AUD,AUSTRALIAN DOLLAR,tff,20653,42147,35175,29756,-21494,5419,148898
2022-04-05,CAD,CANADIAN DOLLAR,tff,22983,33825,4399,83707,-10842,-79308,157562
2022-04-05,CHF,SWISS FRANC,tff,3536,7749,24331,10,-4213,24321,40005
2022-04-05,COPPER,COPPER,dis,90779,54637,82054,125093,36142,-43039,216157
2022-04-05,EUR,EURO FX,tff,69051,74903,33739,296835,-5852,-263096,663589
2022-04-05,GBP,BRITISH POUND,tff,64401,33667,106698,37132,30734,69566,238266
2022-04-05,GOLD,GOLD,dis,324570,79029,124506,403264,245541,-278758,560666
2022-04-05,JPY,JAPANESE YEN,tff,17717,88862,155667,2991,-71145,152676,242217
2022-04-05,NZD,NEW ZEALAND DOLLAR,tff,13027,17675,10462,1045,-4648,9417,35788
2022-04-05,OIL,WTI CRUDE OIL,dis,82419,34830,41082,88687,47589,-47605,161579
2022-04-05,SILVER,SILVER,dis,64936,19902,45922,105958,45034,-60036,148526
2022-04-05,USD,US DOLLAR INDEX,tff,13876,15872,716,27154,-1996,-26438,49049
2022-04-12,AUD,AUSTRALIAN DOLLAR,tff,24528,40740,35452,32449,-16212,3003,150939
2022-04-12,CAD,CANADIAN DOLLAR,tff,22775,28894,4233,86393,-6119,-82160,155390
2022-04-12,CHF,SWISS FRANC,tff,3847,8146,24975,0,-4299,24975,41231
2022-04-12,COPPER,COPPER,dis,81940,58590,81559,110808,23350,-29249,204825
2022-04-12,EUR,EURO FX,tff,79273,71866,40466,299812,7407,-259346,678607
2022-04-12,GBP,BRITISH POUND,tff,61921,33379,116596,35756,28542,80840,246152
2022-04-12,GOLD,GOLD,dis,338164,83877,125627,413720,254287,-288093,577639
2022-04-12,JPY,JAPANESE YEN,tff,15316,87666,164152,2561,-72350,161591,245403
2022-04-12,NZD,NEW ZEALAND DOLLAR,tff,13803,19308,12497,1,-5505,12496,37585
2022-04-12,OIL,WTI CRUDE OIL,dis,83744,35262,41120,89714,48482,-48594,164150
2022-04-12,SILVER,SILVER,dis,66356,20370,51139,114829,45986,-63690,158813
2022-04-12,USD,US DOLLAR INDEX,tff,15176,21700,571,27154,-6524,-26583,54836
2022-04-19,AUD,AUSTRALIAN DOLLAR,tff,25067,38508,35129,32544,-13441,2585,147309
2022-04-19,CAD,CANADIAN DOLLAR,tff,28987,26267,4170,83465,2720,-79295,153302
2022-04-19,CHF,SWISS FRANC,tff,5055,7200,25985,0,-2145,25985,44269
2022-04-19,COPPER,COPPER,dis,83261,64421,80280,108587,18840,-28307,203896
2022-04-19,EUR,EURO FX,tff,70868,75909,39464,288777,-5041,-249313,675939
2022-04-19,GBP,BRITISH POUND,tff,62372,39240,116713,35546,23132,81167,249529
2022-04-19,GOLD,GOLD,dis,330745,90988,129157,404682,239757,-275525,575202
2022-04-19,JPY,JAPANESE YEN,tff,18655,86031,165519,4451,-67376,161068,251291
2022-04-19,NZD,NEW ZEALAND DOLLAR,tff,16981,18038,13662,1798,-1057,11864,41098
2022-04-19,OIL,WTI CRUDE OIL,dis,83230,35136,44292,91656,48094,-47364,167419
2022-04-19,SILVER,SILVER,dis,69088,22659,54719,118007,46429,-63288,170577
2022-04-19,USD,US DOLLAR INDEX,tff,16136,21995,906,27054,-5859,-26148,54524
2022-04-26,AUD,AUSTRALIAN DOLLAR,tff,37619,41236,37113,16344,-3617,20769,147090
2022-04-26,CAD,CANADIAN DOLLAR,tff,40918,28317,5485,69031,12601,-63546,155362
2022-04-26,CHF,SWISS FRANC,tff,4973,8137,27841,0,-3164,27841,47297
2022-04-26,COPPER,COPPER,dis,70659,74444,83543,86694,-3785,-3151,193763
2022-04-26,EUR,EURO FX,tff,76345,87058,39397,286236,-10713,-246839,688449
2022-04-26,GBP,BRITISH POUND,tff,68538,53115,135294,30431,15423,104863,272792
2022-04-26,GOLD,GOLD,dis,310511,92487,127546,376840,218024,-249294,557785
2022-04-26,JPY,JAPANESE YEN,tff,20464,75398,150574,6379,-54934,144195,237995
2022-04-26,NZD,NEW ZEALAND DOLLAR,tff,21690,16242,17032,4028,5448,13004,46510
2022-04-26,OIL,WTI CRUDE OIL,dis,83800,34968,44061,92717,48832,-48656,168036
2022-04-26,SILVER,SILVER,dis,56782,21376,50176,98959,35406,-48783,145538
2022-04-26,USD,US DOLLAR INDEX,tff,16679,23727,731,27179,-7048,-26448,56712
2022-05-03,AUD,AUSTRALIAN DOLLAR,tff,41597,35160,38756,6191,6437,32565,152257
2022-05-03,CAD,CANADIAN DOLLAR,tff,37521,29209,9050,45599,8312,-36549,152779
2022-05-03,CHF,SWISS FRANC,tff,4769,10449,31234,0,-5680,31234,49385
2022-05-03,COPPER,COPPER,dis,65590,81213,86458,76378,-15623,10080,185255
2022-05-03,EUR,EURO FX,tff,76413,96578,52040,281672,-20165,-229632,694926
2022-05-03,GBP,BRITISH POUND,tff,64400,50903,132467,29416,13497,103051,268496
2022-05-03,GOLD,GOLD,dis,293439,94271,130795,362647,199168,-231852,560441
2022-05-03,JPY,JAPANESE YEN,tff,23023,89696,160260,7984,-66673,152276,254813
2022-05-03,NZD,NEW ZEALAND DOLLAR,tff,17001,18749,26066,3936,-1748,22130,50844
2022-05-03,OIL,WTI CRUDE OIL,dis,77416,31003,33722,80353,46413,-46631,151172
2022-05-03,SILVER,SILVER,dis,56764,28696,50184,89501,28068,-39317,137692
2022-05-03,USD,US DOLLAR INDEX,tff,15650,20073,661,27544,-4423,-26883,54092
2022-05-10,AUD,AUSTRALIAN DOLLAR,tff,30453,35459,49644,2911,-5006,46733,153209
2022-05-10,CAD,CANADIAN DOLLAR,tff,30879,31511,8976,36760,-632,-27784,151009
2022-05-10,CHF,SWISS FRANC,tff,6006,12843,29942,1842,-6837,28100,51282
2022-05-10,COPPER,COPPER,dis,57510,80136,93318,74069,-22626,19249,184502
2022-05-10,EUR,EURO FX,tff,80967,99030,42305,292660,-18063,-250355,705046
2022-05-10,GBP,BRITISH POUND,tff,57370,48177,133801,29573,9193,104228,264594
2022-05-10,GOLD,GOLD,dis,288947,95632,132251,360007,193315,-227756,571447
2022-05-10,JPY,JAPANESE YEN,tff,18482,80000,159366,6859,-61518,152507,247278
2022-05-10,NZD,NEW ZEALAND DOLLAR,tff,17606,20582,34038,5746,-2976,28292,56235
2022-05-10,OIL,WTI CRUDE OIL,dis,77640,32793,33047,78797,44847,-45750,151291
2022-05-10,SILVER,SILVER,dis,59829,40747,52637,83156,19082,-30519,142752
2022-05-10,USD,US DOLLAR INDEX,tff,16312,23476,551,27942,-7164,-27391,57556
2022-05-17,AUD,AUSTRALIAN DOLLAR,tff,36864,37437,54146,2901,-573,51245,163809
2022-05-17,CAD,CANADIAN DOLLAR,tff,24727,33546,13425,30030,-8819,-16605,151585
2022-05-17,CHF,SWISS FRANC,tff,5979,13819,29404,1158,-7840,28246,53291
2022-05-17,COPPER,COPPER,dis,53159,77567,101533,78474,-24408,23059,189483
2022-05-17,EUR,EURO FX,tff,84236,99212,41032,305941,-14976,-264909,706712
2022-05-17,GBP,BRITISH POUND,tff,48435,42711,128846,24642,5724,104204,253811
2022-05-17,GOLD,GOLD,dis,283011,107651,137687,344566,175360,-206879,555756
2022-05-17,JPY,JAPANESE YEN,tff,19163,79713,149033,7177,-60550,141856,241308
2022-05-17,NZD,NEW ZEALAND DOLLAR,tff,16854,22180,38618,6733,-5326,31885,60804
2022-05-17,OIL,WTI CRUDE OIL,dis,77494,31378,36043,79291,46116,-43248,154673
2022-05-17,SILVER,SILVER,dis,59857,43743,54287,79128,16114,-24841,144534
2022-05-17,USD,US DOLLAR INDEX,tff,15761,27530,755,28810,-11769,-28055,61899
2022-05-24,AUD,AUSTRALIAN DOLLAR,tff,26361,33146,53445,3762,-6785,49683,158615
2022-05-24,CAD,CANADIAN DOLLAR,tff,16811,28943,9222,31448,-12132,-22226,138508
2022-05-24,CHF,SWISS FRANC,tff,1509,13048,31334,1854,-11539,29480,49918
2022-05-24,COPPER,COPPER,dis,54130,73763,99318,80030,-19633,19288,186433
2022-05-24,EUR,EURO FX,tff,80090,91273,40662,321857,-11183,-281195,708938
2022-05-24,GBP,BRITISH POUND,tff,48901,43751,128578,25871,5150,102707,253864
2022-05-24,GOLD,GOLD,dis,282202,98389,130364,342311,183813,-211947,530098
2022-05-24,JPY,JAPANESE YEN,tff,23952,81433,134529,7643,-57481,126886,237256
2022-05-24,NZD,NEW ZEALAND DOLLAR,tff,12424,17714,38935,7542,-5290,31393,59279
2022-05-24,OIL,WTI CRUDE OIL,dis,77773,31378,36868,80578,46395,-43710,156131
2022-05-24,SILVER,SILVER,dis,58748,44645,56910,80207,14103,-23297,146456
2022-05-24,USD,US DOLLAR INDEX,tff,14301,26386,972,29722,-12085,-28750,61857
2022-05-31,AUD,AUSTRALIAN DOLLAR,tff,24897,35426,49933,4095,-10529,45838,153661
2022-05-31,CAD,CANADIAN DOLLAR,tff,17964,33564,4582,35653,-15600,-31071,135929
2022-05-31,CHF,SWISS FRANC,tff,2866,15466,29068,1394,-12600,27674,49579
2022-05-31,COPPER,COPPER,dis,53404,71429,99692,84267,-18025,15425,189923
2022-05-31,EUR,EURO FX,tff,81461,84256,35000,335539,-2795,-300539,706317
2022-05-31,GBP,BRITISH POUND,tff,56237,44647,117118,28614,11590,88504,252881
2022-05-31,GOLD,GOLD,dis,269459,96870,135360,335416,172589,-200056,513722
2022-05-31,JPY,JAPANESE YEN,tff,21425,79236,140856,8403,-57811,132453,239080
2022-05-31,NZD,NEW ZEALAND DOLLAR,tff,10634,19838,35695,4155,-9204,31540,55134
2022-05-31,OIL,WTI CRUDE OIL,dis,80420,32168,41092,82916,48252,-41824,160150
2022-05-31,SILVER,SILVER,dis,55545,41548,56447,80308,13997,-23861,147301
2022-05-31,USD,US DOLLAR INDEX,tff,13865,28594,1178,29785,-14729,-28607,63863
2022-06-07,AUD,AUSTRALIAN DOLLAR,tff,20716,39694,42518,4474,-18978,38044,166422
2022-06-07,CAD,CANADIAN DOLLAR,tff,21777,43052,1657,53198,-21275,-51541,167373
2022-06-07,CHF,SWISS FRANC,tff,2825,12275,27626,929,-9450,26697,49794
2022-06-07,COPPER,COPPER,dis,58232,61946,100449,99570,-3714,879,194187
2022-06-07,EUR,EURO FX,tff,79551,77302,28061,340286,2249,-312225,730667
2022-06-07,GBP,BRITISH POUND,tff,59013,47500,119186,34001,11513,85185,258623
2022-06-07,GOLD,GOLD,dis,270356,95088,116965,316851,175268,-199886,494130
2022-06-07,JPY,JAPANESE YEN,tff,24172,79865,156839,9616,-55693,147223,266054
2022-06-07,NZD,NEW ZEALAND DOLLAR,tff,13428,22820,36158,3757,-9392,32401,63540
2022-06-07,OIL,WTI CRUDE OIL,dis,71003,29706,33423,69216,41297,-35793,142899
2022-06-07,SILVER,SILVER,dis,54899,37495,54707,82697,17404,-27990,148294
2022-06-07,USD,US DOLLAR INDEX,tff,14013,29485,1138,29821,-15472,-28683,65163
2022-06-14,AUD,AUSTRALIAN DOLLAR,tff,17102,35825,41617,2841,-18723,38776,142857
2022-06-14,CAD,CANADIAN DOLLAR,tff,40520,35840,4108,68759,4680,-64651,175219
2022-06-14,CHF,SWISS FRANC,tff,5679,4951,18597,4,728,18593,39362
2022-06-14,COPPER,COPPER,dis,51077,64874,103433,93146,-13797,10287,187247
2022-06-14,EUR,EURO FX,tff,67595,78227,31837,308700,-10632,-276863,668164
2022-06-14,GBP,BRITISH POUND,tff,53674,41970,119300,21313,11704,97987,238322
2022-06-14,GOLD,GOLD,dis,266596,111998,121926,300495,154598,-178569,497456
2022-06-14,JPY,JAPANESE YEN,tff,21929,68894,140494,4774,-46965,135720,232513
2022-06-14,NZD,NEW ZEALAND DOLLAR,tff,17062,11819,21434,3830,5243,17604,45410
2022-06-14,OIL,WTI CRUDE OIL,dis,70741,29652,42936,78511,41089,-35575,152858
2022-06-14,SILVER,SILVER,dis,57216,43211,60161,82208,14005,-22047,151978
2022-06-14,USD,US DOLLAR INDEX,tff,14507,17750,722,38331,-3243,-37609,61144
2022-06-21,AUD,AUSTRALIAN DOLLAR,tff,17801,32911,37215,3221,-15110,33994,137017
2022-06-21,CAD,CANADIAN DOLLAR,tff,28319,39434,5007,34428,-11115,-29421,140047
2022-06-21,CHF,SWISS FRANC,tff,4150,5769,18978,516,-1619,18462,37669
2022-06-21,COPPER,COPPER,dis,50230,71168,103789,84861,-20938,18928,187170
2022-06-21,EUR,EURO FX,tff,73266,75862,36272,312443,-2596,-276171,671718
2022-06-21,GBP,BRITISH POUND,tff,54632,40097,107533,24114,14535,83419,228266
2022-06-21,GOLD,GOLD,dis,268119,104832,120045,306974,163287,-186929,500276
2022-06-21,JPY,JAPANESE YEN,tff,22433,66792,121759,7454,-44359,114305,218076
2022-06-21,NZD,NEW ZEALAND DOLLAR,tff,16881,12872,20394,3230,4009,17164,42889
2022-06-21,OIL,WTI CRUDE OIL,dis,74870,30737,46383,84972,44133,-38589,159935
2022-06-21,SILVER,SILVER,dis,54451,36032,54828,82078,18419,-27250,145356
2022-06-21,USD,US DOLLAR INDEX,tff,14801,14302,618,38431,499,-37813,58543
2022-06-28,AUD,AUSTRALIAN DOLLAR,tff,19955,33997,38874,3472,-14042,35402,139891
2022-06-28,CAD,CANADIAN DOLLAR,tff,31611,40658,7353,33089,-9047,-25736,142584
2022-06-28,CHF,SWISS FRANC,tff,6544,8239,19804,411,-1695,19393,40123
2022-06-28,COPPER,COPPER,dis,47782,78478,103666,72469,-30696,31197,182352
2022-06-28,EUR,EURO FX,tff,70552,72913,37179,324812,-2361,-287633,671472
2022-06-28,GBP,BRITISH POUND,tff,59266,35300,101335,28330,23966,73005,228736
2022-06-28,GOLD,GOLD,dis,268712,111019,117038,299045,157693,-182007,497005
2022-06-28,JPY,JAPANESE YEN,tff,24274,61734,118104,7005,-37460,111099,213767
2022-06-28,NZD,NEW ZEALAND DOLLAR,tff,14516,11231,20872,3276,3285,17596,40337
2022-06-28,OIL,WTI CRUDE OIL,dis,75952,30966,45273,86275,44986,-41002,162196
2022-06-28,SILVER,SILVER,dis,52932,42041,55406,73891,10891,-18485,135775
2022-06-28,USD,US DOLLAR INDEX,tff,17364,17901,895,38707,-537,-37812,63143
2022-07-05,AUD,AUSTRALIAN DOLLAR,tff,20543,36888,45759,3654,-16345,42105,146950
2022-07-05,CAD,CANADIAN DOLLAR,tff,32050,39133,12180,25616,-7083,-13436,145372
2022-07-05,CHF,SWISS FRANC,tff,5979,9071,20025,0,-3092,20025,38504
2022-07-05,COPPER,COPPER,dis,54073,85869,94749,63409,-31796,31340,183331
2022-07-05,EUR,EURO FX,tff,78194,87788,31377,303539,-9594,-272162,673772
2022-07-05,GBP,BRITISH POUND,tff,62120,40833,107282,25063,21287,82219,240926
2022-07-05,GOLD,GOLD,dis,267806,122146,118289,283874,145660,-165585,498210
2022-07-05,JPY,JAPANESE YEN,tff,26115,58123,116715,13290,-32008,103425,217672
2022-07-05,NZD,NEW ZEALAND DOLLAR,tff,16335,14595,22444,3668,1740,18776,45403
2022-07-05,OIL,WTI CRUDE OIL,dis,69689,28473,41352,72770,41216,-31418,149152
2022-07-05,SILVER,SILVER,dis,54841,49702,56137,67759,5139,-11622,140463
2022-07-05,USD,US DOLLAR INDEX,tff,17033,14402,525,38707,2631,-38182,60857
2022-07-12,AUD,AUSTRALIAN DOLLAR,tff,22900,31663,59887,3550,-8763,56337,158263
2022-07-12,CAD,CANADIAN DOLLAR,tff,25838,33913,12270,21801,-8075,-9531,139297
2022-07-12,CHF,SWISS FRANC,tff,9188,9377,19302,776,-189,18526,41255
2022-07-12,COPPER,COPPER,dis,52623,78918,87389,60328,-26295,27061,172037
2022-07-12,EUR,EURO FX,tff,77104,84726,43994,291498,-7622,-247504,682031
2022-07-12,GBP,BRITISH POUND,tff,56072,38924,107888,24299,17148,83589,231945
2022-07-12,GOLD,GOLD,dis,251126,133005,131170,268958,118121,-137788,542493
2022-07-12,JPY,JAPANESE YEN,tff,21822,59308,116165,14987,-37486,101178,223539
2022-07-12,NZD,NEW ZEALAND DOLLAR,tff,17019,14142,21115,3940,2877,17175,45837
2022-07-12,OIL,WTI CRUDE OIL,dis,69185,29157,41997,73041,40028,-31044,150133
2022-07-12,SILVER,SILVER,dis,54744,51540,57865,67477,3204,-9612,142259
2022-07-12,USD,US DOLLAR INDEX,tff,14423,14037,435,38767,386,-38332,59565
2022-07-19,AUD,AUSTRALIAN DOLLAR,tff,22159,31445,57086,3354,-9286,53732,155246
2022-07-19,CAD,CANADIAN DOLLAR,tff,23077,34557,13873,26727,-11480,-12854,142216
2022-07-19,CHF,SWISS FRANC,tff,7283,9784,19247,762,-2501,18485,41855
2022-07-19,COPPER,COPPER,dis,52000,75836,86505,62760,-23836,23745,174592
2022-07-19,EUR,EURO FX,tff,70143,93138,63479,292560,-22995,-229081,694106
2022-07-19,GBP,BRITISH POUND,tff,55659,34245,101827,25517,21414,76310,228051
2022-07-19,GOLD,GOLD,dis,241004,146049,152103,264365,94955,-112262,524786
2022-07-19,JPY,JAPANESE YEN,tff,27696,58044,116059,13660,-30348,102399,229449
2022-07-19,NZD,NEW ZEALAND DOLLAR,tff,17829,13941,20929,4123,3888,16806,45467
2022-07-19,OIL,WTI CRUDE OIL,dis,68345,30589,43326,72880,37756,-29554,152173
2022-07-19,SILVER,SILVER,dis,56187,54827,58430,66643,1360,-8213,145247
2022-07-19,USD,US DOLLAR INDEX,tff,14057,13194,895,38746,863,-37851,59214
2022-07-26,AUD,AUSTRALIAN DOLLAR,tff,21988,33571,57387,3346,-11583,54041,156473
2022-07-26,CAD,CANADIAN DOLLAR,tff,26490,30339,9080,40401,-3849,-31321,144182
2022-07-26,CHF,SWISS FRANC,tff,8537,10402,23066,1194,-1865,21872,44081
2022-07-26,COPPER,COPPER,dis,52377,78939,87146,60307,-26562,26839,183958
2022-07-26,EUR,EURO FX,tff,73744,104779,57558,290127,-31035,-232569,694099
2022-07-26,GBP,BRITISH POUND,tff,56892,35035,100153,23607,21857,76546,225889
2022-07-26,GOLD,GOLD,dis,241661,148971,142007,250429,92690,-108422,487515
2022-07-26,JPY,JAPANESE YEN,tff,34613,59440,113897,16839,-24827,97058,229219
2022-07-26,NZD,NEW ZEALAND DOLLAR,tff,19446,17506,20709,3572,1940,17137,46471
2022-07-26,OIL,WTI CRUDE OIL,dis,69948,31276,44342,75384,38672,-31042,154031
2022-07-26,SILVER,SILVER,dis,54671,59171,62080,64733,-4500,-2653,147784
2022-07-26,USD,US DOLLAR INDEX,tff,13172,13584,695,38756,-412,-38061,60456
2022-08-02,AUD,AUSTRALIAN DOLLAR,tff,21512,37369,71459,3205,-15857,68254,167931
2022-08-02,CAD,CANADIAN DOLLAR,tff,27053,29523,8730,50073,-2470,-41343,145914
2022-08-02,CHF,SWISS FRANC,tff,8467,13294,24330,1207,-4827,23123,45874
2022-08-02,COPPER,COPPER,dis,50317,77723,84447,56775,-27406,27672,184441
2022-08-02,EUR,EURO FX,tff,69879,92579,48526,296921,-22700,-248395,683883
2022-08-02,GBP,BRITISH POUND,tff,54856,36026,105340,23253,18830,82087,226987
2022-08-02,GOLD,GOLD,dis,242128,117802,127700,263265,124326,-135565,459649
2022-08-02,JPY,JAPANESE YEN,tff,39382,59305,112973,44079,-19923,68894,236737
2022-08-02,NZD,NEW ZEALAND DOLLAR,tff,16934,14454,21123,4190,2480,16933,45274
2022-08-02,OIL,WTI CRUDE OIL,dis,58726,27287,35677,57208,31439,-21531,134731
2022-08-02,SILVER,SILVER,dis,49220,48246,55536,64600,974,-9064,136267
2022-08-02,USD,US DOLLAR INDEX,tff,13143,10360,815,38756,2783,-37941,57054
2022-08-09,AUD,AUSTRALIAN DOLLAR,tff,16011,29212,63223,3109,-13201,60114,158100
2022-08-09,CAD,CANADIAN DOLLAR,tff,26725,26432,8558,51274,293,-42716,143646
2022-08-09,CHF,SWISS FRANC,tff,8601,11143,21433,763,-2542,20670,43202
2022-08-09,COPPER,COPPER,dis,49477,77954,85085,57385,-28477,27700,187988
2022-08-09,EUR,EURO FX,tff,72779,89387,54964,301203,-16608,-246239,692398
2022-08-09,GBP,BRITISH POUND,tff,62952,30444,90834,22918,32508,67916,224581
2022-08-09,GOLD,GOLD,dis,242906,100055,121980,276534,142851,-154554,453540
2022-08-09,JPY,JAPANESE YEN,tff,35018,46080,108923,46168,-11062,62755,225834
2022-08-09,NZD,NEW ZEALAND DOLLAR,tff,17866,15755,20540,4233,2111,16307,45350
2022-08-09,OIL,WTI CRUDE OIL,dis,57465,27902,36247,57449,29563,-21202,137832
2022-08-09,SILVER,SILVER,dis,48864,45985,56876,70450,2879,-13574,141093
2022-08-09,USD,US DOLLAR INDEX,tff,14166,12524,700,38846,1642,-38146,59639
2022-08-16,AUD,AUSTRALIAN DOLLAR,tff,17208,34592,66892,3482,-17384,63410,160045
2022-08-16,CAD,CANADIAN DOLLAR,tff,31761,25152,8131,58891,6609,-50760,147596
2022-08-16,CHF,SWISS FRANC,tff,7757,8926,18638,2219,-1169,16419,39407
2022-08-16,COPPER,COPPER,dis,46797,75017,85187,56255,-28220,28932,183500
2022-08-16,EUR,EURO FX,tff,70967,93137,59450,297836,-22170,-238386,698570
2022-08-16,GBP,BRITISH POUND,tff,68302,30233,86658,25620,38069,61038,227752
2022-08-16,GOLD,GOLD,dis,238196,97032,122566,276275,141164,-153709,453960
2022-08-16,JPY,JAPANESE YEN,tff,36906,45673,108156,42705,-8767,65451,228697
2022-08-16,NZD,NEW ZEALAND DOLLAR,tff,16210,13419,16606,7235,2791,9371,41729
2022-08-16,OIL,WTI CRUDE OIL,dis,57387,29194,38159,61218,28193,-23059,142605
2022-08-16,SILVER,SILVER,dis,47851,44343,59753,72204,3508,-12451,144314
2022-08-16,USD,US DOLLAR INDEX,tff,14635,12164,540,38756,2471,-38216,58909
2022-08-23,AUD,AUSTRALIAN DOLLAR,tff,22734,34638,74976,4591,-11904,70385,169212
2022-08-23,CAD,CANADIAN DOLLAR,tff,33117,29046,9686,55434,4071,-45748,152685
2022-08-23,CHF,SWISS FRANC,tff,9759,8025,20504,1794,1734,18710,42471
2022-08-23,COPPER,COPPER,dis,50210,69200,81258,60027,-18990,21231,173145
2022-08-23,EUR,EURO FX,tff,82015,100897,66610,288729,-18882,-222119,717921
2022-08-23,GBP,BRITISH POUND,tff,79104,34908,93190,22298,44196,70892,248007
2022-08-23,GOLD,GOLD,dis,237427,111580,126193,264265,125847,-138072,457762
2022-08-23,JPY,JAPANESE YEN,tff,42561,50498,113806,23068,-7937,90738,242132
2022-08-23,NZD,NEW ZEALAND DOLLAR,tff,14377,15127,18854,3575,-750,15279,42311
2022-08-23,OIL,WTI CRUDE OIL,dis,59128,29083,47542,68226,30045,-20684,149099
2022-08-23,SILVER,SILVER,dis,49151,53651,63429,67748,-4500,-4319,144357
2022-08-23,USD,US DOLLAR INDEX,tff,18471,9257,485,38756,9214,-38271,57608
2022-08-30,AUD,AUSTRALIAN DOLLAR,tff,21857,33901,74008,4228,-12044,69780,169267
2022-08-30,CAD,CANADIAN DOLLAR,tff,36987,30242,9474,49033,6745,-39559,158165
2022-08-30,CHF,SWISS FRANC,tff,12567,8663,23404,1174,3904,22230,47168
2022-08-30,COPPER,COPPER,dis,46105,69360,82023,57038,-23255,24985,158390
2022-08-30,EUR,EURO FX,tff,76078,101436,70672,277352,-25358,-206680,720081
2022-08-30,GBP,BRITISH POUND,tff,78967,33482,101920,21486,45485,80434,262004
2022-08-30,GOLD,GOLD,dis,235314,117580,126535,256214,117734,-129679,459165
2022-08-30,JPY,JAPANESE YEN,tff,41457,50948,116136,16505,-9491,99631,247030
2022-08-30,NZD,NEW ZEALAND DOLLAR,tff,13734,15345,20318,3483,-1611,16835,44376
2022-08-30,OIL,WTI CRUDE OIL,dis,66354,28083,46461,78637,38271,-32176,155190
2022-08-30,SILVER,SILVER,dis,49468,57739,58592,58327,-8271,265,138714
2022-08-30,USD,US DOLLAR INDEX,tff,17470,11114,515,38756,6356,-38241,60184
2022-09-06,AUD,AUSTRALIAN DOLLAR,tff,25005,38582,68274,4045,-13577,64229,178232
2022-09-06,CAD,CANADIAN DOLLAR,tff,32977,33929,12456,40962,-952,-28506,160567
2022-09-06,CHF,SWISS FRANC,tff,10936,7233,23530,1126,3703,22404,48226
2022-09-06,COPPER,COPPER,dis,46581,70571,82038,55218,-23990,26820,160251
2022-09-06,EUR,EURO FX,tff,74344,97788,65842,281751,-23444,-215909,721678
2022-09-06,GBP,BRITISH POUND,tff,72659,43824,118305,20005,28835,98300,280937
2022-09-06,GOLD,GOLD,dis,231527,127670,129683,243747,103857,-114064,465908
2022-09-06,JPY,JAPANESE YEN,tff,38406,62716,131211,5200,-24310,126011,281266
2022-09-06,NZD,NEW ZEALAND DOLLAR,tff,14219,15445,21513,2986,-1226,18527,46796
2022-09-06,OIL,WTI CRUDE OIL,dis,63727,24167,38602,71436,39560,-32834,142607
2022-09-06,SILVER,SILVER,dis,51714,64498,55823,50768,-12784,5055,138300
2022-09-06,USD,US DOLLAR INDEX,tff,17898,12587,495,38756,5311,-38261,61662
2022-09-13,AUD,AUSTRALIAN DOLLAR,tff,18826,40260,62787,3998,-21434,58789,182287
2022-09-13,CAD,CANADIAN DOLLAR,tff,25871,27848,12177,33978,-1977,-21801,149556
2022-09-13,CHF,SWISS FRANC,tff,7777,8131,23001,1424,-354,21577,44853
2022-09-13,COPPER,COPPER,dis,44574,63560,78682,58170,-18986,20512,157900
2022-09-13,EUR,EURO FX,tff,68149,96774,47324,301593,-28625,-254269,742244
2022-09-13,GBP,BRITISH POUND,tff,58401,52123,130230,23108,6278,107122,303965
2022-09-13,GOLD,GOLD,dis,225932,128588,126950,237888,97344,-110938,463674
2022-09-13,JPY,JAPANESE YEN,tff,21632,64409,140784,4235,-42777,136549,281716
2022-09-13,NZD,NEW ZEALAND DOLLAR,tff,16540,18066,23183,2980,-1526,20203,51079
2022-09-13,OIL,WTI CRUDE OIL,dis,63412,24167,40064,72159,39245,-32095,143094
2022-09-13,SILVER,SILVER,dis,53373,58013,51822,54373,-4640,-2551,135530
2022-09-13,USD,US DOLLAR INDEX,tff,17580,11335,500,38756,6245,-38256,62077
2022-09-20,AUD,AUSTRALIAN DOLLAR,tff,27790,35770,59250,3351,-7980,55899,150544
2022-09-20,CAD,CANADIAN DOLLAR,tff,31774,30421,13392,26814,1353,-13422,160314
2022-09-20,CHF,SWISS FRANC,tff,8167,9428,17675,5,-1261,17670,40937
2022-09-20,COPPER,COPPER,dis,46773,67059,82693,59478,-20286,23215,163058
2022-09-20,EUR,EURO FX,tff,69575,97378,26727,277641,-27803,-250914,657952
2022-09-20,GBP,BRITISH POUND,tff,63810,44053,125191,31731,19757,93460,266295
2022-09-20,GOLD,GOLD,dis,214557,148835,141862,217290,65722,-75428,469395
2022-09-20,JPY,JAPANESE YEN,tff,34806,59320,119231,737,-24514,118494,250892
2022-09-20,NZD,NEW ZEALAND DOLLAR,tff,13331,20684,26098,264,-7353,25834,47884
2022-09-20,OIL,WTI CRUDE OIL,dis,63268,24164,41365,72569,39104,-31204,144818
2022-09-20,SILVER,SILVER,dis,52323,53963,50661,56290,-1640,-5629,132107
2022-09-20,USD,US DOLLAR INDEX,tff,12881,24995,400,22063,-12114,-21663,54292
2022-09-27,AUD,AUSTRALIAN DOLLAR,tff,30326,40645,58953,5525,-10319,53428,152301
2022-09-27,CAD,CANADIAN DOLLAR,tff,19869,36904,22600,13939,-17035,8661,140889
2022-09-27,CHF,SWISS FRANC,tff,7199,8017,23567,0,-818,23567,44492
2022-09-27,COPPER,COPPER,dis,50726,78482,87188,58304,-27756,28884,173661
2022-09-27,EUR,EURO FX,tff,75359,102250,25831,273975,-26891,-248144,654142
2022-09-27,GBP,BRITISH POUND,tff,82200,70569,120835,30905,11631,89930,281805
2022-09-27,GOLD,GOLD,dis,207154,155073,139361,201499,52081,-62138,457061
2022-09-27,JPY,JAPANESE YEN,tff,27265,58221,123466,3223,-30956,120243,244655
2022-09-27,NZD,NEW ZEALAND DOLLAR,tff,13515,19114,23016,466,-5599,22550,45240
2022-09-27,OIL,WTI CRUDE OIL,dis,64031,25255,41653,73210,38776,-31557,147398
2022-09-27,SILVER,SILVER,dis,49984,49226,48993,55853,758,-6860,129000
2022-09-27,USD,US DOLLAR INDEX,tff,13280,24413,416,22163,-11133,-21747,56046
2022-10-04,AUD,AUSTRALIAN DOLLAR,tff,28265,43314,42261,6516,-15049,35745,139490
2022-10-04,CAD,CANADIAN DOLLAR,tff,19115,38239,19348,13966,-19124,5382,141799
2022-10-04,CHF,SWISS FRANC,tff,7650,9445,21429,0,-1795,21429,43121
2022-10-04,COPPER,COPPER,dis,50470,68721,78817,60794,-18251,18023,166161
2022-10-04,EUR,EURO FX,tff,68913,87224,30698,269016,-18311,-238318,640458
2022-10-04,GBP,BRITISH POUND,tff,68994,49615,116412,32594,19379,83818,256906
2022-10-04,GOLD,GOLD,dis,215964,127579,116451,212999,88385,-96548,437065
2022-10-04,JPY,JAPANESE YEN,tff,36020,60749,107555,4042,-24729,103513,243289
2022-10-04,NZD,NEW ZEALAND DOLLAR,tff,13373,21144,23076,362,-7771,22714,48487
2022-10-04,OIL,WTI CRUDE OIL,dis,58592,23513,54917,84201,35079,-29284,154165
2022-10-04,SILVER,SILVER,dis,51926,43218,47755,65372,8708,-17617,129524
2022-10-04,USD,US DOLLAR INDEX,tff,13272,22644,528,25276,-9372,-24748,54638
2022-10-11,AUD,AUSTRALIAN DOLLAR,tff,14900,33921,50282,9095,-19021,41187,138320
2022-10-11,CAD,CANADIAN DOLLAR,tff,16922,38375,28352,14996,-21453,13356,144000
2022-10-11,CHF,SWISS FRANC,tff,5537,5745,25550,92,-208,25458,43748
2022-10-11,COPPER,COPPER,dis,51021,66920,79079,62176,-15899,16903,167449
2022-10-11,EUR,EURO FX,tff,64598,83788,30929,273318,-19190,-242389,639348
2022-10-11,GBP,BRITISH POUND,tff,74168,56394,105852,27148,17774,78704,255649
2022-10-11,GOLD,GOLD,dis,212561,118141,112867,216595,94420,-103728,431395
2022-10-11,JPY,JAPANESE YEN,tff,35427,66066,112847,537,-30639,112310,245007
2022-10-11,NZD,NEW ZEALAND DOLLAR,tff,10204,20615,28747,399,-10411,28348,50557
2022-10-11,OIL,WTI CRUDE OIL,dis,59252,23948,57310,86106,35304,-28796,156479
2022-10-11,SILVER,SILVER,dis,47939,40550,47603,63206,7389,-15603,125623
2022-10-11,USD,US DOLLAR INDEX,tff,12295,21292,390,25558,-8997,-25168,54615
2022-10-18,AUD,AUSTRALIAN DOLLAR,tff,18341,33000,60162,8028,-14659,52134,150496
2022-10-18,CAD,CANADIAN DOLLAR,tff,16959,35987,28672,14479,-19028,14193,146425
2022-10-18,CHF,SWISS FRANC,tff,6523,7467,24787,91,-944,24696,44911
2022-10-18,COPPER,COPPER,dis,49335,69637,82890,63194,-20302,19696,178730
2022-10-18,EUR,EURO FX,tff,69229,80045,29421,287972,-10816,-258551,640469
2022-10-18,GBP,BRITISH POUND,tff,71520,60352,117974,31233,11168,86741,258826
2022-10-18,GOLD,GOLD,dis,210890,133934,115073,205103,76956,-90030,434701
2022-10-18,JPY,JAPANESE YEN,tff,34327,73562,128105,1104,-39235,127001,264265
2022-10-18,NZD,NEW ZEALAND DOLLAR,tff,9688,17907,30883,357,-8219,30526,50448
2022-10-18,OIL,WTI CRUDE OIL,dis,60192,23999,57932,87050,36193,-29118,158275
2022-10-18,SILVER,SILVER,dis,51541,50274,50956,60041,1267,-9085,136055
2022-10-18,USD,US DOLLAR INDEX,tff,9642,21302,556,25566,-11660,-25010,55234
2022-10-25,AUD,AUSTRALIAN DOLLAR,tff,17553,43155,75006,11489,-25602,63517,166961
2022-10-25,CAD,CANADIAN DOLLAR,tff,15542,32245,27193,16320,-16703,10873,143417
2022-10-25,CHF,SWISS FRANC,tff,5237,9258,28450,92,-4021,28358,46594
2022-10-25,COPPER,COPPER,dis,50000,66919,79742,63835,-16919,15907,179344
2022-10-25,EUR,EURO FX,tff,83693,88897,28695,310389,-5204,-281694,666719
2022-10-25,GBP,BRITISH POUND,tff,73010,65358,113163,35196,7652,77967,258969
2022-10-25,GOLD,GOLD,dis,212853,144821,123085,203298,68032,-80213,456072
2022-10-25,JPY,JAPANESE YEN,tff,40505,74332,132682,3093,-33827,129589,272597
2022-10-25,NZD,NEW ZEALAND DOLLAR,tff,14771,16837,25164,967,-2066,24197,50620
2022-10-25,OIL,WTI CRUDE OIL,dis,60205,24317,61325,90581,35888,-29256,162319
2022-10-25,SILVER,SILVER,dis,51163,51264,52952,61809,-101,-8857,139085
2022-10-25,USD,US DOLLAR INDEX,tff,13862,25660,391,25566,-11798,-25175,59053
2022-11-01,AUD,AUSTRALIAN DOLLAR,tff,18241,45476,77134,11260,-27235,65874,165411
2022-11-01,CAD,CANADIAN DOLLAR,tff,16235,34838,28686,15325,-18603,13361,147170
2022-11-01,CHF,SWISS FRANC,tff,6465,12520,32490,89,-6055,32401,50107
2022-11-01,COPPER,COPPER,dis,50738,58222,76394,68396,-7484,7998,179801
2022-11-01,EUR,EURO FX,tff,88366,84155,27000,341879,4211,-314879,671729
2022-11-01,GBP,BRITISH POUND,tff,64702,61888,107764,35819,2814,71945,243549
2022-11-01,GOLD,GOLD,dis,216341,151718,125689,200471,64623,-74782,467276
2022-11-01,JPY,JAPANESE YEN,tff,40246,62353,124994,7761,-22107,117233,258906
2022-11-01,NZD,NEW ZEALAND DOLLAR,tff,19970,15639,18464,1046,4331,17418,47219
2022-11-01,OIL,WTI CRUDE OIL,dis,54772,20415,53027,82122,34357,-29095,145267
2022-11-01,SILVER,SILVER,dis,51286,49762,51802,62165,1524,-10363,138875
2022-11-01,USD,US DOLLAR INDEX,tff,15613,21704,415,25566,-6091,-25151,55942
2022-11-08,AUD,AUSTRALIAN DOLLAR,tff,18680,40362,73576,13149,-21682,60427,162523
2022-11-08,CAD,CANADIAN DOLLAR,tff,16927,37931,30871,14610,-21004,16261,147555
2022-11-08,CHF,SWISS FRANC,tff,4904,14034,32384,0,-9130,32384,49907
2022-11-08,COPPER,COPPER,dis,55028,52115,63309,66735,2913,-3426,169929
2022-11-08,EUR,EURO FX,tff,81850,75031,28388,351100,6819,-322712,667902
2022-11-08,GBP,BRITISH POUND,tff,65610,58267,100639,37087,7343,63552,237334
2022-11-08,GOLD,GOLD,dis,223135,140797,126187,217331,82338,-91144,488471
2022-11-08,JPY,JAPANESE YEN,tff,37682,61476,118441,5393,-23794,113048,251378
2022-11-08,NZD,NEW ZEALAND DOLLAR,tff,17232,14751,20117,848,2481,19269,45808
2022-11-08,OIL,WTI CRUDE OIL,dis,55656,20499,53696,83157,35157,-29461,147145
2022-11-08,SILVER,SILVER,dis,53651,40648,47451,69539,13003,-22088,140437
2022-11-08,USD,US DOLLAR INDEX,tff,15063,22424,487,25566,-7361,-25079,56340
2022-11-15,AUD,AUSTRALIAN DOLLAR,tff,19092,41351,74128,12510,-22259,61618,162440
2022-11-15,CAD,CANADIAN DOLLAR,tff,14824,30064,26205,15672,-15240,10533,139753
2022-11-15,CHF,SWISS FRANC,tff,2493,13912,26164,902,-11419,25262,41966
2022-11-15,COPPER,COPPER,dis,60730,50909,61693,75276,9821,-13583,168962
2022-11-15,EUR,EURO FX,tff,80563,80590,29953,382541,-27,-352588,682575
2022-11-15,GBP,BRITISH POUND,tff,64269,51857,89795,43269,12412,46526,230102
2022-11-15,GOLD,GOLD,dis,227282,101013,135035,269343,126269,-134308,495171
2022-11-15,JPY,JAPANESE YEN,tff,33862,55569,108146,12676,-21707,95470,233346
2022-11-15,NZD,NEW ZEALAND DOLLAR,tff,14176,16323,20893,1430,-2147,19463,42589
2022-11-15,OIL,WTI CRUDE OIL,dis,55418,20367,54172,83702,35051,-29530,147682
2022-11-15,SILVER,SILVER,dis,52692,35085,48393,77817,17607,-29424,141623
2022-11-15,USD,US DOLLAR INDEX,tff,13144,15786,361,25566,-2642,-25205,48382
2022-11-22,AUD,AUSTRALIAN DOLLAR,tff,14102,41650,70624,16660,-27548,53964,156807
2022-11-22,CAD,CANADIAN DOLLAR,tff,14506,28263,22289,14912,-13757,7377,134901
2022-11-22,CHF,SWISS FRANC,tff,1970,13288,25368,1253,-11318,24115,41440
2022-11-22,COPPER,COPPER,dis,52701,49597,64127,70240,3104,-6113,155127
2022-11-22,EUR,EURO FX,tff,83419,76878,28591,396124,6541,-367533,680873
2022-11-22,GBP,BRITISH POUND,tff,59202,52331,88735,44396,6871,44339,222317
2022-11-22,GOLD,GOLD,dis,214284,98171,133754,263818,116113,-130064,449542
2022-11-22,JPY,JAPANESE YEN,tff,29029,54986,106048,16430,-25957,89618,227435
2022-11-22,NZD,NEW ZEALAND DOLLAR,tff,13684,17042,19366,3003,-3358,16363,42589
2022-11-22,OIL,WTI CRUDE OIL,dis,57372,20350,56830,89805,37022,-32975,153695
2022-11-22,SILVER,SILVER,dis,50540,33774,45351,72993,16766,-27642,128907
2022-11-22,USD,US DOLLAR INDEX,tff,14488,15808,276,25566,-1320,-25290,47718
2022-11-29,AUD,AUSTRALIAN DOLLAR,tff,14096,46455,68789,16476,-32359,52313,159378
2022-11-29,CAD,CANADIAN DOLLAR,tff,21031,30735,21101,15314,-9704,5787,136654
2022-11-29,CHF,SWISS FRANC,tff,1526,12577,25189,1402,-11051,23787,41360
2022-11-29,COPPER,COPPER,dis,51433,49449,63196,66558,1984,-3362,146760
2022-11-29,EUR,EURO FX,tff,76460,79804,32015,401343,-3344,-369328,695776
2022-11-29,GBP,BRITISH POUND,tff,54861,50822,89822,47445,4039,42377,225480
2022-11-29,GOLD,GOLD,dis,209161,99158,134184,253417,110003,-119233,433661
2022-11-29,JPY,JAPANESE YEN,tff,24956,55283,109321,16913,-30327,92408,228328
2022-11-29,NZD,NEW ZEALAND DOLLAR,tff,14406,21465,18281,4192,-7059,14089,46180
2022-11-29,OIL,WTI CRUDE OIL,dis,61498,20350,55906,96414,41148,-40508,157316
2022-11-29,SILVER,SILVER,dis,48441,30958,46270,75267,17483,-28997,121258
2022-11-29,USD,US DOLLAR INDEX,tff,13445,13050,270,25566,395,-25296,46836
2022-12-06,AUD,AUSTRALIAN DOLLAR,tff,13809,48789,64064,22533,-34980,41531,158755
2022-12-06,CAD,CANADIAN DOLLAR,tff,26001,26399,33441,13879,-398,19562,148891
2022-12-06,CHF,SWISS FRANC,tff,1439,10859,24980,2467,-9420,22513,40171
2022-12-06,COPPER,COPPER,dis,55496,53817,66286,70640,1679,-4354,158762
2022-12-06,EUR,EURO FX,tff,76694,81601,41631,412261,-4907,-370630,711537
2022-12-06,GBP,BRITISH POUND,tff,55649,52473,87475,52520,3176,34955,230311
2022-12-06,GOLD,GOLD,dis,211472,96347,117578,247657,115125,-130079,422100
2022-12-06,JPY,JAPANESE YEN,tff,23827,56261,107518,22237,-32434,85281,223424
2022-12-06,NZD,NEW ZEALAND DOLLAR,tff,12083,21077,18326,4743,-8994,13583,42954
2022-12-06,OIL,WTI CRUDE OIL,dis,52312,16132,46408,81499,36180,-35091,136490
2022-12-06,SILVER,SILVER,dis,48954,29746,44757,77019,19208,-32262,122558
2022-12-06,USD,US DOLLAR INDEX,tff,14562,11088,204,25566,3474,-25362,45115
2022-12-13,AUD,AUSTRALIAN DOLLAR,tff,15950,44672,63287,26158,-28722,37129,172269
2022-12-13,CAD,CANADIAN DOLLAR,tff,27526,28427,38423,15559,-901,22864,169433
2022-12-13,CHF,SWISS FRANC,tff,2659,10823,25130,5068,-8164,20062,49340
2022-12-13,COPPER,COPPER,dis,58057,55501,66265,72824,2556,-6559,162191
2022-12-13,EUR,EURO FX,tff,68146,79103,40388,439262,-10957,-398874,772800
2022-12-13,GBP,BRITISH POUND,tff,55236,57169,82921,55490,-1933,27431,240264
2022-12-13,GOLD,GOLD,dis,224409,98760,119908,258437,125649,-138529,437040
2022-12-13,JPY,JAPANESE YEN,tff,21753,45441,91836,18200,-23688,73636,226964
2022-12-13,NZD,NEW ZEALAND DOLLAR,tff,13889,25159,18432,7343,-11270,11089,55294
2022-12-13,OIL,WTI CRUDE OIL,dis,50155,16122,50962,85607,34033,-34645,139896
2022-12-13,SILVER,SILVER,dis,51405,28586,44913,80719,22819,-35806,125555
2022-12-13,USD,US DOLLAR INDEX,tff,16576,14227,242,25566,2349,-25324,48069
2022-12-20,AUD,AUSTRALIAN DOLLAR,tff,22603,27889,29768,7320,-5286,22448,129256
2022-12-20,CAD,CANADIAN DOLLAR,tff,35744,33701,37678,15538,2043,22140,180857
2022-12-20,CHF,SWISS FRANC,tff,5026,7484,10733,1040,-2458,9693,30040
2022-12-20,COPPER,COPPER,dis,55940,55165,66289,69796,775,-3507,156204
2022-12-20,EUR,EURO FX,tff,78454,95148,33389,448199,-16694,-414810,725968
2022-12-20,GBP,BRITISH POUND,tff,51110,41252,48548,35984,9858,12564,187766
2022-12-20,GOLD,GOLD,dis,226136,97288,116465,258979,128848,-142514,436653
2022-12-20,JPY,JAPANESE YEN,tff,33835,52242,64037,5563,-18407,58474,182034
2022-12-20,NZD,NEW ZEALAND DOLLAR,tff,6057,11107,4530,6719,-5050,-2189,29044
2022-12-20,OIL,WTI CRUDE OIL,dis,52683,17467,53875,89169,35216,-35294,145341
2022-12-20,SILVER,SILVER,dis,56164,26402,44388,84697,29762,-40309,129278
2022-12-20,USD,US DOLLAR INDEX,tff,10753,22026,237,12788,-11273,-12551,41389
2022-12-27,AUD,AUSTRALIAN DOLLAR,tff,18771,28834,29026,5834,-10063,23192,129195
2022-12-27,CAD,CANADIAN DOLLAR,tff,16329,35658,38857,5152,-19329,33705,140544
2022-12-27,CHF,SWISS FRANC,tff,3939,6519,10917,1057,-2580,9860,29851
2022-12-27,COPPER,COPPER,dis,58470,57746,67065,71766,724,-4701,160334
2022-12-27,EUR,EURO FX,tff,81740,92874,32479,455413,-11134,-422934,728387
2022-12-27,GBP,BRITISH POUND,tff,57734,50503,50819,35305,7231,15514,195440
2022-12-27,GOLD,GOLD,dis,229525,92645,116744,270520,136880,-153776,440040
2022-12-27,JPY,JAPANESE YEN,tff,28810,49437,60729,7411,-20627,53318,173136
2022-12-27,NZD,NEW ZEALAND DOLLAR,tff,9013,12778,5966,7064,-3765,-1098,33552
2022-12-27,OIL,WTI CRUDE OIL,dis,53881,17793,54288,90426,36088,-36138,147603
2022-12-27,SILVER,SILVER,dis,55870,24843,44044,86961,31027,-42917,128467
2022-12-27,USD,US DOLLAR INDEX,tff,11829,22095,260,12788,-10266,-12528,41653
2023-01-03,AUD,AUSTRALIAN DOLLAR,tff,22391,30858,30819,4985,-8467,25834,132960
2023-01-03,CAD,CANADIAN DOLLAR,tff,15910,28114,37973,5277,-12204,32696,138995
2023-01-03,CHF,SWISS FRANC,tff,7403,7503,12481,1012,-100,11469,33250
2023-01-03,COPPER,COPPER,dis,57191,61866,68905,69068,-4675,-163,164594
2023-01-03,EUR,EURO FX,tff,71489,77178,45250,459862,-5689,-414612,712030
2023-01-03,GBP,BRITISH POUND,tff,66614,60209,53617,33874,6405,19743,205722
2023-01-03,GOLD,GOLD,dis,230801,89135,113520,273494,141666,-159974,449393
2023-01-03,JPY,JAPANESE YEN,tff,26931,45445,45775,11100,-18514,34675,172590
2023-01-03,NZD,NEW ZEALAND DOLLAR,tff,8201,8822,5983,6088,-621,-105,29773
2023-01-03,OIL,WTI CRUDE OIL,dis,47055,10948,40845,82258,36107,-41413,131126
2023-01-03,SILVER,SILVER,dis,57801,26867,44229,88440,30934,-44211,131990
2023-01-03,USD,US DOLLAR INDEX,tff,12494,21201,265,12788,-8707,-12523,41850
2023-01-10,AUD,AUSTRALIAN DOLLAR,tff,17147,26587,28360,11338,-9440,17022,126028
2023-01-10,CAD,CANADIAN DOLLAR,tff,13951,31486,38047,4530,-17535,33517,133888
2023-01-10,CHF,SWISS FRANC,tff,4501,9570,12138,1551,-5069,10587,33266
2023-01-10,COPPER,COPPER,dis,74753,64526,69787,86040,10227,-16253,186383
2023-01-10,EUR,EURO FX,tff,82961,89335,47533,480753,-6374,-433220,746163
2023-01-10,GBP,BRITISH POUND,tff,57690,53851,50925,34438,3839,16487,202713
2023-01-10,GOLD,GOLD,dis,243566,93031,111718,284196,150535,-172478,481519
2023-01-10,JPY,JAPANESE YEN,tff,29570,34650,43004,27319,-5080,15685,175745
2023-01-10,NZD,NEW ZEALAND DOLLAR,tff,10219,6655,4489,5727,3564,-1238,27566
2023-01-10,OIL,WTI CRUDE OIL,dis,45094,10831,47426,86368,34263,-38942,139987
2023-01-10,SILVER,SILVER,dis,56770,27757,42599,85524,29013,-42925,129961
2023-01-10,USD,US DOLLAR INDEX,tff,12617,21903,197,12788,-9286,-12591,42307
2023-01-17,AUD,AUSTRALIAN DOLLAR,tff,13844,26321,27879,16288,-12477,11591,128213
2023-01-17,CAD,CANADIAN DOLLAR,tff,14458,26636,36196,5965,-12178,30231,132346
2023-01-17,CHF,SWISS FRANC,tff,5259,10507,13025,787,-5248,12238,34300
2023-01-17,COPPER,COPPER,dis,84910,68672,69997,92692,16238,-22695,201455
2023-01-17,EUR,EURO FX,tff,71486,85373,43087,494265,-13887,-451178,753915
2023-01-17,GBP,BRITISH POUND,tff,61449,50950,56350,32252,10499,24098,201956
2023-01-17,GOLD,GOLD,dis,246874,93634,122814,298727,153240,-175913,491818
2023-01-17,JPY,JAPANESE YEN,tff,31349,36833,37003,38165,-5484,-1162,176862
2023-01-17,NZD,NEW ZEALAND DOLLAR,tff,9684,9890,9325,5537,-206,3788,31579
2023-01-17,OIL,WTI CRUDE OIL,dis,45098,11260,48201,86131,33838,-37930,141333
2023-01-17,SILVER,SILVER,dis,57439,25971,42668,88035,31468,-45367,131862
2023-01-17,USD,US DOLLAR INDEX,tff,11598,18444,257,12788,-6846,-12531,39388
2023-01-24,AUD,AUSTRALIAN DOLLAR,tff,15739,29914,29260,15282,-14175,13978,129490
2023-01-24,CAD,CANADIAN DOLLAR,tff,17086,34181,40421,3430,-17095,36991,137476
2023-01-24,CHF,SWISS FRANC,tff,4998,12208,12855,1360,-7210,11495,35368
2023-01-24,COPPER,COPPER,dis,87941,67771,74715,101257,20170,-26542,213398
2023-01-24,EUR,EURO FX,tff,77468,88332,41118,514783,-10864,-473665,777569
2023-01-24,GBP,BRITISH POUND,tff,53299,48116,54562,32768,5183,21794,194051
2023-01-24,GOLD,GOLD,dis,253311,95638,127419,307973,157673,-180554,499927
2023-01-24,JPY,JAPANESE YEN,tff,25334,36268,34346,38507,-10934,-4161,173321
2023-01-24,NZD,NEW ZEALAND DOLLAR,tff,8686,11515,7619,6056,-2829,1563,32710
2023-01-24,OIL,WTI CRUDE OIL,dis,51554,11759,46269,89801,39795,-43532,147592
2023-01-24,SILVER,SILVER,dis,55595,29911,47359,86820,25684,-39461,134922
2023-01-24,USD,US DOLLAR INDEX,tff,13230,19913,147,12788,-6683,-12641,41233
2023-01-31,AUD,AUSTRALIAN DOLLAR,tff,16681,36959,24473,16617,-20278,7856,136304
2023-01-31,CAD,CANADIAN DOLLAR,tff,18352,33019,39953,4330,-14667,35623,140167
2023-01-31,CHF,SWISS FRANC,tff,7084,12698,12802,2012,-5614,10790,38345
2023-01-31,COPPER,COPPER,dis,85410,68195,81694,106108,17215,-24414,224824
2023-01-31,EUR,EURO FX,tff,85496,80440,41129,538965,5056,-497836,796738
2023-01-31,GBP,BRITISH POUND,tff,55827,43861,56135,32035,11966,24100,196113
2023-01-31,GOLD,GOLD,dis,256417,96136,120147,300667,160281,-180520,471642
2023-01-31,JPY,JAPANESE YEN,tff,20971,32108,35009,39859,-11137,-4850,168540
2023-01-31,NZD,NEW ZEALAND DOLLAR,tff,13074,11868,4885,8820,1206,-3935,34587
2023-01-31,OIL,WTI CRUDE OIL,dis,55417,11927,52200,100946,43490,-48746,154980
2023-01-31,SILVER,SILVER,dis,54867,27551,47997,88431,27316,-40434,138263
2023-01-31,USD,US DOLLAR INDEX,tff,10256,15356,57,12788,-5100,-12731,38140
2023-02-07,AUD,AUSTRALIAN DOLLAR,tff,13007,25253,19190,14115,-12246,5075,124006
2023-02-07,CAD,CANADIAN DOLLAR,tff,25887,37042,45624,3439,-11155,42185,149621
2023-02-07,CHF,SWISS FRANC,tff,8715,12832,13616,1690,-4117,11926,38842
2023-02-07,COPPER,COPPER,dis,75474,72969,87084,98271,2505,-11187,222502
2023-02-07,EUR,EURO FX,tff,73795,58220,40285,538639,15575,-498354,781287
2023-02-07,GBP,BRITISH POUND,tff,74244,45540,63174,33123,28704,30051,203720
2023-02-07,GOLD,GOLD,dis,223298,94483,118802,271768,128815,-152966,439755
2023-02-07,JPY,JAPANESE YEN,tff,13576,31302,34473,32675,-17726,1798,164069
2023-02-07,NZD,NEW ZEALAND DOLLAR,tff,12663,9245,1968,8265,3418,-6297,31410
2023-02-07,OIL,WTI CRUDE OIL,dis,55546,11272,38688,88780,44274,-50092,136593
2023-02-07,SILVER,SILVER,dis,48121,34590,47750,77429,13531,-29679,133601
2023-02-07,USD,US DOLLAR INDEX,tff,6781,11085,87,12788,-4304,-12701,33546
2023-02-14,AUD,AUSTRALIAN DOLLAR,tff,15829,26210,20940,13764,-10381,7176,126033
2023-02-14,CAD,CANADIAN DOLLAR,tff,15960,30932,54285,3439,-14972,50846,149059
2023-02-14,CHF,SWISS FRANC,tff,6326,11056,13874,1444,-4730,12430,37591
2023-02-14,COPPER,COPPER,dis,67285,72796,93129,95431,-5511,-2302,218099
2023-02-14,EUR,EURO FX,tff,79092,57684,41784,546951,21408,-505167,788633
2023-02-14,GBP,BRITISH POUND,tff,71042,42087,68754,32065,28955,36689,205316
2023-02-14,GOLD,GOLD,dis,210374,104845,120812,249884,105529,-129072,426116
2023-02-14,JPY,JAPANESE YEN,tff,20989,34650,33208,32738,-13661,470,174955
2023-02-14,NZD,NEW ZEALAND DOLLAR,tff,11353,9091,3305,6684,2262,-3379,29900
2023-02-14,OIL,WTI CRUDE OIL,dis,57137,11766,42351,93440,45371,-51089,142701
2023-02-14,SILVER,SILVER,dis,46028,34522,48772,74594,11506,-25822,132132
2023-02-14,USD,US DOLLAR INDEX,tff,7047,11434,307,12758,-4387,-12451,32966
2023-02-21,AUD,AUSTRALIAN DOLLAR,tff,24107,22874,20644,12443,1233,8201,123456
2023-02-21,CAD,CANADIAN DOLLAR,tff,14676,33410,53827,3469,-18734,50358,151896
2023-02-21,CHF,SWISS FRANC,tff,9301,11802,14305,1418,-2501,12887,39087
2023-02-21,COPPER,COPPER,dis,73395,71346,94047,102557,2049,-8510,219205
2023-02-21,EUR,EURO FX,tff,79329,56100,43630,544967,23229,-501337,789898
2023-02-21,GBP,BRITISH POUND,tff,72880,44655,74664,29718,28225,44946,213502
2023-02-21,GOLD,GOLD,dis,210185,103084,119040,248395,107101,-129355,422648
2023-02-21,JPY,JAPANESE YEN,tff,30808,37896,36758,17402,-7088,19356,186100
2023-02-21,NZD,NEW ZEALAND DOLLAR,tff,11651,9576,4484,5773,2075,-1289,29888
2023-02-21,OIL,WTI CRUDE OIL,dis,56947,11820,45673,95670,45127,-49997,143973
2023-02-21,SILVER,SILVER,dis,44985,35083,45388,68438,9902,-23050,123906
2023-02-21,USD,US DOLLAR INDEX,tff,8237,15485,77,12758,-7248,-12681,36022
2023-02-28,AUD,AUSTRALIAN DOLLAR,tff,29146,20784,22137,9723,8362,12414,126681
2023-02-28,CAD,CANADIAN DOLLAR,tff,26869,34614,58309,3481,-7745,54828,165097
2023-02-28,CHF,SWISS FRANC,tff,10564,10620,16596,0,-56,16596,41991
2023-02-28,COPPER,COPPER,dis,60680,66718,85368,85399,-6038,-31,196143
2023-02-28,EUR,EURO FX,tff,84939,58012,43416,549079,26927,-505663,803963
2023-02-28,GBP,BRITISH POUND,tff,70536,46714,74494,28809,23822,45685,212064
2023-02-28,GOLD,GOLD,dis,208419,99826,123391,250878,108593,-127487,426890
2023-02-28,JPY,JAPANESE YEN,tff,25965,51807,58020,12416,-25842,45604,200047
2023-02-28,NZD,NEW ZEALAND DOLLAR,tff,21437,12923,9540,5189,8514,4351,40006
2023-02-28,OIL,WTI CRUDE OIL,dis,59224,11999,46686,97964,47225,-51278,147885
2023-02-28,SILVER,SILVER,dis,44202,44256,47645,60797,-54,-13152,123900
2023-02-28,USD,US DOLLAR INDEX,tff,7531,17902,0,12758,-10371,-12758,37290
2023-03-07,AUD,AUSTRALIAN DOLLAR,tff,45951,32517,24467,3090,13434,21377,157990
2023-03-07,CAD,CANADIAN DOLLAR,tff,56438,44182,61428,3611,12256,57817,203816
2023-03-07,CHF,SWISS FRANC,tff,12997,11725,15689,179,1272,15510,46745
2023-03-07,COPPER,COPPER,dis,64858,72578,90635,91547,-7720,-912,210430
2023-03-07,EUR,EURO FX,tff,75936,60049,47380,552786,15887,-505406,821057
2023-03-07,GBP,BRITISH POUND,tff,77238,50659,72275,28993,26579,43282,222558
2023-03-07,GOLD,GOLD,dis,215574,117100,125394,244314,98474,-118920,458474
2023-03-07,JPY,JAPANESE YEN,tff,19427,58884,62068,8972,-39457,53096,211297
2023-03-07,NZD,NEW ZEALAND DOLLAR,tff,22450,14223,11436,4769,8227,6667,48777
2023-03-07,OIL,WTI CRUDE OIL,dis,55613,12444,33946,83548,43169,-49602,131152
2023-03-07,SILVER,SILVER,dis,42903,50685,50301,55914,-7782,-5613,127503
2023-03-07,USD,US DOLLAR INDEX,tff,9550,16816,102,12758,-7266,-12656,36943
2023-03-14,AUD,AUSTRALIAN DOLLAR,tff,36519,29433,47953,1600,7086,46353,150058
2023-03-14,CAD,CANADIAN DOLLAR,tff,56104,45425,63860,4206,10679,59654,244421
2023-03-14,CHF,SWISS FRANC,tff,3347,10285,16052,943,-6938,15109,39006
2023-03-14,COPPER,COPPER,dis,54088,68244,94496,87389,-14156,7107,205997
2023-03-14,EUR,EURO FX,tff,64007,56362,23984,504526,7645,-480542,745403
2023-03-14,GBP,BRITISH POUND,tff,48727,34931,68653,24751,13796,43902,193377
2023-03-14,GOLD,GOLD,dis,230823,90492,122457,277897,140331,-155440,459064
2023-03-14,JPY,JAPANESE YEN,tff,16306,60847,53589,7961,-44541,45628,179782
2023-03-14,NZD,NEW ZEALAND DOLLAR,tff,12319,12829,14000,0,-510,14000,35374
2023-03-14,OIL,WTI CRUDE OIL,dis,55231,14055,35403,85332,41176,-49929,133657
2023-03-14,SILVER,SILVER,dis,42227,43446,48543,57780,-1219,-9237,121772
2023-03-14,USD,US DOLLAR INDEX,tff,8558,17535,56,11163,-8977,-11107,35180
2023-03-21,AUD,AUSTRALIAN DOLLAR,tff,34704,28414,50587,1600,6290,48987,151836
2023-03-21,CAD,CANADIAN DOLLAR,tff,18198,36322,88611,3473,-18124,85138,178185
2023-03-21,CHF,SWISS FRANC,tff,4701,8694,15815,0,-3993,15815,35837
2023-03-21,COPPER,COPPER,dis,51095,63446,94353,86817,-12351,7536,201636
2023-03-21,EUR,EURO FX,tff,61547,48206,24377,508761,13341,-484384,737437
2023-03-21,GBP,BRITISH POUND,tff,44689,35921,65931,28809,8768,37122,190796
2023-03-21,GOLD,GOLD,dis,237891,79286,121678,305246,158605,-183568,469874
2023-03-21,JPY,JAPANESE YEN,tff,10622,61899,49208,11668,-51277,37540,169188
2023-03-21,NZD,NEW ZEALAND DOLLAR,tff,7359,12078,15157,156,-4719,15001,32179
2023-03-21,OIL,WTI CRUDE OIL,dis,52828,14384,43321,87043,38444,-43722,137456
2023-03-21,SILVER,SILVER,dis,41325,37863,48685,61366,3462,-12681,119082
2023-03-21,USD,US DOLLAR INDEX,tff,7459,16121,0,11163,-8662,-11163,33819
2023-03-28,AUD,AUSTRALIAN DOLLAR,tff,32010,27602,48580,2786,4408,45794,151238
2023-03-28,CAD,CANADIAN DOLLAR,tff,18535,36731,85729,3231,-18196,82498,176559
2023-03-28,CHF,SWISS FRANC,tff,4157,7061,15744,1413,-2904,14331,34856
2023-03-28,COPPER,COPPER,dis,56595,58140,93920,98844,-1545,-4924,211889
2023-03-28,EUR,EURO FX,tff,58664,55651,23428,500750,3013,-477322,732506
2023-03-28,GBP,BRITISH POUND,tff,44539,38219,64672,41019,6320,23653,199868
2023-03-28,GOLD,GOLD,dis,245135,63505,131786,333294,181630,-201508,478611
2023-03-28,JPY,JAPANESE YEN,tff,14688,57172,46401,18332,-42484,28069,169473
2023-03-28,NZD,NEW ZEALAND DOLLAR,tff,9971,10859,12396,1357,-888,11039,31981
2023-03-28,OIL,WTI CRUDE OIL,dis,53195,12266,45989,90750,40929,-44761,141271
2023-03-28,SILVER,SILVER,dis,42254,28893,44970,66845,13361,-21875,117395
2023-03-28,USD,US DOLLAR INDEX,tff,7163,13525,76,11163,-6362,-11087,31128
2023-04-04,AUD,AUSTRALIAN DOLLAR,tff,32751,27385,44157,5376,5366,38781,151242
2023-04-04,CAD,CANADIAN DOLLAR,tff,14457,39176,79882,4345,-24719,75537,169138
2023-04-04,CHF,SWISS FRANC,tff,3464,7610,15825,1563,-4146,14262,37177
2023-04-04,COPPER,COPPER,dis,60538,63492,93465,98362,-2954,-4897,218687
2023-04-04,EUR,EURO FX,tff,66748,63263,19742,511316,3485,-491574,747095
2023-04-04,GBP,BRITISH POUND,tff,54677,53028,61932,57726,1649,4206,224690
2023-04-04,GOLD,GOLD,dis,266164,70948,116869,335119,195216,-218250,476592
2023-04-04,JPY,JAPANESE YEN,tff,15053,59500,47011,30608,-44447,16403,178828
2023-04-04,NZD,NEW ZEALAND DOLLAR,tff,13202,12129,11700,4566,1073,7134,36080
2023-04-04,OIL,WTI CRUDE OIL,dis,47001,12387,37976,74482,34614,-36506,127362
2023-04-04,SILVER,SILVER,dis,50327,29044,44936,76371,21283,-31435,131210
2023-04-04,USD,US DOLLAR INDEX,tff,9549,13000,136,11163,-3451,-11027,32076
2023-04-11,AUD,AUSTRALIAN DOLLAR,tff,30248,32244,50115,4143,-1996,45972,159441
2023-04-11,CAD,CANADIAN DOLLAR,tff,16553,42255,75942,4242,-25702,71700,164875
2023-04-11,CHF,SWISS FRANC,tff,3233,8096,15601,1590,-4863,14011,38272
2023-04-11,COPPER,COPPER,dis,56063,60366,91399,92616,-4303,-1217,209501
2023-04-11,EUR,EURO FX,tff,69139,61513,19719,526373,7626,-506654,759439
2023-04-11,GBP,BRITISH POUND,tff,54061,53517,56055,59911,544,-3856,225292
2023-04-11,GOLD,GOLD,dis,260165,67420,119710,336258,192745,-216548,476567
2023-04-11,JPY,JAPANESE YEN,tff,13815,57389,48381,28076,-43574,20305,176822
2023-04-11,NZD,NEW ZEALAND DOLLAR,tff,11697,11968,10672,4649,-271,6023,35806
2023-04-11,OIL,WTI CRUDE OIL,dis,48641,13362,43298,75669,35279,-32371,133555
2023-04-11,SILVER,SILVER,dis,55583,31865,47629,83884,23718,-36255,142699
2023-04-11,USD,US DOLLAR INDEX,tff,11406,11380,153,11163,26,-11010,33076
2023-04-18,AUD,AUSTRALIAN DOLLAR,tff,30262,34350,51102,4302,-4088,46800,159708
2023-04-18,CAD,CANADIAN DOLLAR,tff,16689,37258,50838,4204,-20569,46634,148638
2023-04-18,CHF,SWISS FRANC,tff,2880,7818,14636,4790,-4938,9846,40870
2023-04-18,COPPER,COPPER,dis,67262,58328,89131,105411,8934,-16280,206216
2023-04-18,EUR,EURO FX,tff,65844,57520,19870,536511,8324,-516641,766374
2023-04-18,GBP,BRITISH POUND,tff,52218,47665,55280,64365,4553,-9085,224536
2023-04-18,GOLD,GOLD,dis,260061,70168,123496,339921,189893,-216425,482254
2023-04-18,JPY,JAPANESE YEN,tff,15253,58960,49542,26933,-43707,22609,177507
2023-04-18,NZD,NEW ZEALAND DOLLAR,tff,10109,8574,11185,4191,1535,6994,33377
2023-04-18,OIL,WTI CRUDE OIL,dis,49524,14190,45616,77725,35334,-32109,138058
2023-04-18,SILVER,SILVER,dis,62968,36373,51891,90547,26595,-38656,158371
2023-04-18,USD,US DOLLAR INDEX,tff,11610,10791,129,11163,819,-11034,34865
2023-04-25,AUD,AUSTRALIAN DOLLAR,tff,40401,36954,59971,4717,3447,55254,178757
2023-04-25,CAD,CANADIAN DOLLAR,tff,25190,37563,47270,2930,-12373,44340,151786
2023-04-25,CHF,SWISS FRANC,tff,4042,7262,14794,4081,-3220,10713,41736
2023-04-25,COPPER,COPPER,dis,57224,74266,92294,83990,-17042,8304,202422
2023-04-25,EUR,EURO FX,tff,69260,55884,19153,545719,13376,-526566,772882
2023-04-25,GBP,BRITISH POUND,tff,57163,47200,55918,63473,9963,-7555,231666
2023-04-25,GOLD,GOLD,dis,253186,67922,124518,336446,185264,-211928,473209
2023-04-25,JPY,JAPANESE YEN,tff,16108,56543,46947,22641,-40435,24306,184041
2023-04-25,NZD,NEW ZEALAND DOLLAR,tff,12725,9562,11909,1712,3163,10197,36603
2023-04-25,OIL,WTI CRUDE OIL,dis,50214,14817,48223,81174,35397,-32951,142157
2023-04-25,SILVER,SILVER,dis,66145,35542,45907,87430,30603,-41523,149692
2023-04-25,USD,US DOLLAR INDEX,tff,10869,10238,94,11163,631,-11069,34441
2023-05-02,AUD,AUSTRALIAN DOLLAR,tff,40816,32065,62540,2872,8751,59668,181229
2023-05-02,CAD,CANADIAN DOLLAR,tff,26985,36841,66630,2930,-9856,63700,171054
2023-05-02,CHF,SWISS FRANC,tff,5459,7366,14790,5249,-1907,9541,43251
2023-05-02,COPPER,COPPER,dis,54308,76050,92417,76481,-21742,15936,195462
2023-05-02,EUR,EURO FX,tff,70548,55759,18184,539147,14789,-520963,779458
2023-05-02,GBP,BRITISH POUND,tff,53504,48832,58132,57193,4672,939,231602
2023-05-02,GOLD,GOLD,dis,262413,66846,127451,345035,195567,-217584,493804
2023-05-02,JPY,JAPANESE YEN,tff,26556,66722,52832,18045,-40166,34787,202996
2023-05-02,NZD,NEW ZEALAND DOLLAR,tff,15242,10727,12172,1414,4515,10758,38910
2023-05-02,OIL,WTI CRUDE OIL,dis,46180,13640,34805,65354,32540,-30549,123125
2023-05-02,SILVER,SILVER,dis,68219,36267,41363,86537,31952,-45174,142538
2023-05-02,USD,US DOLLAR INDEX,tff,10646,8752,0,11449,1894,-11449,32774
2023-05-09,AUD,AUSTRALIAN DOLLAR,tff,29226,35313,59154,1600,-6087,57554,165532
2023-05-09,CAD,CANADIAN DOLLAR,tff,26820,39865,54023,4223,-13045,49800,159364
2023-05-09,CHF,SWISS FRANC,tff,4827,7685,14671,4828,-2858,9843,43389
2023-05-09,COPPER,COPPER,dis,55131,79996,93211,73479,-24865,19732,194243
2023-05-09,EUR,EURO FX,tff,78046,64643,18458,550230,13403,-531772,794721
2023-05-09,GBP,BRITISH POUND,tff,52697,61136,55835,59876,-8439,-4041,242576
2023-05-09,GOLD,GOLD,dis,266472,70658,130985,353500,195814,-222515,518951
2023-05-09,JPY,JAPANESE YEN,tff,21147,56698,46758,24264,-35551,22494,192574
2023-05-09,NZD,NEW ZEALAND DOLLAR,tff,17530,14249,10129,3850,3281,6279,41583
2023-05-09,OIL,WTI CRUDE OIL,dis,48956,14099,35586,66412,34857,-30826,126504
2023-05-09,SILVER,SILVER,dis,69166,36806,41636,87826,32360,-46190,145445
2023-05-09,USD,US DOLLAR INDEX,tff,13286,7023,0,11462,6263,-11462,32175
2023-05-16,AUD,AUSTRALIAN DOLLAR,tff,30052,32166,58787,2223,-2114,56564,167020
2023-05-16,CAD,CANADIAN DOLLAR,tff,25181,37122,58883,2930,-11941,55953,161195
2023-05-16,CHF,SWISS FRANC,tff,5668,7464,14499,6064,-1796,8435,43681
2023-05-16,COPPER,COPPER,dis,59693,92300,100023,71328,-32607,28695,210415
2023-05-16,EUR,EURO FX,tff,69220,53952,17780,549939,15268,-532159,789930
2023-05-16,GBP,BRITISH POUND,tff,56611,58929,55715,64110,-2318,-8395,247165
2023-05-16,GOLD,GOLD,dis,255250,75436,138322,349879,179814,-211557,521832
2023-05-16,JPY,JAPANESE YEN,tff,25509,62763,50237,18976,-37254,31261,200515
2023-05-16,NZD,NEW ZEALAND DOLLAR,tff,12999,8780,10438,3069,4219,7369,36187
2023-05-16,OIL,WTI CRUDE OIL,dis,49298,16941,38470,67925,32357,-29455,127977
2023-05-16,SILVER,SILVER,dis,60440,36625,43026,80093,23815,-37067,140139
2023-05-16,USD,US DOLLAR INDEX,tff,10645,8116,0,11163,2529,-11163,30880
2023-05-23,AUD,AUSTRALIAN DOLLAR,tff,38433,33319,67786,2518,5114,65268,180138
2023-05-23,CAD,CANADIAN DOLLAR,tff,16502,36441,64334,2930,-19939,61404,159199
2023-05-23,CHF,SWISS FRANC,tff,7047,7551,14585,8043,-504,6542,44808
2023-05-23,COPPER,COPPER,dis,61463,91271,101169,73673,-29808,27496,215394
2023-05-23,EUR,EURO FX,tff,72480,58233,18770,538642,14247,-519872,781123
2023-05-23,GBP,BRITISH POUND,tff,53878,53052,56759,66351,826,-9592,237614
2023-05-23,GOLD,GOLD,dis,236149,75417,142984,330007,160732,-187023,479080
2023-05-23,JPY,JAPANESE YEN,tff,33768,81823,72848,6070,-48055,66778,226400
2023-05-23,NZD,NEW ZEALAND DOLLAR,tff,15190,10877,9265,6301,4313,2964,39011
2023-05-23,OIL,WTI CRUDE OIL,dis,51135,17362,39617,70321,33773,-30704,131284
2023-05-23,SILVER,SILVER,dis,56686,34728,42194,77166,21958,-34972,135740
2023-05-23,USD,US DOLLAR INDEX,tff,9207,9425,58,11163,-218,-11105,30203
2023-05-30,AUD,AUSTRALIAN DOLLAR,tff,53661,39176,76326,1946,14485,74380,204963
2023-05-30,CAD,CANADIAN DOLLAR,tff,31800,41723,65945,2930,-9923,63015,179871
2023-05-30,CHF,SWISS FRANC,tff,7424,5036,14632,8438,2388,6194,41354
2023-05-30,COPPER,COPPER,dis,55099,90801,109115,74856,-35702,34259,223185
2023-05-30,EUR,EURO FX,tff,72423,53127,20717,530125,19296,-509408,775142
2023-05-30,GBP,BRITISH POUND,tff,62504,51466,57104,68193,11038,-11089,240301
2023-05-30,GOLD,GOLD,dis,237306,67990,133329,323334,169316,-190005,449515
2023-05-30,JPY,JAPANESE YEN,tff,39074,85452,86145,5896,-46378,80249,243237
2023-05-30,NZD,NEW ZEALAND DOLLAR,tff,14335,10013,12403,1861,4322,10542,39507
2023-05-30,OIL,WTI CRUDE OIL,dis,49280,17745,49865,78389,31535,-28524,140880
2023-05-30,SILVER,SILVER,dis,54837,33713,41602,76138,21124,-34536,133619
2023-05-30,USD,US DOLLAR INDEX,tff,10321,13292,0,11163,-2971,-11163,32373
2023-06-06,AUD,AUSTRALIAN DOLLAR,tff,44312,34571,79736,1707,9741,78029,209680
2023-06-06,CAD,CANADIAN DOLLAR,tff,19797,33431,68961,2930,-13634,66031,168025
2023-06-06,CHF,SWISS FRANC,tff,11864,6724,15806,5986,5140,9820,44087
2023-06-06,COPPER,COPPER,dis,56660,82616,105982,81372,-25956,24610,229756
2023-06-06,EUR,EURO FX,tff,77781,54388,22692,516983,23393,-494291,781967
2023-06-06,GBP,BRITISH POUND,tff,58577,41788,56458,67360,16789,-10902,242117
2023-06-06,GOLD,GOLD,dis,237467,61826,116363,314550,175641,-198187,436301
2023-06-06,JPY,JAPANESE YEN,tff,36006,84398,93189,5468,-48392,87721,245332
2023-06-06,NZD,NEW ZEALAND DOLLAR,tff,14037,9876,13493,1547,4161,11946,41665
2023-06-06,OIL,WTI CRUDE OIL,dis,42023,16108,39555,63905,25915,-24350,122213
2023-06-06,SILVER,SILVER,dis,53149,31674,42785,76850,21475,-34065,137871
2023-06-06,USD,US DOLLAR INDEX,tff,11377,14100,0,11163,-2723,-11163,33930
2023-06-13,AUD,AUSTRALIAN DOLLAR,tff,25795,38463,69912,1600,-12668,68312,182562
2023-06-13,CAD,CANADIAN DOLLAR,tff,13450,45203,56215,6274,-31753,49941,167232
2023-06-13,CHF,SWISS FRANC,tff,9109,7268,14958,5662,1841,9296,48163
2023-06-13,COPPER,COPPER,dis,61293,74199,92075,79415,-12906,12660,211957
2023-06-13,EUR,EURO FX,tff,70136,49937,21468,500110,20199,-478642,818294
2023-06-13,GBP,BRITISH POUND,tff,61463,61295,57188,69671,168,-12483,290350
2023-06-13,GOLD,GOLD,dis,227317,67108,120461,306523,160209,-186062,432898
2023-06-13,JPY,JAPANESE YEN,tff,37530,83179,93201,5201,-45649,88000,252566
2023-06-13,NZD,NEW ZEALAND DOLLAR,tff,15149,8797,13712,747,6352,12965,46496
2023-06-13,OIL,WTI CRUDE OIL,dis,43180,16079,41434,65569,27101,-24135,125128
2023-06-13,SILVER,SILVER,dis,55054,31318,42908,81378,23736,-38470,153853
2023-06-13,USD,US DOLLAR INDEX,tff,10282,12830,0,11163,-2548,-11163,32050
2023-06-20,AUD,AUSTRALIAN DOLLAR,tff,27107,38138,44479,3146,-11031,41333,149898
2023-06-20,CAD,CANADIAN DOLLAR,tff,20776,68328,47905,10708,-47552,37197,184106
2023-06-20,CHF,SWISS FRANC,tff,8299,7290,10570,2835,1009,7735,36128
2023-06-20,COPPER,COPPER,dis,64740,62852,86761,90764,1888,-4003,204399
2023-06-20,EUR,EURO FX,tff,66452,60120,19145,496116,6332,-476971,732979
2023-06-20,GBP,BRITISH POUND,tff,77032,39918,2482,62747,37114,-60265,226505
2023-06-20,GOLD,GOLD,dis,229308,66333,121419,307956,162975,-186537,438037
2023-06-20,JPY,JAPANESE YEN,tff,28924,77642,100226,9767,-48718,90459,238556
2023-06-20,NZD,NEW ZEALAND DOLLAR,tff,9463,8751,13159,0,712,13159,32401
2023-06-20,OIL,WTI CRUDE OIL,dis,45016,15269,39933,66747,29747,-26814,126197
2023-06-20,SILVER,SILVER,dis,52547,32489,45941,82151,20058,-36210,152633
2023-06-20,USD,US DOLLAR INDEX,tff,9653,6968,0,14232,2685,-14232,27306
2023-06-27,AUD,AUSTRALIAN DOLLAR,tff,26357,25965,37481,4784,392,32697,136335
2023-06-27,CAD,CANADIAN DOLLAR,tff,27646,57520,28620,38476,-29874,-9856,167798
2023-06-27,CHF,SWISS FRANC,tff,6011,6829,12976,2701,-818,10275,37379
2023-06-27,COPPER,COPPER,dis,64514,61574,84643,91082,2940,-6439,194048
2023-06-27,EUR,EURO FX,tff,70527,56288,18698,501350,14239,-482652,732123
2023-06-27,GBP,BRITISH POUND,tff,76413,43612,2614,69119,32801,-66505,229970
2023-06-27,GOLD,GOLD,dis,220881,68971,119054,294389,151910,-175335,431861
2023-06-27,JPY,JAPANESE YEN,tff,35107,83128,102223,7282,-48021,94941,251524
2023-06-27,NZD,NEW ZEALAND DOLLAR,tff,11448,11303,12344,3892,145,8452,34362
2023-06-27,OIL,WTI CRUDE OIL,dis,48968,15139,42980,73538,33829,-30558,132761
2023-06-27,SILVER,SILVER,dis,45983,26931,42723,72050,19052,-29327,123491
2023-06-27,USD,US DOLLAR INDEX,tff,10429,6959,0,14191,3470,-14191,27691
2023-07-03,AUD,AUSTRALIAN DOLLAR,tff,36982,27088,52271,2072,9894,50199,153744
2023-07-03,CAD,CANADIAN DOLLAR,tff,28670,40996,28538,42810,-12326,-14272,156284
2023-07-03,CHF,SWISS FRANC,tff,9920,8409,14639,2356,1511,12283,40639
2023-07-03,COPPER,COPPER,dis,59016,67778,84545,77932,-8762,6613,187371
2023-07-03,EUR,EURO FX,tff,69829,52356,16355,498196,17473,-481841,725927
2023-07-03,GBP,BRITISH POUND,tff,68992,37432,3318,60394,31560,-57076,221021
2023-07-03,GOLD,GOLD,dis,235081,71984,114905,299622,163097,-184717,448063
2023-07-03,JPY,JAPANESE YEN,tff,40812,89943,105497,6957,-49131,98540,265066
2023-07-03,NZD,NEW ZEALAND DOLLAR,tff,12468,9267,12132,3759,3201,8373,34057
2023-07-03,OIL,WTI CRUDE OIL,dis,40321,12895,34505,63569,27426,-29064,117652
2023-07-03,SILVER,SILVER,dis,46433,28443,37784,67353,17990,-29569,114421
2023-07-03,USD,US DOLLAR INDEX,tff,9489,6186,0,14136,3303,-14136,26619
2023-07-11,AUD,AUSTRALIAN DOLLAR,tff,25482,21566,63262,2894,3916,60368,152495
2023-07-11,CAD,CANADIAN DOLLAR,tff,22502,29906,29753,31629,-7404,-1876,140395
2023-07-11,CHF,SWISS FRANC,tff,7073,8649,16804,2687,-1576,14117,43563
2023-07-11,COPPER,COPPER,dis,59389,70546,86466,78551,-11157,7915,197785
2023-07-11,EUR,EURO FX,tff,70220,60623,18306,501066,9597,-482760,736056
2023-07-11,GBP,BRITISH POUND,tff,70931,45841,1541,72791,25090,-71250,239125
2023-07-11,GOLD,GOLD,dis,240546,74792,114790,302539,165754,-187749,483170
2023-07-11,JPY,JAPANESE YEN,tff,27126,85376,106064,7703,-58250,98361,252349
2023-07-11,NZD,NEW ZEALAND DOLLAR,tff,13329,11462,12450,4091,1867,8359,34947
2023-07-11,OIL,WTI CRUDE OIL,dis,40897,13976,44247,69132,26921,-24885,129360
2023-07-11,SILVER,SILVER,dis,51305,31013,38238,69887,20292,-31649,120282
2023-07-11,USD,US DOLLAR INDEX,tff,11501,6996,0,14136,4505,-14136,28925
2023-07-18,AUD,AUSTRALIAN DOLLAR,tff,17893,26096,57212,4242,-8203,52970,148592
2023-07-18,CAD,CANADIAN DOLLAR,tff,21846,30917,28434,39672,-9071,-11238,146171
2023-07-18,CHF,SWISS FRANC,tff,4073,7782,12786,3346,-3709,9440,43213
2023-07-18,COPPER,COPPER,dis,67321,70871,89488,90542,-3550,-1054,216862
2023-07-18,EUR,EURO FX,tff,86196,64705,20303,538591,21491,-518288,783132
2023-07-18,GBP,BRITISH POUND,tff,87837,61746,1484,90361,26091,-88877,265766
2023-07-18,GOLD,GOLD,dis,263740,70392,115498,329213,193348,-213715,482104
2023-07-18,JPY,JAPANESE YEN,tff,27722,82476,91295,27652,-54754,63643,230932
2023-07-18,NZD,NEW ZEALAND DOLLAR,tff,12704,13581,11320,10093,-877,1227,39402
2023-07-18,OIL,WTI CRUDE OIL,dis,42951,14059,44579,71303,28892,-26724,133049
2023-07-18,SILVER,SILVER,dis,76420,32558,38710,94693,43862,-55983,146863
2023-07-18,USD,US DOLLAR INDEX,tff,24791,12991,0,14086,11800,-14086,41045
2023-07-25,AUD,AUSTRALIAN DOLLAR,tff,18423,25781,49030,4415,-7358,44615,146423
2023-07-25,CAD,CANADIAN DOLLAR,tff,26485,33870,28275,47771,-7385,-19496,156395
2023-07-25,CHF,SWISS FRANC,tff,4567,7485,11063,3729,-2918,7334,44180
2023-07-25,COPPER,COPPER,dis,73743,72584,95140,99044,1159,-3904,234713
2023-07-25,EUR,EURO FX,tff,80093,54039,18141,536742,26054,-518601,772408
2023-07-25,GBP,BRITISH POUND,tff,75093,41917,0,82768,33176,-82768,237340
2023-07-25,GOLD,GOLD,dis,248229,74590,125491,323701,173639,-198210,476176
2023-07-25,JPY,JAPANESE YEN,tff,30457,67088,88964,28728,-36631,60236,223760
2023-07-25,NZD,NEW ZEALAND DOLLAR,tff,12867,8986,11128,11110,3881,18,36820
2023-07-25,OIL,WTI CRUDE OIL,dis,44460,14213,48621,72213,30247,-23592,137464
2023-07-25,SILVER,SILVER,dis,72786,35861,39197,88915,36925,-49718,146898
2023-07-25,USD,US DOLLAR INDEX,tff,21468,11550,0,8462,9918,-8462,34514
2023-08-01,AUD,AUSTRALIAN DOLLAR,tff,28781,27928,56335,4057,853,52278,161298
2023-08-01,CAD,CANADIAN DOLLAR,tff,25055,26059,29095,45829,-1004,-16734,152606
2023-08-01,CHF,SWISS FRANC,tff,4400,6957,11066,4023,-2557,7043,43983
2023-08-01,COPPER,COPPER,dis,80399,69655,89011,107160,10744,-18149,236399
2023-08-01,EUR,EURO FX,tff,70631,51919,18786,521753,18712,-502967,755156
2023-08-01,GBP,BRITISH POUND,tff,69165,35566,2242,73694,33599,-71452,220906
2023-08-01,GOLD,GOLD,dis,238985,74061,117610,304455,164924,-186845,439383
2023-08-01,JPY,JAPANESE YEN,tff,27311,67491,89647,32047,-40180,57600,229015
2023-08-01,NZD,NEW ZEALAND DOLLAR,tff,15368,7501,11557,9628,7867,1929,36091
2023-08-01,OIL,WTI CRUDE OIL,dis,42364,12224,46135,71102,30140,-24967,126830
2023-08-01,SILVER,SILVER,dis,68463,37632,38959,82971,30831,-44012,144138
2023-08-01,USD,US DOLLAR INDEX,tff,17601,11420,0,6151,6181,-6151,31435
2023-08-08,AUD,AUSTRALIAN DOLLAR,tff,46725,27387,67174,3675,19338,63499,182842
2023-08-08,CAD,CANADIAN DOLLAR,tff,28378,30729,30397,25727,-2351,4670,140960
2023-08-08,CHF,SWISS FRANC,tff,6478,5782,13352,4681,696,8671,43122
2023-08-08,COPPER,COPPER,dis,71247,81304,96728,91820,-10057,4908,228537
2023-08-08,EUR,EURO FX,tff,71402,60392,23480,520021,11010,-496541,760968
2023-08-08,GBP,BRITISH POUND,tff,66207,30035,6749,67895,36172,-61146,206954
2023-08-08,GOLD,GOLD,dis,228846,85861,113890,281444,142985,-167554,427759
2023-08-08,JPY,JAPANESE YEN,tff,24813,65142,91947,27833,-40329,64114,229849
2023-08-08,NZD,NEW ZEALAND DOLLAR,tff,19072,8785,14147,4796,10287,9351,40986
2023-08-08,OIL,WTI CRUDE OIL,dis,46730,13207,46622,75200,33523,-28578,132194
2023-08-08,SILVER,SILVER,dis,53781,40457,41636,71985,13324,-30349,137631
2023-08-08,USD,US DOLLAR INDEX,tff,15222,11997,0,6071,3225,-6071,28930
2023-08-15,AUD,AUSTRALIAN DOLLAR,tff,55082,35765,79920,3812,19317,76108,204458
2023-08-15,CAD,CANADIAN DOLLAR,tff,38302,37204,45383,19278,1098,26105,157827
2023-08-15,CHF,SWISS FRANC,tff,6783,6137,13676,5058,646,8618,42794
2023-08-15,COPPER,COPPER,dis,67401,93099,101827,81162,-25698,20665,224215
2023-08-15,EUR,EURO FX,tff,76755,53700,21538,525111,23055,-503573,760233
2023-08-15,GBP,BRITISH POUND,tff,75113,32996,487,70821,42117,-70334,215340
2023-08-15,GOLD,GOLD,dis,233078,111942,116062,257992,121136,-141930,433611
2023-08-15,JPY,JAPANESE YEN,tff,34878,68723,100071,21404,-33845,78667,247954
2023-08-15,NZD,NEW ZEALAND DOLLAR,tff,21902,10823,17715,2137,11079,15578,46781
2023-08-15,OIL,WTI CRUDE OIL,dis,48372,14909,49186,78383,33463,-29197,137084
2023-08-15,SILVER,SILVER,dis,50692,42831,47240,70504,7861,-23264,138215
2023-08-15,USD,US DOLLAR INDEX,tff,10860,12464,0,6084,-1604,-6084,26954
2023-08-22,AUD,AUSTRALIAN DOLLAR,tff,60632,41633,89851,4054,18999,85797,226955
2023-08-22,CAD,CANADIAN DOLLAR,tff,38188,32287,50834,17180,5901,33654,166147
2023-08-22,CHF,SWISS FRANC,tff,8262,6726,14862,4925,1536,9937,44326
2023-08-22,COPPER,COPPER,dis,63905,88520,94980,72481,-24615,22499,211645
2023-08-22,EUR,EURO FX,tff,91721,60015,27512,503905,31706,-476393,750486
2023-08-22,GBP,BRITISH POUND,tff,75594,33336,0,79602,42258,-79602,228179
2023-08-22,GOLD,GOLD,dis,226340,124394,117646,238682,101946,-121036,430239
2023-08-22,JPY,JAPANESE YEN,tff,33762,69863,98203,14926,-36101,83277,246923
2023-08-22,NZD,NEW ZEALAND DOLLAR,tff,21443,12001,21712,215,9442,21497,51035
2023-08-22,OIL,WTI CRUDE OIL,dis,52511,15204,51602,85504,37307,-33902,143395
2023-08-22,SILVER,SILVER,dis,52967,40090,46446,70250,12877,-23804,136680
2023-08-22,USD,US DOLLAR INDEX,tff,11405,20387,0,6142,-8982,-6142,33938
2023-08-29,AUD,AUSTRALIAN DOLLAR,tff,52282,40209,97022,5080,12073,91942,223489
2023-08-29,CAD,CANADIAN DOLLAR,tff,46911,33493,51714,14499,13418,37215,177048
2023-08-29,CHF,SWISS FRANC,tff,7000,5725,14643,4980,1275,9663,43242
2023-08-29,COPPER,COPPER,dis,62624,79240,84292,68805,-16616,15487,190629
2023-08-29,EUR,EURO FX,tff,87774,59359,26259,483727,28415,-457468,748127
2023-08-29,GBP,BRITISH POUND,tff,79582,39052,3749,70807,40530,-67058,228616
2023-08-29,GOLD,GOLD,dis,236054,112782,118132,258726,123272,-140594,442806
2023-08-29,JPY,JAPANESE YEN,tff,29062,66941,93017,20552,-37879,72465,245452
2023-08-29,NZD,NEW ZEALAND DOLLAR,tff,19948,13989,26534,126,5959,26408,56617
2023-08-29,OIL,WTI CRUDE OIL,dis,61111,16638,55959,95125,44473,-39166,153627
2023-08-29,SILVER,SILVER,dis,61744,34611,42894,78670,27133,-35776,134993
2023-08-29,USD,US DOLLAR INDEX,tff,10391,22553,98,6129,-12162,-6031,36732
2023-09-05,AUD,AUSTRALIAN DOLLAR,tff,44158,42581,109013,3835,1577,105178,241201
2023-09-05,CAD,CANADIAN DOLLAR,tff,50780,40487,59896,12002,10293,47894,189660
2023-09-05,CHF,SWISS FRANC,tff,10435,6686,16203,4060,3749,12143,46670
2023-09-05,COPPER,COPPER,dis,67118,73888,78867,74208,-6770,4659,193597
2023-09-05,EUR,EURO FX,tff,89527,65457,29754,470397,24070,-440643,754263
2023-09-05,GBP,BRITISH POUND,tff,75835,33187,4692,62147,42648,-57455,225404
2023-09-05,GOLD,GOLD,dis,235802,97796,111456,269695,138006,-158239,438672
2023-09-05,JPY,JAPANESE YEN,tff,36609,77972,102790,15737,-41363,87053,268344
2023-09-05,NZD,NEW ZEALAND DOLLAR,tff,17246,12898,27456,0,4348,27456,56462
2023-09-05,OIL,WTI CRUDE OIL,dis,54141,16383,47364,78861,37758,-31497,138421
2023-09-05,SILVER,SILVER,dis,57558,30754,40052,77760,26804,-37708,128279
2023-09-05,USD,US DOLLAR INDEX,tff,10580,20679,0,7101,-10099,-7101,36579
2023-09-12,AUD,AUSTRALIAN DOLLAR,tff,35599,32256,112017,3519,3343,108498,256219
2023-09-12,CAD,CANADIAN DOLLAR,tff,45839,41961,83253,7734,3878,75519,217080
2023-09-12,CHF,SWISS FRANC,tff,9926,6017,16826,3999,3909,12827,49945
2023-09-12,COPPER,COPPER,dis,67333,79667,76561,66675,-12334,9886,196198
2023-09-12,EUR,EURO FX,tff,72898,59469,25933,442298,13429,-416365,743759
2023-09-12,GBP,BRITISH POUND,tff,78429,37539,3796,53933,40890,-50137,227437
2023-09-12,GOLD,GOLD,dis,235704,111840,113062,257872,123864,-144810,441221
2023-09-12,JPY,JAPANESE YEN,tff,35535,70979,99063,15756,-35444,83307,270854
2023-09-12,NZD,NEW ZEALAND DOLLAR,tff,15845,12084,28190,0,3761,28190,67487
2023-09-12,OIL,WTI CRUDE OIL,dis,58578,16491,51411,81563,42087,-30152,147156
2023-09-12,SILVER,SILVER,dis,52963,34930,40030,72070,18033,-32040,125292
2023-09-12,USD,US DOLLAR INDEX,tff,11238,20763,0,10082,-9525,-10082,40982
2023-09-19,AUD,AUSTRALIAN DOLLAR,tff,29212,40468,129555,1600,-11256,127955,221229
2023-09-19,CAD,CANADIAN DOLLAR,tff,22202,41712,79404,10055,-19510,69349,246847
2023-09-19,CHF,SWISS FRANC,tff,11739,7548,17897,0,4191,17897,46638
2023-09-19,COPPER,COPPER,dis,68244,84544,77704,65392,-16300,12312,201097
2023-09-19,EUR,EURO FX,tff,65602,60740,18757,410033,4862,-391276,695343
2023-09-19,GBP,BRITISH POUND,tff,84793,35063,7166,35289,49730,-28123,191117
2023-09-19,GOLD,GOLD,dis,237716,102553,110014,262946,135163,-152932,438078
2023-09-19,JPY,JAPANESE YEN,tff,49757,81156,94027,6459,-31399,87568,265860
2023-09-19,NZD,NEW ZEALAND DOLLAR,tff,7880,10423,34031,191,-2543,33840,52588
2023-09-19,OIL,WTI CRUDE OIL,dis,59295,17795,61280,88978,41500,-27698,155988
2023-09-19,SILVER,SILVER,dis,50699,35468,40917,70704,15231,-29787,125749
2023-09-19,USD,US DOLLAR INDEX,tff,11601,10696,0,21287,905,-21287,39249
2023-09-26,AUD,AUSTRALIAN DOLLAR,tff,28268,37340,123390,3465,-9072,119925,211882
2023-09-26,CAD,CANADIAN DOLLAR,tff,13248,45812,85576,37651,-32564,47925,175848
2023-09-26,CHF,SWISS FRANC,tff,14053,8295,23094,678,5758,22416,53900
2023-09-26,COPPER,COPPER,dis,70663,99442,87518,60326,-28779,27192,216031
2023-09-26,EUR,EURO FX,tff,76453,64578,16961,397230,11875,-380269,699271
2023-09-26,GBP,BRITISH POUND,tff,95373,41292,44962,26964,54081,17998,227843
2023-09-26,GOLD,GOLD,dis,235560,119745,110844,245680,115815,-134836,435620
2023-09-26,JPY,JAPANESE YEN,tff,55409,90441,100800,7355,-35032,93445,285974
2023-09-26,NZD,NEW ZEALAND DOLLAR,tff,10650,11556,29343,3882,-906,25461,50757
2023-09-26,OIL,WTI CRUDE OIL,dis,58855,18047,63745,89123,40808,-25378,156962
2023-09-26,SILVER,SILVER,dis,51539,31434,40346,73426,20105,-33080,126206
2023-09-26,USD,US DOLLAR INDEX,tff,13370,12204,50,22618,1166,-22568,42373
2023-10-03,AUD,AUSTRALIAN DOLLAR,tff,32625,46506,110880,2056,-13881,108824,207782
2023-10-03,CAD,CANADIAN DOLLAR,tff,19683,48807,88271,38126,-29124,50145,189443
2023-10-03,CHF,SWISS FRANC,tff,14417,11634,27737,608,2783,27129,58673
2023-10-03,COPPER,COPPER,dis,69273,91185,85785,65833,-21912,19952,208795
2023-10-03,EUR,EURO FX,tff,82368,69165,16667,384966,13203,-368299,702433
2023-10-03,GBP,BRITISH POUND,tff,90486,40916,68310,22847,49570,45463,241045
2023-10-03,GOLD,GOLD,dis,228406,137180,110666,222648,91226,-111982,431226
2023-10-03,JPY,JAPANESE YEN,tff,61438,103308,89363,10770,-41870,78593,282682
2023-10-03,NZD,NEW ZEALAND DOLLAR,tff,14904,12524,27061,9311,2380,17750,52291
2023-10-03,OIL,WTI CRUDE OIL,dis,50980,15015,51734,69125,35965,-17391,134213
2023-10-03,SILVER,SILVER,dis,51405,36061,37769,68127,15344,-30358,125847
2023-10-03,USD,US DOLLAR INDEX,tff,13596,10552,0,24236,3044,-24236,42340
2023-10-10,AUD,AUSTRALIAN DOLLAR,tff,19453,38224,109389,5076,-18771,104313,190133
2023-10-10,CAD,CANADIAN DOLLAR,tff,14248,52313,88390,24533,-38065,63857,179357
2023-10-10,CHF,SWISS FRANC,tff,15127,12392,29527,791,2735,28736,61742
2023-10-10,COPPER,COPPER,dis,66679,81434,78608,64416,-14755,14192,201214
2023-10-10,EUR,EURO FX,tff,68001,68963,16796,380272,-962,-363476,687382
2023-10-10,GBP,BRITISH POUND,tff,80387,43834,64527,23383,36553,41144,231510
2023-10-10,GOLD,GOLD,dis,220332,148899,121341,211769,71433,-90428,436499
2023-10-10,JPY,JAPANESE YEN,tff,47367,88017,84672,17445,-40650,67227,259937
2023-10-10,NZD,NEW ZEALAND DOLLAR,tff,16820,12464,25703,12155,4356,13548,54694
2023-10-10,OIL,WTI CRUDE OIL,dis,50324,15325,57458,73451,34999,-15993,139829
2023-10-10,SILVER,SILVER,dis,50337,38038,39790,66008,12299,-26218,126971
2023-10-10,USD,US DOLLAR INDEX,tff,14201,9610,0,24086,4591,-24086,41288
2023-10-17,AUD,AUSTRALIAN DOLLAR,tff,23119,38230,113980,3668,-15111,110312,196044
2023-10-17,CAD,CANADIAN DOLLAR,tff,16133,53192,88529,26291,-37059,62238,183938
2023-10-17,CHF,SWISS FRANC,tff,14898,12431,29349,714,2467,28635,61346
2023-10-17,COPPER,COPPER,dis,71673,97562,87638,64330,-25889,23308,220619
2023-10-17,EUR,EURO FX,tff,75357,71058,19212,384515,4299,-365303,695676
2023-10-17,GBP,BRITISH POUND,tff,75265,40841,63493,19467,34424,44026,222945
2023-10-17,GOLD,GOLD,dis,231412,118674,110062,238061,112738,-127999,439581
2023-10-17,JPY,JAPANESE YEN,tff,45803,86136,95733,10590,-40333,85143,267521
2023-10-17,NZD,NEW ZEALAND DOLLAR,tff,16750,11321,26242,9829,5429,16413,54135
2023-10-17,OIL,WTI CRUDE OIL,dis,50474,15341,65059,80622,35133,-15563,149751
2023-10-17,SILVER,SILVER,dis,50749,31003,37663,69289,19746,-31626,123640
2023-10-17,USD,US DOLLAR INDEX,tff,14942,12465,0,24034,2477,-24034,43051
2023-10-24,AUD,AUSTRALIAN DOLLAR,tff,21531,40109,115530,4367,-18578,111163,194666
2023-10-24,CAD,CANADIAN DOLLAR,tff,17289,51787,88851,25953,-34498,62898,184747
2023-10-24,CHF,SWISS FRANC,tff,14344,10810,29292,891,3534,28401,59266
2023-10-24,COPPER,COPPER,dis,71848,92608,88951,67550,-20760,21401,224704
2023-10-24,EUR,EURO FX,tff,81600,72575,18287,400227,9025,-381940,702668
2023-10-24,GBP,BRITISH POUND,tff,72274,45518,72678,16056,26756,56622,233259
2023-10-24,GOLD,GOLD,dis,251469,102084,106180,272053,149385,-165873,463476
2023-10-24,JPY,JAPANESE YEN,tff,38333,85257,93007,11911,-46924,81096,260909
2023-10-24,NZD,NEW ZEALAND DOLLAR,tff,15706,12824,32439,5462,2882,26977,57243
2023-10-24,OIL,WTI CRUDE OIL,dis,55161,17997,68036,85757,37164,-17721,157335
2023-10-24,SILVER,SILVER,dis,51860,27528,38321,72891,24332,-34570,123980
2023-10-24,USD,US DOLLAR INDEX,tff,15248,11193,0,24129,4055,-24129,42670
2023-10-31,AUD,AUSTRALIAN DOLLAR,tff,25334,42296,109755,8207,-16962,101548,196866
2023-10-31,CAD,CANADIAN DOLLAR,tff,21550,53097,93353,23251,-31547,70102,198528
2023-10-31,CHF,SWISS FRANC,tff,13343,10904,28734,1031,2439,27703,56353
2023-10-31,COPPER,COPPER,dis,69909,87070,81000,62605,-17161,18395,222566
2023-10-31,EUR,EURO FX,tff,77740,72267,19049,393879,5473,-374830,694962
2023-10-31,GBP,BRITISH POUND,tff,71263,45030,78329,13551,26233,64778,229991
2023-10-31,GOLD,GOLD,dis,261053,97628,105971,288678,163425,-182707,475808
2023-10-31,JPY,JAPANESE YEN,tff,51443,92401,95726,18600,-40958,77126,277272
2023-10-31,NZD,NEW ZEALAND DOLLAR,tff,16766,12032,32237,4301,4734,27936,57676
2023-10-31,OIL,WTI CRUDE OIL,dis,55585,18602,75672,89905,36983,-14233,164257
2023-10-31,SILVER,SILVER,dis,48025,27814,40441,73580,20211,-33139,126549
2023-10-31,USD,US DOLLAR INDEX,tff,14840,11307,0,24201,3533,-24201,42803
2023-11-07,AUD,AUSTRALIAN DOLLAR,tff,19158,32849,104126,15994,-13691,88132,192496
2023-11-07,CAD,CANADIAN DOLLAR,tff,15261,50968,104474,19560,-35707,84914,200364
2023-11-07,CHF,SWISS FRANC,tff,12632,10030,28990,1134,2602,27856,56756
2023-11-07,COPPER,COPPER,dis,66053,76341,74303,63252,-10288,11051,213615
2023-11-07,EUR,EURO FX,tff,77240,71870,19829,400621,5370,-380792,697624
2023-11-07,GBP,BRITISH POUND,tff,65345,43084,69854,13305,22261,56549,212730
2023-11-07,GOLD,GOLD,dis,261653,95437,110651,296742,166216,-186091,484347
2023-11-07,JPY,JAPANESE YEN,tff,34887,82154,94975,20104,-47267,74871,259698
2023-11-07,NZD,NEW ZEALAND DOLLAR,tff,10681,11153,31984,4853,-472,27131,51001
2023-11-07,OIL,WTI CRUDE OIL,dis,45277,16536,69334,76059,28741,-6725,147533
2023-11-07,SILVER,SILVER,dis,47196,28943,42249,72971,18253,-30722,131073
2023-11-07,USD,US DOLLAR INDEX,tff,15598,8680,0,24206,6918,-24206,41224
2023-11-14,AUD,AUSTRALIAN DOLLAR,tff,26760,33023,106642,10297,-6263,96345,197469
2023-11-14,CAD,CANADIAN DOLLAR,tff,14845,54667,111865,18214,-39822,93651,206046
2023-11-14,CHF,SWISS FRANC,tff,9191,11735,29466,3136,-2544,26330,59464
2023-11-14,COPPER,COPPER,dis,61976,78584,80287,63838,-16608,16449,206072
2023-11-14,EUR,EURO FX,tff,77152,70027,19768,411285,7125,-391517,702463
2023-11-14,GBP,BRITISH POUND,tff,60379,46640,76522,12725,13739,63797,216411
2023-11-14,GOLD,GOLD,dis,254352,98976,110728,287747,155376,-177019,486634
2023-11-14,JPY,JAPANESE YEN,tff,28422,92851,109940,7807,-64429,102133,273763
2023-11-14,NZD,NEW ZEALAND DOLLAR,tff,10503,11693,32411,4570,-1190,27841,49906
2023-11-14,OIL,WTI CRUDE OIL,dis,44978,17160,73515,82167,27818,-8652,154774
2023-11-14,SILVER,SILVER,dis,50291,27893,45551,77185,22398,-31634,134826
2023-11-14,USD,US DOLLAR INDEX,tff,14021,8182,0,24176,5839,-24176,38842
2023-11-21,AUD,AUSTRALIAN DOLLAR,tff,24186,36039,105921,4041,-11853,101880,196598
2023-11-21,CAD,CANADIAN DOLLAR,tff,14296,50917,104910,19393,-36621,85517,203248
2023-11-21,CHF,SWISS FRANC,tff,8409,10331,28504,5683,-1922,22821,58815
2023-11-21,COPPER,COPPER,dis,64822,68365,69770,64235,-3543,5535,187077
2023-11-21,EUR,EURO FX,tff,73652,65589,19317,442358,8063,-423041,712364
2023-11-21,GBP,BRITISH POUND,tff,46570,40235,72028,17456,6335,54572,208657
2023-11-21,GOLD,GOLD,dis,269701,97996,115937,306172,171705,-190235,508429
2023-11-21,JPY,JAPANESE YEN,tff,38753,101658,91441,18455,-62905,72986,264903
2023-11-21,NZD,NEW ZEALAND DOLLAR,tff,8110,10714,32220,5017,-2604,27203,48137
2023-11-21,OIL,WTI CRUDE OIL,dis,46996,17461,75557,85716,29535,-10159,158111
2023-11-21,SILVER,SILVER,dis,53372,25920,43514,84458,27452,-40944,134333
2023-11-21,USD,US DOLLAR INDEX,tff,13890,6647,0,24274,7243,-24274,37894
2023-11-28,AUD,AUSTRALIAN DOLLAR,tff,23530,34309,104262,12571,-10779,91691,197053
2023-11-28,CAD,CANADIAN DOLLAR,tff,12792,48113,103436,19810,-35321,83626,200864
2023-11-28,CHF,SWISS FRANC,tff,8095,12611,27324,7610,-4516,19714,60479
2023-11-28,COPPER,COPPER,dis,62749,66621,67348,62436,-3872,4912,173233
2023-11-28,EUR,EURO FX,tff,73233,63049,19358,459111,10184,-439753,727138
2023-11-28,GBP,BRITISH POUND,tff,53346,50194,50777,22954,3152,27823,217372
2023-11-28,GOLD,GOLD,dis,289845,89761,115596,334188,200084,-218592,505658
2023-11-28,JPY,JAPANESE YEN,tff,35448,100758,89522,17307,-65310,72215,260781
2023-11-28,NZD,NEW ZEALAND DOLLAR,tff,8894,13455,33579,4297,-4561,29282,51460
2023-11-28,OIL,WTI CRUDE OIL,dis,48942,17772,75989,87573,31170,-11584,159363
2023-11-28,SILVER,SILVER,dis,62880,28600,40287,88142,34280,-47855,139144
2023-11-28,USD,US DOLLAR INDEX,tff,19793,6870,0,24274,12923,-24274,39359
2023-12-05,AUD,AUSTRALIAN DOLLAR,tff,22317,31657,99931,23473,-9340,76458,195569
2023-12-05,CAD,CANADIAN DOLLAR,tff,8979,46567,103787,20476,-37588,83311,197791
2023-12-05,CHF,SWISS FRANC,tff,7331,10553,26159,7489,-3222,18670,60356
2023-12-05,COPPER,COPPER,dis,62780,64774,69402,67263,-1994,2139,176373
2023-12-05,EUR,EURO FX,tff,76280,64172,19995,479853,12108,-459858,756615
2023-12-05,GBP,BRITISH POUND,tff,51948,37143,39243,27096,14805,12147,218873
2023-12-05,GOLD,GOLD,dis,288840,85296,103193,330138,203544,-226945,487469
2023-12-05,JPY,JAPANESE YEN,tff,39913,104377,90237,14130,-64464,76107,267482
2023-12-05,NZD,NEW ZEALAND DOLLAR,tff,7929,16432,31397,7262,-8503,24135,54732
2023-12-05,OIL,WTI CRUDE OIL,dis,47016,18224,56545,73922,28792,-17377,135684
2023-12-05,SILVER,SILVER,dis,63241,26938,40974,92988,36303,-52014,139753
2023-12-05,USD,US DOLLAR INDEX,tff,21106,5351,0,24434,15755,-24434,40451
2023-12-12,AUD,AUSTRALIAN DOLLAR,tff,18674,19369,99472,24243,-695,75229,208927
2023-12-12,CAD,CANADIAN DOLLAR,tff,10051,47693,106039,20382,-37642,85657,213873
2023-12-12,CHF,SWISS FRANC,tff,6786,10182,23061,9040,-3396,14021,65186
2023-12-12,COPPER,COPPER,dis,65630,69634,68476,63345,-4004,5131,176034
2023-12-12,EUR,EURO FX,tff,83174,66533,21100,459903,16641,-438803,792149
2023-12-12,GBP,BRITISH POUND,tff,53463,33414,39181,20856,20049,18325,243677
2023-12-12,GOLD,GOLD,dis,273536,85303,105710,318518,188233,-212808,469939
2023-12-12,JPY,JAPANESE YEN,tff,29395,90842,83812,29779,-61447,54033,257581
2023-12-12,NZD,NEW ZEALAND DOLLAR,tff,8564,15864,27242,8993,-7300,18249,58308
2023-12-12,OIL,WTI CRUDE OIL,dis,44972,15293,64745,79174,29679,-14429,145282
2023-12-12,SILVER,SILVER,dis,55684,27226,37850,85346,28458,-47496,134281
2023-12-12,USD,US DOLLAR INDEX,tff,23997,7499,0,24414,16498,-24414,41345
2023-12-19,AUD,AUSTRALIAN DOLLAR,tff,23132,21793,59754,2270,1339,57484,147665
2023-12-19,CAD,CANADIAN DOLLAR,tff,16992,69197,95832,28456,-52205,67376,214241
2023-12-19,CHF,SWISS FRANC,tff,6410,6765,11552,5445,-355,6107,45281
2023-12-19,COPPER,COPPER,dis,74637,69078,65219,72865,5559,-7646,189537
2023-12-19,EUR,EURO FX,tff,67756,75221,18849,427451,-7465,-408602,700244
2023-12-19,GBP,BRITISH POUND,tff,58262,25020,17675,15470,33242,2205,177998
2023-12-19,GOLD,GOLD,dis,280972,79633,105559,332617,201339,-227058,481203
2023-12-19,JPY,JAPANESE YEN,tff,28932,86840,35737,2941,-57908,32796,185940
2023-12-19,NZD,NEW ZEALAND DOLLAR,tff,10335,7874,5639,1363,2461,4276,33652
2023-12-19,OIL,WTI CRUDE OIL,dis,46304,19645,64779,82955,26659,-18176,147531
2023-12-19,SILVER,SILVER,dis,52631,22880,36520,85311,29751,-48791,127549
2023-12-19,USD,US DOLLAR INDEX,tff,9189,9135,0,4471,54,-4471,21734
2023-12-26,AUD,AUSTRALIAN DOLLAR,tff,21250,33523,57493,6487,-12273,51006,152735
2023-12-26,CAD,CANADIAN DOLLAR,tff,21041,75200,54552,18238,-54159,36314,176452
2023-12-26,CHF,SWISS FRANC,tff,7512,6198,11196,8049,1314,3147,47222
2023-12-26,COPPER,COPPER,dis,73086,66009,65861,76017,7077,-10156,189731
2023-12-26,EUR,EURO FX,tff,71580,75813,18207,433849,-4233,-415642,705627
2023-12-26,GBP,BRITISH POUND,tff,53880,25137,22668,15442,28743,7226,175138
2023-12-26,GOLD,GOLD,dis,289843,82125,105951,338296,207718,-232345,491343
2023-12-26,JPY,JAPANESE YEN,tff,32553,90741,34305,6257,-58188,28048,188540
2023-12-26,NZD,NEW ZEALAND DOLLAR,tff,9490,8906,5577,3621,584,1956,34911
2023-12-26,OIL,WTI CRUDE OIL,dis,48418,19720,67981,83905,28698,-15924,148056
2023-12-26,SILVER,SILVER,dis,54559,22696,36389,89011,31863,-52622,131408
2023-12-26,USD,US DOLLAR INDEX,tff,10373,9064,0,4243,1309,-4243,22039
2024-01-02,AUD,AUSTRALIAN DOLLAR,tff,27118,32904,49473,20548,-5786,28925,157003
2024-01-02,CAD,CANADIAN DOLLAR,tff,22443,76141,51457,31684,-53698,19773,184476
2024-01-02,CHF,SWISS FRANC,tff,8335,7435,9482,8707,900,775,51236
2024-01-02,COPPER,COPPER,dis,70594,61977,64201,75839,8617,-11638,190752
2024-01-02,EUR,EURO FX,tff,86037,73326,18714,456316,12711,-437602,718885
2024-01-02,GBP,BRITISH POUND,tff,57837,26583,26790,11402,31254,15388,177770
2024-01-02,GOLD,GOLD,dis,290706,83057,108804,344282,207649,-235478,500364
2024-01-02,JPY,JAPANESE YEN,tff,28836,87631,31560,7092,-58795,24468,184042
2024-01-02,NZD,NEW ZEALAND DOLLAR,tff,11596,9900,5457,6849,1696,-1392,39215
2024-01-02,OIL,WTI CRUDE OIL,dis,51094,14604,47821,68177,36490,-20356,126163
2024-01-02,SILVER,SILVER,dis,57634,25064,38107,88654,32570,-50547,134725
2024-01-02,USD,US DOLLAR INDEX,tff,13813,10264,0,4089,3549,-4089,23916
2024-01-09,AUD,AUSTRALIAN DOLLAR,tff,25773,18719,49984,24361,7054,25623,156375
2024-01-09,CAD,CANADIAN DOLLAR,tff,18748,54334,49795,40272,-35586,9523,171557
2024-01-09,CHF,SWISS FRANC,tff,7457,8261,8111,8837,-804,-726,50169
2024-01-09,COPPER,COPPER,dis,64262,77429,77708,68679,-13167,9029,206716
2024-01-09,EUR,EURO FX,tff,80190,64329,21104,459402,15861,-438298,714079
2024-01-09,GBP,BRITISH POUND,tff,53828,25180,26690,10072,28648,16618,172631
2024-01-09,GOLD,GOLD,dis,271665,83051,106489,324190,188614,-217701,489849
2024-01-09,JPY,JAPANESE YEN,tff,32930,78059,38794,10109,-45129,28685,200299
2024-01-09,NZD,NEW ZEALAND DOLLAR,tff,11713,8475,5967,6705,3238,-738,38539
2024-01-09,OIL,WTI CRUDE OIL,dis,49143,14604,51337,70272,34539,-18935,127095
2024-01-09,SILVER,SILVER,dis,52886,26524,38495,82250,26362,-43755,131992
2024-01-09,USD,US DOLLAR INDEX,tff,11696,9756,0,4069,1940,-4069,23878
2024-01-16,AUD,AUSTRALIAN DOLLAR,tff,29573,21072,53402,11246,8501,42156,163442
2024-01-16,CAD,CANADIAN DOLLAR,tff,14571,46638,49419,33836,-32067,15583,165998
2024-01-16,CHF,SWISS FRANC,tff,7763,7742,7482,9851,21,-2369,50480
2024-01-16,COPPER,COPPER,dis,62408,87714,93533,70682,-25306,22851,219315
2024-01-16,EUR,EURO FX,tff,80292,68347,20988,465014,11945,-444026,733091
2024-01-16,GBP,BRITISH POUND,tff,56280,28398,23647,13517,27882,10130,179758
2024-01-16,GOLD,GOLD,dis,262360,82467,109287,316707,179893,-207420,489334
2024-01-16,JPY,JAPANESE YEN,tff,35551,71734,47226,11672,-36183,35554,213309
2024-01-16,NZD,NEW ZEALAND DOLLAR,tff,10285,9388,6085,5014,897,1071,38466
2024-01-16,OIL,WTI CRUDE OIL,dis,48038,14832,55116,73031,33206,-17915,130893
2024-01-16,SILVER,SILVER,dis,54001,28408,36482,80241,25593,-43759,131956
2024-01-16,USD,US DOLLAR INDEX,tff,9504,10000,64,4035,-496,-3971,23501
2024-01-23,AUD,AUSTRALIAN DOLLAR,tff,28049,22790,60759,1600,5259,59159,161999
2024-01-23,CAD,CANADIAN DOLLAR,tff,13262,36565,50628,27618,-23303,23010,155138
2024-01-23,CHF,SWISS FRANC,tff,9303,8879,8895,7068,424,1827,48398
2024-01-23,COPPER,COPPER,dis,66369,96292,96985,69290,-29923,27695,233110
2024-01-23,EUR,EURO FX,tff,75337,71769,20470,448644,3568,-428174,725423
2024-01-23,GBP,BRITISH POUND,tff,55160,26296,24647,17500,28864,7147,185680
2024-01-23,GOLD,GOLD,dis,241100,71626,113094,305187,169474,-192093,465872
2024-01-23,JPY,JAPANESE YEN,tff,46599,75099,66066,12286,-28500,53780,243032
2024-01-23,NZD,NEW ZEALAND DOLLAR,tff,11239,7870,6475,2945,3369,3530,36633
2024-01-23,OIL,WTI CRUDE OIL,dis,48232,15198,56431,74200,33034,-17769,133918
2024-01-23,SILVER,SILVER,dis,53121,35384,41949,76020,17737,-34071,138617
2024-01-23,USD,US DOLLAR INDEX,tff,6690,11638,0,3985,-4948,-3985,24663
2024-01-30,AUD,AUSTRALIAN DOLLAR,tff,24992,20090,69934,1636,4902,68298,165531
2024-01-30,CAD,CANADIAN DOLLAR,tff,16609,37488,49088,34566,-20879,14522,159376
2024-01-30,CHF,SWISS FRANC,tff,9725,6974,10534,6583,2751,3951,47783
2024-01-30,COPPER,COPPER,dis,71100,79698,90929,83658,-8598,7271,229699
2024-01-30,EUR,EURO FX,tff,79542,68993,22769,438343,10549,-415574,727210
2024-01-30,GBP,BRITISH POUND,tff,57108,29603,24177,17650,27505,6527,192229
2024-01-30,GOLD,GOLD,dis,219222,71431,117525,288043,147791,-170518,430328
2024-01-30,JPY,JAPANESE YEN,tff,35268,74782,71599,11661,-39514,59938,242029
2024-01-30,NZD,NEW ZEALAND DOLLAR,tff,13843,9926,6964,1869,3917,5095,36979
2024-01-30,OIL,WTI CRUDE OIL,dis,50363,16544,59902,77734,33819,-17832,140646
2024-01-30,SILVER,SILVER,dis,52778,31352,41387,79165,21426,-37778,136544
2024-01-30,USD,US DOLLAR INDEX,tff,7138,12958,168,3602,-5820,-3434,25739
2024-02-06,AUD,AUSTRALIAN DOLLAR,tff,30042,20257,84267,1713,9785,82554,180793
2024-02-06,CAD,CANADIAN DOLLAR,tff,9734,38186,50599,28734,-28452,21865,160118
2024-02-06,CHF,SWISS FRANC,tff,8264,8331,13360,6216,-67,7144,49919
2024-02-06,COPPER,COPPER,dis,71283,84993,91421,80533,-13710,10888,245784
2024-02-06,EUR,EURO FX,tff,80024,85356,25767,401825,-5332,-376058,731991
2024-02-06,GBP,BRITISH POUND,tff,70327,38615,34916,10675,31712,24241,199246
2024-02-06,GOLD,GOLD,dis,228623,66885,104344,284585,161738,-180241,419121
2024-02-06,JPY,JAPANESE YEN,tff,40268,80658,81131,15072,-40390,66059,259542
2024-02-06,NZD,NEW ZEALAND DOLLAR,tff,14397,10891,6468,1757,3506,4711,39305
2024-02-06,OIL,WTI CRUDE OIL,dis,52681,15841,52697,74262,36840,-21565,135521
2024-02-06,SILVER,SILVER,dis,55335,38455,46446,79929,16880,-33483,147333
2024-02-06,USD,US DOLLAR INDEX,tff,10062,15563,302,3876,-5501,-3574,29202
2024-02-13,AUD,AUSTRALIAN DOLLAR,tff,37472,29589,95308,1754,7883,93554,199485
2024-02-13,CAD,CANADIAN DOLLAR,tff,14142,41747,52150,19486,-27605,32664,161519
2024-02-13,CHF,SWISS FRANC,tff,11084,8203,15629,5736,2881,9893,55069
2024-02-13,COPPER,COPPER,dis,78229,110926,100413,69987,-32697,30426,257761
2024-02-13,EUR,EURO FX,tff,88270,94055,30023,392521,-5785,-362498,740105
2024-02-13,GBP,BRITISH POUND,tff,65293,29875,30810,16437,35418,14373,199070
2024-02-13,GOLD,GOLD,dis,217505,86337,109529,262509,131168,-152980,420812
2024-02-13,JPY,JAPANESE YEN,tff,42980,101349,120278,17048,-58369,103230,304592
2024-02-13,NZD,NEW ZEALAND DOLLAR,tff,15788,9756,5226,5206,6032,20,41827
2024-02-13,OIL,WTI CRUDE OIL,dis,52303,16204,57192,78812,36099,-21620,142610
2024-02-13,SILVER,SILVER,dis,56785,44360,47556,77244,12425,-29688,152544
2024-02-13,USD,US DOLLAR INDEX,tff,11792,19119,0,3602,-7327,-3602,32227
2024-02-20,AUD,AUSTRALIAN DOLLAR,tff,41522,30938,97629,2510,10584,95119,205656
2024-02-20,CAD,CANADIAN DOLLAR,tff,12661,32549,50603,21707,-19888,28896,157666
2024-02-20,CHF,SWISS FRANC,tff,11627,11405,19435,6074,222,13361,60030
2024-02-20,COPPER,COPPER,dis,79941,95883,89887,73679,-15942,16208,229777
2024-02-20,EUR,EURO FX,tff,87583,77256,31638,387684,10327,-356046,722299
2024-02-20,GBP,BRITISH POUND,tff,61267,31441,30901,21372,29826,9529,199275
2024-02-20,GOLD,GOLD,dis,211034,70772,106419,265830,140262,-159411,407063
2024-02-20,JPY,JAPANESE YEN,tff,37801,97272,131315,16133,-59471,115182,305438
2024-02-20,NZD,NEW ZEALAND DOLLAR,tff,16605,8601,4576,7401,8004,-2825,40950
2024-02-20,OIL,WTI CRUDE OIL,dis,53117,16406,57543,80117,36711,-22574,145874
2024-02-20,SILVER,SILVER,dis,57582,35205,45507,83452,22377,-37945,146584
2024-02-20,USD,US DOLLAR INDEX,tff,8688,18689,115,3602,-10001,-3487,29958
2024-02-27,AUD,AUSTRALIAN DOLLAR,tff,33972,31349,102724,1754,2623,100970,204992
2024-02-27,CAD,CANADIAN DOLLAR,tff,16581,31196,50594,22721,-14615,27873,166484
2024-02-27,CHF,SWISS FRANC,tff,14611,12312,22173,5400,2299,16773,65207
2024-02-27,COPPER,COPPER,dis,69673,71276,69614,69334,-1603,280,189805
2024-02-27,EUR,EURO FX,tff,85862,79487,20353,384434,6375,-364081,715545
2024-02-27,GBP,BRITISH POUND,tff,60272,33697,30491,27416,26575,3075,210828
2024-02-27,GOLD,GOLD,dis,214948,73312,108432,266784,141636,-158352,411195
2024-02-27,JPY,JAPANESE YEN,tff,30322,109695,135967,18033,-79373,117934,309633
2024-02-27,NZD,NEW ZEALAND DOLLAR,tff,15138,12312,4757,13261,2826,-8504,48463
2024-02-27,OIL,WTI CRUDE OIL,dis,54281,16786,61241,83589,37495,-22348,151319
2024-02-27,SILVER,SILVER,dis,54546,40047,49112,81560,14499,-32448,144382
2024-02-27,USD,US DOLLAR INDEX,tff,8477,18507,197,3602,-10030,-3405,29549
2024-03-05,AUD,AUSTRALIAN DOLLAR,tff,43794,39809,118866,3026,3985,115840,234196
2024-03-05,CAD,CANADIAN DOLLAR,tff,22842,35294,58881,10973,-12452,47908,183697
2024-03-05,CHF,SWISS FRANC,tff,16401,16368,28128,7013,33,21115,76166
2024-03-05,COPPER,COPPER,dis,70970,76297,70538,67830,-5327,2708,198561
2024-03-05,EUR,EURO FX,tff,88588,79149,22907,385252,9439,-362345,707108
2024-03-05,GBP,BRITISH POUND,tff,60276,28889,29254,31346,31387,-2092,221726
2024-03-05,GOLD,GOLD,dis,264148,72855,104023,310815,191293,-206792,471616
2024-03-05,JPY,JAPANESE YEN,tff,30933,104941,122721,27450,-74008,95271,314586
2024-03-05,NZD,NEW ZEALAND DOLLAR,tff,16939,10377,5394,8259,6562,-2865,50123
2024-03-05,OIL,WTI CRUDE OIL,dis,59103,21289,48276,75127,37814,-26851,136071
2024-03-05,SILVER,SILVER,dis,58885,30570,42874,87899,28315,-45025,141026
2024-03-05,USD,US DOLLAR INDEX,tff,7819,16733,180,3602,-8914,-3422,28450
2024-03-12,AUD,AUSTRALIAN DOLLAR,tff,30020,40373,114420,2120,-10353,112300,229723
2024-03-12,CAD,CANADIAN DOLLAR,tff,17442,38706,62678,11625,-21264,51053,193223
2024-03-12,CHF,SWISS FRANC,tff,9749,14466,28784,7093,-4717,21691,82442
2024-03-12,COPPER,COPPER,dis,87439,82012,69378,76823,5427,-7445,219445
2024-03-12,EUR,EURO FX,tff,80929,77212,20240,384003,3717,-363763,717720
2024-03-12,GBP,BRITISH POUND,tff,68943,46175,26672,35296,22768,-8624,277702
2024-03-12,GOLD,GOLD,dis,283062,81460,129432,347705,201602,-218273,516057
2024-03-12,JPY,JAPANESE YEN,tff,30134,102093,112151,32909,-71959,79242,325675
2024-03-12,NZD,NEW ZEALAND DOLLAR,tff,12169,8907,4963,6335,3262,-1372,52711
2024-03-12,OIL,WTI CRUDE OIL,dis,56016,22493,61351,82601,33523,-21250,150126
2024-03-12,SILVER,SILVER,dis,67094,26116,40997,96127,40978,-55130,144534
2024-03-12,USD,US DOLLAR INDEX,tff,8014,11714,310,3692,-3700,-3382,26365
2024-03-19,AUD,AUSTRALIAN DOLLAR,tff,24478,55271,134947,542,-30793,134405,220921
2024-03-19,CAD,CANADIAN DOLLAR,tff,33159,54557,69554,10170,-21398,59384,230592
2024-03-19,CHF,SWISS FRANC,tff,13315,15658,27940,0,-2343,27940,71545
2024-03-19,COPPER,COPPER,dis,124316,92391,71934,111436,31925,-39502,269690
2024-03-19,EUR,EURO FX,tff,85730,89372,19660,346313,-3642,-326653,656182
2024-03-19,GBP,BRITISH POUND,tff,68305,36291,13281,8761,32014,4520,197398
2024-03-19,GOLD,GOLD,dis,278732,77130,138102,355632,201602,-217530,535047
2024-03-19,JPY,JAPANESE YEN,tff,45130,118136,109502,1639,-73006,107863,302500
2024-03-19,NZD,NEW ZEALAND DOLLAR,tff,13525,12142,16044,6657,1383,9387,50301
2024-03-19,OIL,WTI CRUDE OIL,dis,57677,23756,66551,86714,33921,-20163,160575
2024-03-19,SILVER,SILVER,dis,77632,25197,39876,103893,52435,-64017,153154
2024-03-19,USD,US DOLLAR INDEX,tff,7900,13687,130,1487,-5787,-1357,23819
2024-03-26,AUD,AUSTRALIAN DOLLAR,tff,16824,47922,137548,1241,-31098,136307,218982
2024-03-26,CAD,CANADIAN DOLLAR,tff,23988,48102,74947,1988,-24114,72959,190995
2024-03-26,CHF,SWISS FRANC,tff,16023,17383,33999,0,-1360,33999,80460
2024-03-26,COPPER,COPPER,dis,120771,97688,85728,116572,23083,-30844,280731
2024-03-26,EUR,EURO FX,tff,81778,90904,19132,325661,-9126,-306529,657300
2024-03-26,GBP,BRITISH POUND,tff,76518,44242,40171,6667,32276,33504,203109
2024-03-26,GOLD,GOLD,dis,265647,66353,141774,360114,199294,-218340,503642
2024-03-26,JPY,JAPANESE YEN,tff,50032,122909,113613,757,-72877,112856,305701
2024-03-26,NZD,NEW ZEALAND DOLLAR,tff,16030,10083,23027,6800,5947,16227,53416
2024-03-26,OIL,WTI CRUDE OIL,dis,59189,24445,68785,89543,34744,-20758,164232
2024-03-26,SILVER,SILVER,dis,80721,29885,42250,107327,50836,-65077,160327
2024-03-26,USD,US DOLLAR INDEX,tff,10615,21841,138,1487,-11226,-1349,31997
2024-04-02,AUD,AUSTRALIAN DOLLAR,tff,19318,43331,135609,3222,-24013,132387,224894
2024-04-02,CAD,CANADIAN DOLLAR,tff,27270,49520,78534,2124,-22250,76410,197171
2024-04-02,CHF,SWISS FRANC,tff,20884,19168,35815,0,1716,35815,87108
2024-04-02,COPPER,COPPER,dis,126866,106570,87434,116380,20296,-28946,293955
2024-04-02,EUR,EURO FX,tff,94297,103690,37237,307554,-9393,-270317,682768
2024-04-02,GBP,BRITISH POUND,tff,94085,46598,53421,8286,47487,45135,219176
2024-04-02,GOLD,GOLD,dis,281399,74149,127114,352828,207250,-225714,500045
2024-04-02,JPY,JAPANESE YEN,tff,53581,130790,121299,1075,-77209,120224,316809
2024-04-02,NZD,NEW ZEALAND DOLLAR,tff,22115,12211,27425,6912,9904,20513,61732
2024-04-02,OIL,WTI CRUDE OIL,dis,58035,22923,59646,83086,35112,-23440,145033
2024-04-02,SILVER,SILVER,dis,83565,30418,42938,110644,53147,-67706,166823
2024-04-02,USD,US DOLLAR INDEX,tff,14576,29698,158,1487,-15122,-1329,38130
2024-04-09,AUD,AUSTRALIAN DOLLAR,tff,12321,42832,127200,4003,-30511,123197,208938
2024-04-09,CAD,CANADIAN DOLLAR,tff,16313,51366,84647,3429,-35053,81218,192964
2024-04-09,CHF,SWISS FRANC,tff,18603,20531,43335,0,-1928,43335,90833
2024-04-09,COPPER,COPPER,dis,144572,101878,75177,124683,42694,-49506,301181
2024-04-09,EUR,EURO FX,tff,65356,86911,24741,306427,-21555,-281686,643496
2024-04-09,GBP,BRITISH POUND,tff,69493,42822,61404,7359,26671,54045,211286
2024-04-09,GOLD,GOLD,dis,279799,77380,128094,352676,202419,-224582,505214
2024-04-09,JPY,JAPANESE YEN,tff,40770,133670,139218,1148,-92900,138070,324479
2024-04-09,NZD,NEW ZEALAND DOLLAR,tff,17764,9650,26717,6861,8114,19856,56260
2024-04-09,OIL,WTI CRUDE OIL,dis,61866,27403,72912,98612,34463,-25700,160242
2024-04-09,SILVER,SILVER,dis,84826,31614,44362,115637,53212,-71275,174397
2024-04-09,USD,US DOLLAR INDEX,tff,16513,33796,298,1487,-17283,-1189,40448
2024-04-16,AUD,AUSTRALIAN DOLLAR,tff,29853,54428,140993,4217,-24575,136776,234919
2024-04-16,CAD,CANADIAN DOLLAR,tff,20106,65246,117923,2437,-45140,115486,237526
2024-04-16,CHF,SWISS FRANC,tff,18362,20733,48972,0,-2371,48972,93411
2024-04-16,COPPER,COPPER,dis,144590,97021,69560,125646,47569,-56086,299220
2024-04-16,EUR,EURO FX,tff,70146,104691,41566,290227,-34545,-248661,658865
2024-04-16,GBP,BRITISH POUND,tff,75606,56629,97767,7382,18977,90385,229420
2024-04-16,GOLD,GOLD,dis,278777,76854,132684,355442,201923,-222758,517193
2024-04-16,JPY,JAPANESE YEN,tff,39056,141436,155961,1786,-102380,154175,331110
2024-04-16,NZD,NEW ZEALAND DOLLAR,tff,19659,14498,30859,6886,5161,23973,62857
2024-04-16,OIL,WTI CRUDE OIL,dis,63400,27413,74749,100051,35987,-25302,164559
2024-04-16,SILVER,SILVER,dis,82415,29056,46442,120470,53359,-74028,175784
2024-04-16,USD,US DOLLAR INDEX,tff,17780,35767,363,1487,-17987,-1124,44069
2024-04-23,AUD,AUSTRALIAN DOLLAR,tff,22038,50406,148435,7254,-28368,141181,239278
2024-04-23,CAD,CANADIAN DOLLAR,tff,15900,61193,114572,2340,-45293,112232,226747
2024-04-23,CHF,SWISS FRANC,tff,14060,22145,53484,534,-8085,52950,96029
2024-04-23,COPPER,COPPER,dis,149013,90619,73320,139515,58394,-66195,308479
2024-04-23,EUR,EURO FX,tff,63518,98985,60276,283871,-35467,-223595,665771
2024-04-23,GBP,BRITISH POUND,tff,66355,59453,131738,7065,6902,124673,242821
2024-04-23,GOLD,GOLD,dis,279535,76644,129083,355955,202891,-226872,516249
2024-04-23,JPY,JAPANESE YEN,tff,34337,140426,164956,2246,-106089,162710,336167
2024-04-23,NZD,NEW ZEALAND DOLLAR,tff,19368,12398,27285,6723,6970,20562,58570
2024-04-23,OIL,WTI CRUDE OIL,dis,63777,27515,77226,104360,36262,-27134,167796
2024-04-23,SILVER,SILVER,dis,86178,26838,43245,120654,59340,-77409,175740
2024-04-23,USD,US DOLLAR INDEX,tff,18900,38078,443,1487,-19178,-1044,45725
2024-04-30,AUD,AUSTRALIAN DOLLAR,tff,14099,47310,135189,10239,-33211,124950,224573
2024-04-30,CAD,CANADIAN DOLLAR,tff,11179,60695,102081,5156,-49516,96925,211555
2024-04-30,CHF,SWISS FRANC,tff,15074,22493,55883,575,-7419,55308,98926
2024-04-30,COPPER,COPPER,dis,152807,94743,66105,132747,58064,-66642,293492
2024-04-30,EUR,EURO FX,tff,68274,91458,46663,278305,-23184,-231642,652297
2024-04-30,GBP,BRITISH POUND,tff,52548,55392,137522,7462,-2844,130060,235610
2024-04-30,GOLD,GOLD,dis,278850,74640,126925,354423,204210,-227498,519791
2024-04-30,JPY,JAPANESE YEN,tff,28570,134379,169663,5698,-105809,163965,334848
2024-04-30,NZD,NEW ZEALAND DOLLAR,tff,21615,12541,24015,7408,9074,16607,58811
2024-04-30,OIL,WTI CRUDE OIL,dis,67273,27471,82130,111997,39802,-29867,173697
2024-04-30,SILVER,SILVER,dis,83094,28600,40745,115941,54494,-75196,166315
2024-04-30,USD,US DOLLAR INDEX,tff,21336,41497,354,1487,-20161,-1133,48784
2024-05-07,AUD,AUSTRALIAN DOLLAR,tff,11654,44801,114859,11583,-33147,103276,209670
2024-05-07,CAD,CANADIAN DOLLAR,tff,14610,61545,104234,9503,-46935,94731,216708
2024-05-07,CHF,SWISS FRANC,tff,12832,25153,51601,497,-12321,51104,94645
2024-05-07,COPPER,COPPER,dis,160147,97499,64280,134292,62648,-70012,300392
2024-05-07,EUR,EURO FX,tff,69345,86146,38949,282240,-16801,-243291,654804
2024-05-07,GBP,BRITISH POUND,tff,51484,63547,116839,8521,-12063,108318,223730
2024-05-07,GOLD,GOLD,dis,272144,72577,124899,352165,199567,-227266,529835
2024-05-07,JPY,JAPANESE YEN,tff,29570,110703,146871,19012,-81133,127859,299859
2024-05-07,NZD,NEW ZEALAND DOLLAR,tff,20999,12302,23515,6761,8697,16754,55822
2024-05-07,OIL,WTI CRUDE OIL,dis,61918,26835,67322,94074,35083,-26752,150745
2024-05-07,SILVER,SILVER,dis,81650,27998,39225,113640,53652,-74415,161868
2024-05-07,USD,US DOLLAR INDEX,tff,17056,36086,463,1487,-19030,-1024,42962
2024-05-14,AUD,AUSTRALIAN DOLLAR,tff,11293,41456,106032,9800,-30163,96232,201798
2024-05-14,CAD,CANADIAN DOLLAR,tff,12493,67398,106492,3507,-54905,102985,220840
2024-05-14,CHF,SWISS FRANC,tff,10096,20796,46325,520,-10700,45805,90701
2024-05-14,COPPER,COPPER,dis,163662,101882,71026,140682,61780,-69656,316141
2024-05-14,EUR,EURO FX,tff,75619,82704,28935,296362,-7085,-267427,656802
2024-05-14,GBP,BRITISH POUND,tff,46261,56755,112116,8455,-10494,103661,223242
2024-05-14,GOLD,GOLD,dis,277642,73146,133583,365693,204496,-232110,522952
2024-05-14,JPY,JAPANESE YEN,tff,29593,106099,147102,17593,-76506,129509,297606
2024-05-14,NZD,NEW ZEALAND DOLLAR,tff,20202,13237,22674,6859,6965,15815,55640
2024-05-14,OIL,WTI CRUDE OIL,dis,61377,27035,73011,99832,34342,-26821,156490
2024-05-14,SILVER,SILVER,dis,87936,28475,41532,122954,59461,-81422,171371
2024-05-14,USD,US DOLLAR INDEX,tff,17548,35204,393,1487,-17656,-1094,42817
2024-05-21,AUD,AUSTRALIAN DOLLAR,tff,18846,38355,84401,12348,-19509,72053,196609
2024-05-21,CAD,CANADIAN DOLLAR,tff,13831,71428,120120,4073,-57597,116047,234491
2024-05-21,CHF,SWISS FRANC,tff,11028,22510,46684,1293,-11482,45391,94270
2024-05-21,COPPER,COPPER,dis,162887,91193,68780,150497,71694,-81717,303409
2024-05-21,EUR,EURO FX,tff,75342,77721,17559,319690,-2379,-302131,653081
2024-05-21,GBP,BRITISH POUND,tff,49955,52535,75014,20155,-2580,54859,223976
2024-05-21,GOLD,GOLD,dis,300729,70923,118514,377177,229806,-258663,530591
2024-05-21,JPY,JAPANESE YEN,tff,24064,107631,157088,12755,-83567,144333,301315
2024-05-21,NZD,NEW ZEALAND DOLLAR,tff,18264,13009,14713,8742,5255,5971,49105
2024-05-21,OIL,WTI CRUDE OIL,dis,60702,26861,76737,103182,33841,-26445,161286
2024-05-21,SILVER,SILVER,dis,94141,34497,47423,130517,59644,-83094,186945
2024-05-21,USD,US DOLLAR INDEX,tff,16065,32002,423,1487,-15937,-1064,39920
2024-05-28,AUD,AUSTRALIAN DOLLAR,tff,19457,32368,82877,13127,-12911,69750,193678
2024-05-28,CAD,CANADIAN DOLLAR,tff,15583,67302,110570,29868,-51719,80702,264401
2024-05-28,CHF,SWISS FRANC,tff,13458,24468,50853,1306,-11010,49547,100381
2024-05-28,COPPER,COPPER,dis,153739,88217,79821,156575,65522,-76754,298839
2024-05-28,EUR,EURO FX,tff,74699,67353,18294,337190,7346,-318896,664864
2024-05-28,GBP,BRITISH POUND,tff,57756,54530,71882,51789,3226,20093,268749
2024-05-28,GOLD,GOLD,dis,286737,50152,109181,370131,236585,-260950,485430
2024-05-28,JPY,JAPANESE YEN,tff,21005,114950,184233,11854,-93945,172379,325231
2024-05-28,NZD,NEW ZEALAND DOLLAR,tff,19496,17160,13725,8821,2336,4904,57525
2024-05-28,OIL,WTI CRUDE OIL,dis,61531,26940,79815,106999,34591,-27184,165320
2024-05-28,SILVER,SILVER,dis,91730,34547,45930,127002,57183,-81072,184846
2024-05-28,USD,US DOLLAR INDEX,tff,15927,32200,378,1487,-16273,-1109,40108
2024-06-04,AUD,AUSTRALIAN DOLLAR,tff,18462,29833,82030,10586,-11371,71444,199796
2024-06-04,CAD,CANADIAN DOLLAR,tff,16574,67806,116700,27120,-51232,89580,265761
2024-06-04,CHF,SWISS FRANC,tff,11160,25420,49908,1750,-14260,48158,98815
2024-06-04,COPPER,COPPER,dis,142712,81585,79249,153964,61127,-74715,283719
2024-06-04,EUR,EURO FX,tff,80602,68259,17213,357516,12343,-340303,671736
2024-06-04,GBP,BRITISH POUND,tff,57082,44132,67218,73062,12950,-5844,267750
2024-06-04,GOLD,GOLD,dis,284566,47264,83418,349349,237302,-265931,447488
2024-06-04,JPY,JAPANESE YEN,tff,36986,106798,149817,24238,-69812,125579,303009
2024-06-04,NZD,NEW ZEALAND DOLLAR,tff,16457,11778,7348,9731,4679,-2383,54758
2024-06-04,OIL,WTI CRUDE OIL,dis,56174,24346,68449,93937,31828,-25488,146326
2024-06-04,SILVER,SILVER,dis,88604,32201,41280,122800,56403,-81520,179854
2024-06-04,USD,US DOLLAR INDEX,tff,12858,29668,408,1487,-16810,-1079,38645
2024-06-11,AUD,AUSTRALIAN DOLLAR,tff,15634,32880,87941,5665,-17246,82276,212796
2024-06-11,CAD,CANADIAN DOLLAR,tff,19062,90659,151540,20415,-71597,131125,307387
2024-06-11,CHF,SWISS FRANC,tff,11295,25652,47414,1432,-14357,45982,101556
2024-06-11,COPPER,COPPER,dis,139013,77725,73509,146800,61288,-73291,270090
2024-06-11,EUR,EURO FX,tff,79583,80975,20083,335166,-1392,-315083,712894
2024-06-11,GBP,BRITISH POUND,tff,62078,43804,69679,79036,18274,-9357,275487
2024-06-11,GOLD,GOLD,dis,276769,42843,82174,342685,233926,-260511,436857
2024-06-11,JPY,JAPANESE YEN,tff,23310,110501,172160,19814,-87191,152346,319274
2024-06-11,NZD,NEW ZEALAND DOLLAR,tff,16495,9831,5511,12179,6664,-6668,65785
2024-06-11,OIL,WTI CRUDE OIL,dis,55509,24028,70164,94623,31481,-24459,147285
2024-06-11,SILVER,SILVER,dis,84193,32501,42496,120833,51692,-78337,176036
2024-06-11,USD,US DOLLAR INDEX,tff,15927,29000,0,1487,-13073,-1487,38327
2024-06-18,AUD,AUSTRALIAN DOLLAR,tff,21338,32104,66293,3924,-10766,62369,174695
2024-06-18,CAD,CANADIAN DOLLAR,tff,15442,85578,194401,4394,-70136,190007,351458
2024-06-18,CHF,SWISS FRANC,tff,5067,21824,47903,4154,-16757,43749,88290
2024-06-18,COPPER,COPPER,dis,133890,81269,72833,137348,52621,-64515,265935
2024-06-18,EUR,EURO FX,tff,78396,87215,12131,289849,-8819,-277718,650388
2024-06-18,GBP,BRITISH POUND,tff,69585,30619,32686,31538,38966,1148,207303
2024-06-18,GOLD,GOLD,dis,287147,44063,83440,351170,243084,-267730,444345
2024-06-18,JPY,JAPANESE YEN,tff,25633,116030,172091,3694,-90397,168397,297117
2024-06-18,NZD,NEW ZEALAND DOLLAR,tff,17867,8052,3638,23640,9815,-20002,58436
2024-06-18,OIL,WTI CRUDE OIL,dis,57658,24363,72584,99678,33295,-27094,151094
2024-06-18,SILVER,SILVER,dis,81859,29958,43591,122193,51901,-78602,176605
2024-06-18,USD,US DOLLAR INDEX,tff,17397,12999,127,22378,4398,-22251,40237
2024-06-25,AUD,AUSTRALIAN DOLLAR,tff,25149,28558,62236,18180,-3409,44056,181071
2024-06-25,CAD,CANADIAN DOLLAR,tff,17798,79512,173958,6930,-61714,167028,278437
2024-06-25,CHF,SWISS FRANC,tff,5442,20493,48349,2010,-15051,46339,84204
2024-06-25,COPPER,COPPER,dis,134798,84672,61575,124040,50126,-62465,255809
2024-06-25,EUR,EURO FX,tff,78729,90328,13201,278823,-11599,-265622,650087
2024-06-25,GBP,BRITISH POUND,tff,71065,32385,38997,27936,38680,11061,207697
2024-06-25,GOLD,GOLD,dis,284885,38656,86551,358039,246229,-271488,452190
2024-06-25,JPY,JAPANESE YEN,tff,30032,139676,203072,5635,-109644,197437,340237
2024-06-25,NZD,NEW ZEALAND DOLLAR,tff,20006,7443,1964,27692,12563,-25728,60495
2024-06-25,OIL,WTI CRUDE OIL,dis,58541,25244,76002,104016,33297,-28014,156911
2024-06-25,SILVER,SILVER,dis,81366,25388,39375,120093,55978,-80718,166470
2024-06-25,USD,US DOLLAR INDEX,tff,18877,14981,87,22398,3896,-22311,43147
2024-07-02,AUD,AUSTRALIAN DOLLAR,tff,32866,31417,63466,37592,1449,25874,197799
2024-07-02,CAD,CANADIAN DOLLAR,tff,10251,79574,166571,5041,-69323,161530,263465
2024-07-02,CHF,SWISS FRANC,tff,3965,22226,58719,1810,-18261,56909,92286
2024-07-02,COPPER,COPPER,dis,135243,86020,61778,123905,49223,-62127,256039
2024-07-02,EUR,EURO FX,tff,72818,82267,8121,258959,-9449,-250838,636895
2024-07-02,GBP,BRITISH POUND,tff,79931,29649,25507,29525,50282,-4018,198119
2024-07-02,GOLD,GOLD,dis,280117,38574,86905,351704,241543,-264799,454730
2024-07-02,JPY,JAPANESE YEN,tff,30607,139789,210632,6166,-109182,204466,349817
2024-07-02,NZD,NEW ZEALAND DOLLAR,tff,23825,8234,1601,29383,15591,-27782,62491
2024-07-02,OIL,WTI CRUDE OIL,dis,55460,23904,58297,87255,31556,-28958,139381
2024-07-02,SILVER,SILVER,dis,79771,23937,33532,113487,55834,-79955,154724
2024-07-02,USD,US DOLLAR INDEX,tff,18109,18256,234,22398,-147,-22164,45627
2024-07-09,AUD,AUSTRALIAN DOLLAR,tff,37541,38456,63011,57075,-915,5936,225017
2024-07-09,CAD,CANADIAN DOLLAR,tff,10167,77092,157587,9309,-66925,148278,257288
2024-07-09,CHF,SWISS FRANC,tff,3929,24102,60824,1726,-20173,59098,93433
2024-07-09,COPPER,COPPER,dis,141237,85206,62868,130417,56031,-67549,263869
2024-07-09,EUR,EURO FX,tff,73785,79258,9478,275000,-5473,-265522,637266
2024-07-09,GBP,BRITISH POUND,tff,88548,34320,16501,49720,54228,-33219,224179
2024-07-09,GOLD,GOLD,dis,303043,48268,92907,373536,254775,-280629,516324
2024-07-09,JPY,JAPANESE YEN,tff,33815,144450,201463,9002,-110635,192461,348954
2024-07-09,NZD,NEW ZEALAND DOLLAR,tff,20320,7649,2067,28114,12671,-26047,59513
2024-07-09,OIL,WTI CRUDE OIL,dis,55491,24992,61019,89076,30499,-28057,143363
2024-07-09,SILVER,SILVER,dis,84351,23295,33496,118286,61056,-84790,163245
2024-07-09,USD,US DOLLAR INDEX,tff,16589,14777,330,22398,1812,-22068,43263
2024-07-16,AUD,AUSTRALIAN DOLLAR,tff,34561,36636,63929,65130,-2075,-1201,229593
2024-07-16,CAD,CANADIAN DOLLAR,tff,15994,87584,178474,3040,-71590,175434,280941
2024-07-16,CHF,SWISS FRANC,tff,5432,26058,62527,1775,-20626,60752,98671
2024-07-16,COPPER,COPPER,dis,139774,80874,65732,135590,58900,-69858,270330
2024-07-16,EUR,EURO FX,tff,85859,78470,9122,296439,7389,-287317,649251
2024-07-16,GBP,BRITISH POUND,tff,108801,39140,17456,105047,69661,-87591,280623
2024-07-16,GOLD,GOLD,dis,349827,64803,110041,419345,285024,-309304,579862
2024-07-16,JPY,JAPANESE YEN,tff,30754,105799,162620,8804,-75045,153816,307205
2024-07-16,NZD,NEW ZEALAND DOLLAR,tff,22370,9794,9247,20469,12576,-11222,60953
2024-07-16,OIL,WTI CRUDE OIL,dis,57721,25255,62309,92406,32466,-30097,146363
2024-07-16,SILVER,SILVER,dis,85005,24840,33181,116916,60165,-83735,166641
2024-07-16,USD,US DOLLAR INDEX,tff,17673,9616,470,22398,8057,-21928,38651
2024-07-23,AUD,AUSTRALIAN DOLLAR,tff,36280,38343,65891,55639,-2063,10252,226258
2024-07-23,CAD,CANADIAN DOLLAR,tff,14209,97178,210347,2699,-82969,207648,315684
2024-07-23,CHF,SWISS FRANC,tff,4931,23819,56179,1698,-18888,54481,92633
2024-07-23,COPPER,COPPER,dis,117236,75016,69589,122219,42220,-52630,254535
2024-07-23,EUR,EURO FX,tff,83176,78836,9528,320791,4340,-311263,672022
2024-07-23,GBP,BRITISH POUND,tff,118233,35065,19291,115005,83168,-95714,289241
2024-07-23,GOLD,GOLD,dis,341600,68526,102237,403162,273074,-300925,572306
2024-07-23,JPY,JAPANESE YEN,tff,37264,95860,142797,27645,-58596,115152,307183
2024-07-23,NZD,NEW ZEALAND DOLLAR,tff,28674,10548,17247,18149,18126,-902,63589
2024-07-23,OIL,WTI CRUDE OIL,dis,60282,25757,67137,100605,34525,-33468,154799
2024-07-23,SILVER,SILVER,dis,75473,24093,34503,108319,51380,-73816,157106
2024-07-23,USD,US DOLLAR INDEX,tff,19925,9022,143,22398,10903,-22255,38818
2024-07-30,AUD,AUSTRALIAN DOLLAR,tff,28758,38377,69527,18241,-9619,51286,205852
2024-07-30,CAD,CANADIAN DOLLAR,tff,13532,116322,246823,2773,-102790,244050,351856
2024-07-30,CHF,SWISS FRANC,tff,6426,21872,48730,930,-15446,47800,85475
2024-07-30,COPPER,COPPER,dis,102957,78482,85555,121218,24475,-35663,260246
2024-07-30,EUR,EURO FX,tff,73234,91398,12022,292272,-18164,-280250,667299
2024-07-30,GBP,BRITISH POUND,tff,108579,36908,22705,90668,71671,-67963,268554
2024-07-30,GOLD,GOLD,dis,313364,66763,99015,371872,246601,-272857,510914
2024-07-30,JPY,JAPANESE YEN,tff,27725,98058,148852,47711,-70333,101141,303151
2024-07-30,NZD,NEW ZEALAND DOLLAR,tff,30805,16709,33291,14369,14096,18922,76323
2024-07-30,OIL,WTI CRUDE OIL,dis,63738,25267,71655,108080,38471,-36425,162325
2024-07-30,SILVER,SILVER,dis,67416,18355,33703,104073,49061,-70370,151437
2024-07-30,USD,US DOLLAR INDEX,tff,20167,8800,0,22398,11367,-22398,39266
2024-08-06,AUD,AUSTRALIAN DOLLAR,tff,19305,35812,75379,10832,-16507,64547,192634
2024-08-06,CAD,CANADIAN DOLLAR,tff,10014,110683,234623,4158,-100669,230465,335120
2024-08-06,CHF,SWISS FRANC,tff,7771,15143,34303,2258,-7372,32045,68503
2024-08-06,COPPER,COPPER,dis,88598,69000,86315,114596,19598,-28281,249019
2024-08-06,EUR,EURO FX,tff,75644,90252,9987,305767,-14608,-295780,671104
2024-08-06,GBP,BRITISH POUND,tff,90924,33436,26242,49413,57488,-23171,224042
2024-08-06,GOLD,GOLD,dis,298119,59370,88442,357476,238749,-269034,480645
2024-08-06,JPY,JAPANESE YEN,tff,27905,52063,143742,117746,-24158,25996,298937
2024-08-06,NZD,NEW ZEALAND DOLLAR,tff,23047,18642,42046,14629,4405,27417,74141
2024-08-06,OIL,WTI CRUDE OIL,dis,54871,22920,59080,91098,31951,-32018,140769
2024-08-06,SILVER,SILVER,dis,64574,15493,34304,103935,49081,-69631,147537
2024-08-06,USD,US DOLLAR INDEX,tff,30626,11500,96,22398,19126,-22302,42026
2024-08-13,AUD,AUSTRALIAN DOLLAR,tff,13482,36250,72393,7824,-22768,64569,188298
2024-08-13,CAD,CANADIAN DOLLAR,tff,9546,112680,229662,3435,-103134,226227,323167
2024-08-13,CHF,SWISS FRANC,tff,7810,13735,32629,2289,-5925,30340,65751
2024-08-13,COPPER,COPPER,dis,86013,70216,72860,97263,15797,-24403,229752
2024-08-13,EUR,EURO FX,tff,71009,94427,10434,304665,-23418,-294231,667350
2024-08-13,GBP,BRITISH POUND,tff,77421,31908,23872,37489,45513,-13617,205569
2024-08-13,GOLD,GOLD,dis,328769,61505,88313,380815,267264,-292502,505872
2024-08-13,JPY,JAPANESE YEN,tff,43859,46274,133013,148641,-2415,-15628,315338
2024-08-13,NZD,NEW ZEALAND DOLLAR,tff,16800,14786,37841,15282,2014,22559,66596
2024-08-13,OIL,WTI CRUDE OIL,dis,55162,22954,65002,96382,32208,-31380,147407
2024-08-13,SILVER,SILVER,dis,61458,16169,38079,104855,45289,-66776,147859
2024-08-13,USD,US DOLLAR INDEX,tff,34048,11785,216,22398,22263,-22182,45236
2024-08-20,AUD,AUSTRALIAN DOLLAR,tff,16862,43949,63960,10620,-27087,53340,187360
2024-08-20,CAD,CANADIAN DOLLAR,tff,10354,99611,221945,3017,-89257,218928,314073
2024-08-20,CHF,SWISS FRANC,tff,7248,14415,35279,1870,-7167,33409,67104
2024-08-20,COPPER,COPPER,dis,91835,71561,72874,100879,20274,-28005,228892
2024-08-20,EUR,EURO FX,tff,75339,78023,11271,358161,-2684,-346890,692017
2024-08-20,GBP,BRITISH POUND,tff,83572,39807,15547,59970,43765,-44423,231383
2024-08-20,GOLD,GOLD,dis,355551,64298,86232,402738,291253,-316506,532867
2024-08-20,JPY,JAPANESE YEN,tff,37384,47877,134081,153299,-10493,-19218,316197
2024-08-20,NZD,NEW ZEALAND DOLLAR,tff,16718,14985,33899,17188,1733,16711,66846
2024-08-20,OIL,WTI CRUDE OIL,dis,56901,22885,66092,97332,34016,-31240,148882
2024-08-20,SILVER,SILVER,dis,63930,14606,35699,106927,49324,-71228,146986
2024-08-20,USD,US DOLLAR INDEX,tff,37049,13488,239,22398,23561,-22159,48713
2024-08-27,AUD,AUSTRALIAN DOLLAR,tff,18432,38580,57715,43292,-20148,14423,204850
2024-08-27,CAD,CANADIAN DOLLAR,tff,8702,81657,182012,25531,-72955,156481,296041
2024-08-27,CHF,SWISS FRANC,tff,9082,12936,32929,2841,-3854,30088,68768
2024-08-27,COPPER,COPPER,dis,89063,71918,70518,96520,17145,-26002,214577
2024-08-27,EUR,EURO FX,tff,94322,73854,11760,408951,20468,-397191,726519
2024-08-27,GBP,BRITISH POUND,tff,96550,41947,14658,98513,54603,-83855,274215
2024-08-27,GOLD,GOLD,dis,343330,48885,85102,407421,294445,-322319,521759
2024-08-27,JPY,JAPANESE YEN,tff,32111,53602,133556,163416,-21491,-29860,318259
2024-08-27,NZD,NEW ZEALAND DOLLAR,tff,16297,15119,27560,17352,1178,10208,65108
2024-08-27,OIL,WTI CRUDE OIL,dis,59594,26567,64282,101394,33027,-37112,153870
2024-08-27,SILVER,SILVER,dis,65715,13529,36444,108584,52186,-72140,141613
2024-08-27,USD,US DOLLAR INDEX,tff,39094,13930,246,22398,25164,-22152,51056
2024-09-03,AUD,AUSTRALIAN DOLLAR,tff,19335,36594,56612,59106,-17259,-2494,213538
2024-09-03,CAD,CANADIAN DOLLAR,tff,16150,67341,127446,29701,-51191,97745,255897
2024-09-03,CHF,SWISS FRANC,tff,6475,11162,32084,2856,-4687,29228,67121
2024-09-03,COPPER,COPPER,dis,77290,64329,70738,89702,12961,-18964,201953
2024-09-03,EUR,EURO FX,tff,95060,69208,14325,420755,25852,-406430,740311
2024-09-03,GBP,BRITISH POUND,tff,101930,36587,15458,116966,65343,-101508,285461
2024-09-03,GOLD,GOLD,dis,339157,51599,80416,392303,287558,-311887,511136
2024-09-03,JPY,JAPANESE YEN,tff,34653,51496,130878,181498,-16843,-50620,326795
2024-09-03,NZD,NEW ZEALAND DOLLAR,tff,17803,13457,18406,17525,4346,881,63566
2024-09-03,OIL,WTI CRUDE OIL,dis,50387,23182,53738,83440,27205,-29702,132232
2024-09-03,SILVER,SILVER,dis,64099,18040,30538,95067,46059,-64529,130928
2024-09-03,USD,US DOLLAR INDEX,tff,37510,10968,0,22482,26542,-22482,48563
2024-09-10,AUD,AUSTRALIAN DOLLAR,tff,16291,24893,57119,54705,-8602,2414,230013
2024-09-10,CAD,CANADIAN DOLLAR,tff,12366,57188,130770,24820,-44822,105950,251209
2024-09-10,CHF,SWISS FRANC,tff,5130,9253,31015,3029,-4123,27986,80439
2024-09-10,COPPER,COPPER,dis,74754,61942,70851,89299,12812,-18448,203377
2024-09-10,EUR,EURO FX,tff,76583,63756,13376,398775,12827,-385399,741888
2024-09-10,GBP,BRITISH POUND,tff,91103,34479,14985,101280,56624,-86295,272336
2024-09-10,GOLD,GOLD,dis,340006,57505,78232,385131,282501,-306899,511501
2024-09-10,JPY,JAPANESE YEN,tff,36657,51229,132630,208600,-14572,-75970,376514
2024-09-10,NZD,NEW ZEALAND DOLLAR,tff,14506,12899,17887,16225,1607,1662,63720
2024-09-10,OIL,WTI CRUDE OIL,dis,50265,23443,54937,83987,26822,-29050,133970
2024-09-10,SILVER,SILVER,dis,61649,16907,30386,92472,44742,-62086,128959
2024-09-10,USD,US DOLLAR INDEX,tff,34658,7925,0,22557,26733,-22557,48653
2024-09-17,AUD,AUSTRALIAN DOLLAR,tff,13517,30632,58354,21565,-17115,36789,169684
2024-09-17,CAD,CANADIAN DOLLAR,tff,9819,61437,136314,22069,-51618,114245,256538
2024-09-17,CHF,SWISS FRANC,tff,8269,11171,22428,741,-2902,21687,58554
2024-09-17,COPPER,COPPER,dis,79235,59553,70413,96015,19682,-25602,204717
2024-09-17,EUR,EURO FX,tff,72490,66772,13005,382926,5718,-369921,678001
2024-09-17,GBP,BRITISH POUND,tff,82612,36953,7600,67492,45659,-59892,212595
2024-09-17,GOLD,GOLD,dis,369734,59668,74647,409774,310066,-335127,537627
2024-09-17,JPY,JAPANESE YEN,tff,30066,45846,7567,89712,-15780,-82145,199463
2024-09-17,NZD,NEW ZEALAND DOLLAR,tff,14540,10397,10903,13226,4143,-2323,49301
2024-09-17,OIL,WTI CRUDE OIL,dis,48732,23550,60863,85434,25182,-24571,135441
2024-09-17,SILVER,SILVER,dis,74978,16680,28131,105437,58298,-77306,140605
2024-09-17,USD,US DOLLAR INDEX,tff,11212,10300,3219,0,912,3219,24759
2024-09-24,AUD,AUSTRALIAN DOLLAR,tff,29593,30965,26865,36376,-1372,-9511,176442
2024-09-24,CAD,CANADIAN DOLLAR,tff,16901,59466,114557,7901,-42565,106656,213164
2024-09-24,CHF,SWISS FRANC,tff,7913,12210,26291,1,-4297,26290,60688
2024-09-24,COPPER,COPPER,dis,96262,63132,69639,109266,33130,-39627,226141
2024-09-24,EUR,EURO FX,tff,70914,66148,14057,372075,4766,-358018,679514
2024-09-24,GBP,BRITISH POUND,tff,100193,38500,6622,97720,61693,-91098,251641
2024-09-24,GOLD,GOLD,dis,387572,72182,76713,416419,315390,-339706,564640
2024-09-24,JPY,JAPANESE YEN,tff,36841,42289,3063,97055,-5448,-93992,207702
2024-09-24,NZD,NEW ZEALAND DOLLAR,tff,18919,9900,9452,13802,9019,-4350,55135
2024-09-24,OIL,WTI CRUDE OIL,dis,48988,20361,63812,87993,28627,-24181,139146
2024-09-24,SILVER,SILVER,dis,81029,18831,29339,111171,62198,-81832,150071
2024-09-24,USD,US DOLLAR INDEX,tff,13306,11758,3246,0,1548,3246,27029
2024-10-01,AUD,AUSTRALIAN DOLLAR,tff,42087,25376,26342,67587,16711,-41245,201032
2024-10-01,CAD,CANADIAN DOLLAR,tff,15073,59545,108359,19765,-44472,88594,216044
2024-10-01,CHF,SWISS FRANC,tff,6037,14119,26680,428,-8082,26252,62140
2024-10-01,COPPER,COPPER,dis,108421,65229,68026,118866,43192,-50840,240587
2024-10-01,EUR,EURO FX,tff,70416,70519,12963,355422,-103,-342459,674734
2024-10-01,GBP,BRITISH POUND,tff,98373,35033,6089,100829,63340,-94740,257312
2024-10-01,GOLD,GOLD,dis,370051,70120,67099,394623,299931,-327524,533107
2024-10-01,JPY,JAPANESE YEN,tff,38018,36643,3885,90208,1375,-86323,196200
2024-10-01,NZD,NEW ZEALAND DOLLAR,tff,18631,9892,9327,20551,8739,-11224,61226
2024-10-01,OIL,WTI CRUDE OIL,dis,50936,19092,55955,82015,31844,-26060,131676
2024-10-01,SILVER,SILVER,dis,75588,18664,29018,108238,56924,-79220,144757
2024-10-01,USD,US DOLLAR INDEX,tff,13112,9291,3033,97,3821,2936,26321
2024-10-08,AUD,AUSTRALIAN DOLLAR,tff,43739,21162,25920,84331,22577,-58411,205706
2024-10-08,CAD,CANADIAN DOLLAR,tff,14372,69254,123024,11643,-54882,111381,224645
2024-10-08,CHF,SWISS FRANC,tff,7291,9772,32257,546,-2481,31711,63822
2024-10-08,COPPER,COPPER,dis,105252,62156,68582,120886,43096,-52304,241373
2024-10-08,EUR,EURO FX,tff,80224,62318,17427,346409,17906,-328982,669131
2024-10-08,GBP,BRITISH POUND,tff,96094,30234,5606,99331,65860,-93725,255908
2024-10-08,GOLD,GOLD,dis,348891,70711,68957,372933,278180,-303976,520316
2024-10-08,JPY,JAPANESE YEN,tff,38912,30971,20524,78041,7941,-57517,196685
2024-10-08,NZD,NEW ZEALAND DOLLAR,tff,17186,8528,9150,18699,8658,-9549,57037
2024-10-08,OIL,WTI CRUDE OIL,dis,53944,24872,61702,86335,29072,-24633,141004
2024-10-08,SILVER,SILVER,dis,72113,17398,29717,106432,54715,-76715,142839
2024-10-08,USD,US DOLLAR INDEX,tff,10382,14251,3033,117,-3869,2916,25635
2024-10-15,AUD,AUSTRALIAN DOLLAR,tff,36287,24273,25434,64511,12014,-39077,193289
2024-10-15,CAD,CANADIAN DOLLAR,tff,31121,87132,179366,13673,-56011,165693,296537
2024-10-15,CHF,SWISS FRANC,tff,6194,10784,34793,638,-4590,34155,66154
2024-10-15,COPPER,COPPER,dis,99036,63514,75372,120591,35522,-45219,242791
2024-10-15,EUR,EURO FX,tff,79699,66796,37773,311755,12903,-273982,658481
2024-10-15,GBP,BRITISH POUND,tff,86670,27892,7197,92114,58778,-84917,250150
2024-10-15,GOLD,GOLD,dis,357494,71060,70028,382686,286434,-312658,541232
2024-10-15,JPY,JAPANESE YEN,tff,37868,28355,17471,71981,9513,-54510,197871
2024-10-15,NZD,NEW ZEALAND DOLLAR,tff,15319,9830,10901,13808,5489,-2907,54894
2024-10-15,OIL,WTI CRUDE OIL,dis,55078,25846,63856,89037,29232,-25181,145464
2024-10-15,SILVER,SILVER,dis,70024,15992,29913,105671,54032,-75758,141898
2024-10-15,USD,US DOLLAR INDEX,tff,9172,14732,3159,0,-5560,3159,24171
2024-10-22,AUD,AUSTRALIAN DOLLAR,tff,42698,26821,25439,62140,15877,-36701,186950
2024-10-22,CAD,CANADIAN DOLLAR,tff,22006,86907,201047,10164,-64901,190883,308279
2024-10-22,CHF,SWISS FRANC,tff,4714,12881,40811,637,-8167,40174,72719
2024-10-22,COPPER,COPPER,dis,100002,67547,76687,120547,32455,-43860,242120
2024-10-22,EUR,EURO FX,tff,74459,84615,38526,258811,-10156,-220285,650759
2024-10-22,GBP,BRITISH POUND,tff,81133,25283,11140,69060,55850,-57920,230130
2024-10-22,GOLD,GOLD,dis,371813,75609,66245,390946,296204,-324701,573760
2024-10-22,JPY,JAPANESE YEN,tff,45083,38257,37429,55839,6826,-18410,207338
2024-10-22,NZD,NEW ZEALAND DOLLAR,tff,19070,9715,10442,12562,9355,-2120,55605
2024-10-22,OIL,WTI CRUDE OIL,dis,53721,25652,65329,89990,28069,-24661,146756
2024-10-22,SILVER,SILVER,dis,82139,15784,29291,114649,66355,-85358,157264
2024-10-22,USD,US DOLLAR INDEX,tff,11763,21427,3136,0,-9664,3136,29942
2024-10-29,AUD,AUSTRALIAN DOLLAR,tff,45465,26404,32789,60279,19061,-27490,183977
2024-10-29,CAD,CANADIAN DOLLAR,tff,20358,101169,219580,10320,-80811,209260,329945
2024-10-29,CHF,SWISS FRANC,tff,5299,12312,46827,509,-7013,46318,78973
2024-10-29,COPPER,COPPER,dis,96844,73105,85290,119529,23739,-34239,247710
2024-10-29,EUR,EURO FX,tff,75404,105616,56940,242985,-30212,-186045,661675
2024-10-29,GBP,BRITISH POUND,tff,82549,25828,12007,59634,56721,-47627,221535
2024-10-29,GOLD,GOLD,dis,366636,87983,68935,372606,278653,-303671,579468
2024-10-29,JPY,JAPANESE YEN,tff,44746,48208,70010,53462,-3462,16548,225894
2024-10-29,NZD,NEW ZEALAND DOLLAR,tff,22598,10421,12940,10043,12177,2897,58020
2024-10-29,OIL,WTI CRUDE OIL,dis,48760,26670,73339,93882,22090,-20543,155520
2024-10-29,SILVER,SILVER,dis,79649,19218,30224,112436,60431,-82212,156320
2024-10-29,USD,US DOLLAR INDEX,tff,12784,24607,3106,0,-11823,3106,32536
2024-11-05,AUD,AUSTRALIAN DOLLAR,tff,38875,26727,33405,56078,12148,-22673,177416
2024-11-05,CAD,CANADIAN DOLLAR,tff,16729,105031,229582,11684,-88302,217898,336467
2024-11-05,CHF,SWISS FRANC,tff,6434,10381,43182,651,-3947,42531,75911
2024-11-05,COPPER,COPPER,dis,101996,78326,82982,117193,23670,-34211,251994
2024-11-05,EUR,EURO FX,tff,79747,103781,35168,255641,-24034,-220473,645597
2024-11-05,GBP,BRITISH POUND,tff,77495,35216,10860,51044,42279,-40184,219857
2024-11-05,GOLD,GOLD,dis,336816,81487,73287,356346,255329,-283059,558034
2024-11-05,JPY,JAPANESE YEN,tff,32546,45268,81166,55799,-12722,25367,235762
2024-11-05,NZD,NEW ZEALAND DOLLAR,tff,19437,11373,23239,9765,8064,13474,59800
2024-11-05,OIL,WTI CRUDE OIL,dis,40836,27170,64375,75962,13666,-11587,137261
2024-11-05,SILVER,SILVER,dis,73980,20634,30347,104590,53346,-74243,151126
2024-11-05,USD,US DOLLAR INDEX,tff,11395,24142,3226,0,-12747,3226,30825
2024-11-12,AUD,AUSTRALIAN DOLLAR,tff,26371,26686,36733,55258,-315,-18525,171880
2024-11-12,CAD,CANADIAN DOLLAR,tff,7940,98579,242733,9422,-90639,233311,342557
2024-11-12,CHF,SWISS FRANC,tff,3629,14024,48056,656,-10395,47400,78380
2024-11-12,COPPER,COPPER,dis,93941,73096,77575,107988,20845,-30413,232280
2024-11-12,EUR,EURO FX,tff,72706,101719,27921,254485,-29013,-226564,637105
2024-11-12,GBP,BRITISH POUND,tff,79544,31007,14033,51308,48537,-37275,212345
2024-11-12,GOLD,GOLD,dis,316225,79774,75347,340929,236451,-265582,535981
2024-11-12,JPY,JAPANESE YEN,tff,24817,54460,101853,54540,-29643,47313,257688
2024-11-12,NZD,NEW ZEALAND DOLLAR,tff,20610,15579,27722,9615,5031,18107,64216
2024-11-12,OIL,WTI CRUDE OIL,dis,40706,27343,67376,78880,13363,-11504,140729
2024-11-12,SILVER,SILVER,dis,68951,21309,33197,100604,47642,-67407,147526
2024-11-12,USD,US DOLLAR INDEX,tff,13859,29466,3176,0,-15607,3176,36875
2024-11-19,AUD,AUSTRALIAN DOLLAR,tff,30460,27547,39646,49358,2913,-9712,181688
2024-11-19,CAD,CANADIAN DOLLAR,tff,10857,96560,242239,13678,-85703,228561,348354
2024-11-19,CHF,SWISS FRANC,tff,3022,14717,55934,0,-11695,55934,82690
2024-11-19,COPPER,COPPER,dis,87842,72400,80198,102040,15442,-21842,223447
2024-11-19,EUR,EURO FX,tff,70766,110577,65675,237119,-39811,-171444,658774
2024-11-19,GBP,BRITISH POUND,tff,75875,25164,40260,49241,50711,-8981,220896
2024-11-19,GOLD,GOLD,dis,309354,74987,73459,335781,234367,-262322,502952
2024-11-19,JPY,JAPANESE YEN,tff,26487,52854,78748,58955,-26367,19793,254087
2024-11-19,NZD,NEW ZEALAND DOLLAR,tff,19557,17412,36175,9767,2145,26408,72846
2024-11-19,OIL,WTI CRUDE OIL,dis,45572,27751,71825,87059,17821,-15234,147249
2024-11-19,SILVER,SILVER,dis,65939,19616,34466,99547,46323,-65081,141287
2024-11-19,USD,US DOLLAR INDEX,tff,12690,29820,3287,0,-17130,3287,37320
2024-11-26,AUD,AUSTRALIAN DOLLAR,tff,30228,28755,38771,53198,1473,-14427,185533
2024-11-26,CAD,CANADIAN DOLLAR,tff,7063,84289,215268,14541,-77226,200727,322420
2024-11-26,CHF,SWISS FRANC,tff,3540,16520,56966,0,-12980,56966,86500
2024-11-26,COPPER,COPPER,dis,83268,73343,76161,91922,9925,-15761,203954
2024-11-26,EUR,EURO FX,tff,78630,108586,68838,232782,-29956,-163944,665553
2024-11-26,GBP,BRITISH POUND,tff,77371,21429,63434,48711,55942,14723,239062
2024-11-26,GOLD,GOLD,dis,303401,53063,72377,344897,250338,-272520,472660
2024-11-26,JPY,JAPANESE YEN,tff,30485,53854,61943,68793,-23369,-6850,253566
2024-11-26,NZD,NEW ZEALAND DOLLAR,tff,17973,19154,40519,9694,-1181,30825,79001
2024-11-26,OIL,WTI CRUDE OIL,dis,46274,27712,71779,87380,18562,-15601,149662
2024-11-26,SILVER,SILVER,dis,63076,20293,33100,94258,42783,-61158,134590
2024-11-26,USD,US DOLLAR INDEX,tff,12909,30717,3709,0,-17808,3709,37797
2024-12-03,AUD,AUSTRALIAN DOLLAR,tff,23360,29750,44802,52146,-6390,-7344,190247
2024-12-03,CAD,CANADIAN DOLLAR,tff,10071,83901,219085,14879,-73830,204206,324325
2024-12-03,CHF,SWISS FRANC,tff,3214,16009,57796,0,-12795,57796,85247
2024-12-03,COPPER,COPPER,dis,86478,76012,75871,90654,10466,-14783,213182
2024-12-03,EUR,EURO FX,tff,78970,115172,83527,228067,-36202,-144540,675059
2024-12-03,GBP,BRITISH POUND,tff,73882,21642,68344,50037,52240,18307,243504
2024-12-03,GOLD,GOLD,dis,307611,47875,63251,349526,259736,-286275,462040
2024-12-03,JPY,JAPANESE YEN,tff,31142,56327,48072,77037,-25185,-28965,256849
2024-12-03,NZD,NEW ZEALAND DOLLAR,tff,15614,17816,40784,10465,-2202,30319,80220
2024-12-03,OIL,WTI CRUDE OIL,dis,42121,23944,63376,78105,18177,-14729,134738
2024-12-03,SILVER,SILVER,dis,64285,21025,32688,94707,43260,-62019,134074
2024-12-03,USD,US DOLLAR INDEX,tff,13005,30622,3648,0,-17617,3648,37510
2024-12-10,AUD,AUSTRALIAN DOLLAR,tff,27751,32138,49561,36541,-4387,13020,239026
2024-12-10,CAD,CANADIAN DOLLAR,tff,18975,98423,254413,12547,-79448,241866,408181
2024-12-10,CHF,SWISS FRANC,tff,3242,16087,57422,0,-12845,57422,109379
2024-12-10,COPPER,COPPER,dis,84585,73626,72711,89600,10959,-16889,208126
2024-12-10,EUR,EURO FX,tff,76775,120696,82138,224722,-43921,-142584,727276
2024-12-10,GBP,BRITISH POUND,tff,73060,31598,53635,56194,41462,-2559,311725
2024-12-10,GOLD,GOLD,dis,324332,48746,66025,362896,275586,-296871,483346
2024-12-10,JPY,JAPANESE YEN,tff,30677,54242,35648,78740,-23565,-43092,274834
2024-12-10,NZD,NEW ZEALAND DOLLAR,tff,14818,21363,46799,10413,-6545,36386,98096
2024-12-10,OIL,WTI CRUDE OIL,dis,41915,24205,79088,95107,17710,-16019,151130
2024-12-10,SILVER,SILVER,dis,72515,31350,36376,96219,41165,-59843,151096
2024-12-10,USD,US DOLLAR INDEX,tff,14289,32531,3823,0,-18242,3823,40825
2024-12-17,AUD,AUSTRALIAN DOLLAR,tff,18786,40905,87191,1212,-22119,85979,172661
2024-12-17,CAD,CANADIAN DOLLAR,tff,15303,89196,262725,18354,-73893,244371,485592
2024-12-17,CHF,SWISS FRANC,tff,18487,15880,47459,2364,2607,45095,85631
2024-12-17,COPPER,COPPER,dis,81540,75600,74275,86025,5940,-11750,207513
2024-12-17,EUR,EURO FX,tff,75931,114176,22018,169508,-38245,-147490,584000
2024-12-17,GBP,BRITISH POUND,tff,80780,26239,36248,23471,54541,12777,187135
2024-12-17,GOLD,GOLD,dis,302978,40937,61012,346245,262041,-285233,466571
2024-12-17,JPY,JAPANESE YEN,tff,22969,60105,4548,19866,-37136,-15318,181673
2024-12-17,NZD,NEW ZEALAND DOLLAR,tff,9402,22221,53441,867,-12819,52574,80998
2024-12-17,OIL,WTI CRUDE OIL,dis,44819,27193,83697,98980,17626,-15283,162902
2024-12-17,SILVER,SILVER,dis,68183,27919,35135,92645,40264,-57510,146938
2024-12-17,USD,US DOLLAR INDEX,tff,14577,22196,1044,12586,-7619,-11542,41281
2024-12-24,AUD,AUSTRALIAN DOLLAR,tff,17948,45552,88468,1403,-27604,87065,177789
2024-12-24,CAD,CANADIAN DOLLAR,tff,7772,91884,254742,11188,-84112,243554,345942
2024-12-24,CHF,SWISS FRANC,tff,11111,14081,57943,1737,-2970,56206,85954
2024-12-24,COPPER,COPPER,dis,83076,81272,76383,84380,1804,-7997,213742
2024-12-24,EUR,EURO FX,tff,69968,116500,31021,164000,-46532,-132979,597583
2024-12-24,GBP,BRITISH POUND,tff,79351,26677,38631,20167,52674,18464,188844
2024-12-24,GOLD,GOLD,dis,289416,41787,58136,331472,247629,-273336,454646
2024-12-24,JPY,JAPANESE YEN,tff,31241,68682,17148,19419,-37441,-2271,200720
2024-12-24,NZD,NEW ZEALAND DOLLAR,tff,10339,23053,57342,1019,-12714,56323,84775
2024-12-24,OIL,WTI CRUDE OIL,dis,43519,28850,90219,98595,14669,-8376,166999
2024-12-24,SILVER,SILVER,dis,67851,27688,35192,90213,40163,-55021,145618
2024-12-24,USD,US DOLLAR INDEX,tff,15542,25232,3121,12639,-9690,-9518,44472
2024-12-31,AUD,AUSTRALIAN DOLLAR,tff,18045,51275,86785,1517,-33230,85268,182872
2024-12-31,CAD,CANADIAN DOLLAR,tff,9682,94539,254303,9994,-84857,244309,353686
2024-12-31,CHF,SWISS FRANC,tff,9895,15662,59150,2024,-5767,57126,89129
2024-12-31,COPPER,COPPER,dis,88300,87541,76860,82762,759,-5902,219739
2024-12-31,EUR,EURO FX,tff,80796,122636,29997,162916,-41840,-132919,609159
2024-12-31,GBP,BRITISH POUND,tff,78757,29649,36734,21386,49108,15348,188879
2024-12-31,GOLD,GOLD,dis,282907,35628,60399,331695,247279,-271296,458584
2024-12-31,JPY,JAPANESE YEN,tff,31671,73989,18594,17912,-42318,682,206971
2024-12-31,NZD,NEW ZEALAND DOLLAR,tff,13477,25256,58103,1019,-11779,57084,88125
2024-12-31,OIL,WTI CRUDE OIL,dis,44604,28938,89781,98705,15666,-8924,167767
2024-12-31,SILVER,SILVER,dis,67007,29118,36850,89257,37889,-52407,151013
2024-12-31,USD,US DOLLAR INDEX,tff,14641,23919,1174,12586,-9278,-11412,42976
2025-01-07,AUD,AUSTRALIAN DOLLAR,tff,15484,49272,88021,15302,-33788,72719,197764
2025-01-07,CAD,CANADIAN DOLLAR,tff,5550,100129,260359,13069,-94579,247290,357210
2025-01-07,CHF,SWISS FRANC,tff,7463,17271,65563,2112,-9808,63451,91244
2025-01-07,COPPER,COPPER,dis,89586,85316,78177,84600,4270,-6423,218477
2025-01-07,EUR,EURO FX,tff,69495,111083,29921,158813,-41588,-128892,603187
2025-01-07,GBP,BRITISH POUND,tff,72934,25621,42238,18677,47313,23561,188770
2025-01-07,GOLD,GOLD,dis,291721,36810,62674,341320,254911,-278646,477043
2025-01-07,JPY,JAPANESE YEN,tff,24057,77219,26016,16670,-53162,9346,212456
2025-01-07,NZD,NEW ZEALAND DOLLAR,tff,12991,26538,60162,1046,-13547,59116,92127
2025-01-07,OIL,WTI CRUDE OIL,dis,46609,26827,75366,86079,19782,-10713,150377
2025-01-07,SILVER,SILVER,dis,68892,27944,35032,91206,40948,-56174,151590
2025-01-07,USD,US DOLLAR INDEX,tff,14064,25606,943,12586,-11542,-11643,44874
2025-01-14,AUD,AUSTRALIAN DOLLAR,tff,9209,48248,88369,12420,-39039,75949,192020
2025-01-14,CAD,CANADIAN DOLLAR,tff,6876,94932,248173,14987,-88056,233186,350363
2025-01-14,CHF,SWISS FRANC,tff,7987,16318,70293,2083,-8331,68210,94045
2025-01-14,COPPER,COPPER,dis,84904,73066,76426,90969,11838,-14543,209052
2025-01-14,EUR,EURO FX,tff,68363,108162,33400,164026,-39799,-130626,604225
2025-01-14,GBP,BRITISH POUND,tff,67791,32917,53090,14732,34874,38358,200826
2025-01-14,GOLD,GOLD,dis,312568,33205,92075,394527,279363,-302452,526467
2025-01-14,JPY,JAPANESE YEN,tff,25130,77511,39297,15437,-52381,23860,223952
2025-01-14,NZD,NEW ZEALAND DOLLAR,tff,10519,24626,62179,2542,-14107,59637,92053
2025-01-14,OIL,WTI CRUDE OIL,dis,48106,27057,78727,91359,21049,-12632,155726
2025-01-14,SILVER,SILVER,dis,71511,25431,32379,92055,46080,-59676,150364
2025-01-14,USD,US DOLLAR INDEX,tff,14541,22889,1412,16759,-8348,-15347,45758
2025-01-21,AUD,AUSTRALIAN DOLLAR,tff,10834,47493,88124,13032,-36659,75092,190211
2025-01-21,CAD,CANADIAN DOLLAR,tff,3350,95722,231799,16395,-92372,215404,331635
2025-01-21,CHF,SWISS FRANC,tff,6358,18287,70502,2196,-11929,68306,96356
2025-01-21,COPPER,COPPER,dis,88855,72192,73470,95199,16663,-21729,217298
2025-01-21,EUR,EURO FX,tff,72504,107738,22173,166474,-35234,-144301,609492
2025-01-21,GBP,BRITISH POUND,tff,63658,30610,72459,20685,33048,51774,212688
2025-01-21,GOLD,GOLD,dis,337289,36505,95116,421724,300784,-326608,571387
2025-01-21,JPY,JAPANESE YEN,tff,27591,67227,17792,24265,-39636,-6473,211620
2025-01-21,NZD,NEW ZEALAND DOLLAR,tff,8488,22229,61158,2772,-13741,58386,90600
2025-01-21,OIL,WTI CRUDE OIL,dis,47270,27320,80826,92527,19950,-11701,159386
2025-01-21,SILVER,SILVER,dis,75660,28180,33476,96453,47480,-62977,159899
2025-01-21,USD,US DOLLAR INDEX,tff,15090,17058,1687,20639,-1968,-18952,45714
2025-01-28,AUD,AUSTRALIAN DOLLAR,tff,9389,53670,90691,10129,-44281,80562,192011
2025-01-28,CAD,CANADIAN DOLLAR,tff,5869,89815,228840,12867,-83946,215973,331109
2025-01-28,CHF,SWISS FRANC,tff,4801,19970,73886,2694,-15169,71192,97264
2025-01-28,COPPER,COPPER,dis,86831,73786,84783,103140,13045,-18357,234867
2025-01-28,EUR,EURO FX,tff,72532,106828,16363,183222,-34296,-166859,618908
2025-01-28,GBP,BRITISH POUND,tff,52427,32499,88834,19266,19928,69568,206821
2025-01-28,GOLD,GOLD,dis,338371,38962,110034,433756,299409,-323722,577505
2025-01-28,JPY,JAPANESE YEN,tff,24923,59098,11429,38639,-34175,-27210,216788
2025-01-28,NZD,NEW ZEALAND DOLLAR,tff,5309,23244,58569,3405,-17935,55164,83969
2025-01-28,OIL,WTI CRUDE OIL,dis,47837,25901,82426,95626,21936,-13200,163071
2025-01-28,SILVER,SILVER,dis,74656,30288,36404,96672,44368,-60268,165135
2025-01-28,USD,US DOLLAR INDEX,tff,14209,13702,1455,20764,507,-19309,40991
2025-02-04,AUD,AUSTRALIAN DOLLAR,tff,13048,51597,92424,11428,-38549,80996,204869
2025-02-04,CAD,CANADIAN DOLLAR,tff,5300,96118,246568,15650,-90818,230918,346984
2025-02-04,CHF,SWISS FRANC,tff,5855,19488,73205,2841,-13633,70364,97931
2025-02-04,COPPER,COPPER,dis,92002,76581,83745,102455,15421,-18710,235599
2025-02-04,EUR,EURO FX,tff,82094,104271,15873,177918,-22177,-162045,616623
2025-02-04,GBP,BRITISH POUND,tff,56170,33271,78492,21927,22899,56565,204644
2025-02-04,GOLD,GOLD,dis,356500,53992,74378,402553,302508,-328175,542004
2025-02-04,JPY,JAPANESE YEN,tff,33050,62138,8671,61195,-29088,-52524,231911
2025-02-04,NZD,NEW ZEALAND DOLLAR,tff,5628,22054,55434,2686,-16426,52748,83998
2025-02-04,OIL,WTI CRUDE OIL,dis,40659,20341,70877,78331,20318,-7454,141714
2025-02-04,SILVER,SILVER,dis,83120,32759,29564,98571,50361,-69007,170726
2025-02-04,USD,US DOLLAR INDEX,tff,13734,11901,1430,20814,1833,-19384,39705
2025-02-11,AUD,AUSTRALIAN DOLLAR,tff,11077,53572,78023,14027,-42495,63996,196295
2025-02-11,CAD,CANADIAN DOLLAR,tff,5683,87330,228531,13506,-81647,215025,326849
2025-02-11,CHF,SWISS FRANC,tff,5508,20466,72997,2411,-14958,70586,98159
2025-02-11,COPPER,COPPER,dis,104032,83136,75169,100011,20896,-24842,243961
2025-02-11,EUR,EURO FX,tff,88642,109469,16384,178074,-20827,-161690,622873
2025-02-11,GBP,BRITISH POUND,tff,58540,26918,73569,25186,31622,48383,208138
2025-02-11,GOLD,GOLD,dis,343766,59262,72622,382510,284504,-309888,528719
2025-02-11,JPY,JAPANESE YEN,tff,35523,66542,9892,100568,-31019,-90676,273314
2025-02-11,NZD,NEW ZEALAND DOLLAR,tff,7589,18965,54884,2713,-11376,52171,87118
2025-02-11,OIL,WTI CRUDE OIL,dis,40566,20362,74172,80327,20204,-6155,146377
2025-02-11,SILVER,SILVER,dis,79112,29402,32501,100751,49710,-68250,164251
2025-02-11,USD,US DOLLAR INDEX,tff,14117,11648,1905,20639,2469,-18734,39291
2025-02-18,AUD,AUSTRALIAN DOLLAR,tff,15678,49025,69238,13291,-33347,55947,189686
2025-02-18,CAD,CANADIAN DOLLAR,tff,6968,85062,217615,15735,-78094,201880,323195
2025-02-18,CHF,SWISS FRANC,tff,6830,20990,72828,2865,-14160,69963,97878
2025-02-18,COPPER,COPPER,dis,101470,79407,71219,95939,22063,-24720,238331
2025-02-18,EUR,EURO FX,tff,89424,100651,19976,200260,-11227,-180284,638024
2025-02-18,GBP,BRITISH POUND,tff,63543,28739,58645,24582,34804,34063,203370
2025-02-18,GOLD,GOLD,dis,334043,65369,72393,368464,268674,-296071,522330
2025-02-18,JPY,JAPANESE YEN,tff,43974,67824,13311,110416,-23850,-97105,281163
2025-02-18,NZD,NEW ZEALAND DOLLAR,tff,9359,23219,56150,1902,-13860,54248,89366
2025-02-18,OIL,WTI CRUDE OIL,dis,40674,20342,77031,84096,20332,-7065,150840
2025-02-18,SILVER,SILVER,dis,84814,30360,35237,107197,54454,-71960,170107
2025-02-18,USD,US DOLLAR INDEX,tff,15966,10461,1704,20922,5505,-19218,38459
2025-02-25,AUD,AUSTRALIAN DOLLAR,tff,17142,47694,66682,8075,-30552,58607,185971
2025-02-25,CAD,CANADIAN DOLLAR,tff,8701,75578,213044,19094,-66877,193950,319493
2025-02-25,CHF,SWISS FRANC,tff,4978,21079,72525,3415,-16101,69110,97178
2025-02-25,COPPER,COPPER,dis,91757,72735,68241,90849,19022,-22608,222133
2025-02-25,EUR,EURO FX,tff,93762,99058,20386,230729,-5296,-210343,658684
2025-02-25,GBP,BRITISH POUND,tff,60643,28575,56707,26496,32068,30211,200468
2025-02-25,GOLD,GOLD,dis,316948,55323,71796,359896,261625,-288100,512179
2025-02-25,JPY,JAPANESE YEN,tff,47598,59318,10456,165651,-11720,-155195,329186
2025-02-25,NZD,NEW ZEALAND DOLLAR,tff,9742,24477,54654,1764,-14735,52890,90322
2025-02-25,OIL,WTI CRUDE OIL,dis,40776,20678,77466,85054,20098,-7588,154003
2025-02-25,SILVER,SILVER,dis,78469,25607,38149,108337,52862,-70188,163681
2025-02-25,USD,US DOLLAR INDEX,tff,15680,9074,1375,20472,6606,-19097,38062
2025-03-04,AUD,AUSTRALIAN DOLLAR,tff,16843,45216,70486,7266,-28373,63220,202272
2025-03-04,CAD,CANADIAN DOLLAR,tff,10601,75181,224852,17619,-64580,207233,340218
2025-03-04,CHF,SWISS FRANC,tff,4488,19584,67935,3835,-15096,64100,97021
2025-03-04,COPPER,COPPER,dis,88987,75975,70271,86460,13012,-16189,218780
2025-03-04,EUR,EURO FX,tff,94173,102395,22785,255957,-8222,-233172,683819
2025-03-04,GBP,BRITISH POUND,tff,62241,28491,42892,33301,33750,9591,200634
2025-03-04,GOLD,GOLD,dis,303132,59871,65713,336828,243261,-271115,489270
2025-03-04,JPY,JAPANESE YEN,tff,47578,45028,9567,196332,2550,-186765,354415
2025-03-04,NZD,NEW ZEALAND DOLLAR,tff,15333,24252,60056,2062,-8919,57994,99433
2025-03-04,OIL,WTI CRUDE OIL,dis,35660,16953,64019,70114,18707,-6095,134488
2025-03-04,SILVER,SILVER,dis,73315,19999,30890,101834,53316,-70944,145935
2025-03-04,USD,US DOLLAR INDEX,tff,19095,9095,1256,20972,10000,-19716,39075
2025-03-11,AUD,AUSTRALIAN DOLLAR,tff,18600,42390,61796,11722,-23790,50074,258738
2025-03-11,CAD,CANADIAN DOLLAR,tff,6946,70407,220845,16970,-63461,203875,339922
2025-03-11,CHF,SWISS FRANC,tff,3870,20611,62679,4120,-16741,58559,100493
2025-03-11,COPPER,COPPER,dis,94929,76331,68918,90974,18598,-22056,227359
2025-03-11,EUR,EURO FX,tff,90093,96012,28370,291663,-5919,-263293,729760
2025-03-11,GBP,BRITISH POUND,tff,61074,33141,37619,51811,27933,-14192,248457
2025-03-11,GOLD,GOLD,dis,296172,60072,84545,349733,236100,-265188,511276
2025-03-11,JPY,JAPANESE YEN,tff,46055,45638,13116,202317,417,-189201,446178
2025-03-11,NZD,NEW ZEALAND DOLLAR,tff,13034,22944,57878,1688,-9910,56190,117627
2025-03-11,OIL,WTI CRUDE OIL,dis,34381,23014,65025,70194,11367,-5169,136946
2025-03-11,SILVER,SILVER,dis,79965,20439,29463,106819,59526,-77356,155263
2025-03-11,USD,US DOLLAR INDEX,tff,21509,7340,1372,20750,14169,-19378,39865
2025-03-18,AUD,AUSTRALIAN DOLLAR,tff,13309,43229,75018,12160,-29920,62858,180546
2025-03-18,CAD,CANADIAN DOLLAR,tff,10823,74345,211949,20801,-63522,191148,347932
2025-03-18,CHF,SWISS FRANC,tff,3701,20630,56629,595,-16929,56034,80057
2025-03-18,COPPER,COPPER,dis,101076,75884,68409,95961,25192,-27552,237882
2025-03-18,EUR,EURO FX,tff,87050,73191,16659,329538,13859,-312879,652620
2025-03-18,GBP,BRITISH POUND,tff,67268,35312,8710,32560,31956,-23850,180841
2025-03-18,GOLD,GOLD,dis,321654,63722,91549,376717,257932,-285168,533566
2025-03-18,JPY,JAPANESE YEN,tff,40348,46181,1791,180917,-5833,-179126,296567
2025-03-18,NZD,NEW ZEALAND DOLLAR,tff,15555,20502,50025,5940,-4947,44085,84543
2025-03-18,OIL,WTI CRUDE OIL,dis,33758,23495,67653,71556,10263,-3903,140167
2025-03-18,SILVER,SILVER,dis,87601,25303,31479,113134,62298,-81655,170566
2025-03-18,USD,US DOLLAR INDEX,tff,15256,15553,1087,3412,-297,-2325,29600
2025-03-25,AUD,AUSTRALIAN DOLLAR,tff,15664,46904,76652,7079,-31240,69573,180087
2025-03-25,CAD,CANADIAN DOLLAR,tff,17877,67999,178591,5898,-50122,172693,281126
2025-03-25,CHF,SWISS FRANC,tff,3172,24322,63279,759,-21150,62520,85731
2025-03-25,COPPER,COPPER,dis,106085,71981,70815,105345,34104,-34530,251957
2025-03-25,EUR,EURO FX,tff,89643,63267,22135,351464,26376,-329329,672875
2025-03-25,GBP,BRITISH POUND,tff,71377,30671,10710,45978,40706,-35268,191212
2025-03-25,GOLD,GOLD,dis,316572,66776,86838,365436,249796,-278598,511482
2025-03-25,JPY,JAPANESE YEN,tff,41782,41473,5335,190362,309,-185027,303778
2025-03-25,NZD,NEW ZEALAND DOLLAR,tff,11659,19996,53425,4725,-8337,48700,82270
2025-03-25,OIL,WTI CRUDE OIL,dis,35772,29445,72127,72409,6327,-282,146198
2025-03-25,SILVER,SILVER,dis,85712,24762,32304,113009,60950,-80705,169628
2025-03-25,USD,US DOLLAR INDEX,tff,15453,15640,951,3412,-187,-2461,29219
2025-04-01,AUD,AUSTRALIAN DOLLAR,tff,16740,49859,72368,7723,-33119,64645,182766
2025-04-01,CAD,CANADIAN DOLLAR,tff,19122,68543,176291,9860,-49421,166431,278330
2025-04-01,CHF,SWISS FRANC,tff,2573,25475,67624,783,-22902,66841,89248
2025-04-01,COPPER,COPPER,dis,94101,64076,79343,110452,30025,-31109,245181
2025-04-01,EUR,EURO FX,tff,91315,58425,24218,340593,32890,-316375,670827
2025-04-01,GBP,BRITISH POUND,tff,76484,28234,12126,35550,48250,-23424,187160
2025-04-01,GOLD,GOLD,dis,327936,89502,68875,333936,238434,-265061,498746
2025-04-01,JPY,JAPANESE YEN,tff,48928,37665,4942,200763,11263,-195821,311162
2025-04-01,NZD,NEW ZEALAND DOLLAR,tff,9101,19137,54277,4617,-10036,49660,81797
2025-04-01,OIL,WTI CRUDE OIL,dis,37981,30660,56516,57908,7321,-1392,130591
2025-04-01,SILVER,SILVER,dis,85609,28351,34641,111046,57258,-76405,170197
2025-04-01,USD,US DOLLAR INDEX,tff,15316,13335,919,3782,1981,-2863,29279
2025-04-08,AUD,AUSTRALIAN DOLLAR,tff,17464,46905,76819,30029,-29441,46790,194476
2025-04-08,CAD,CANADIAN DOLLAR,tff,9354,72188,174083,18369,-62834,155714,258263
2025-04-08,CHF,SWISS FRANC,tff,1788,15995,53912,4697,-14207,49215,76433
2025-04-08,COPPER,COPPER,dis,81213,56972,70988,92417,24241,-21429,220390
2025-04-08,EUR,EURO FX,tff,85855,52777,31861,371975,33078,-340114,697776
2025-04-08,GBP,BRITISH POUND,tff,72555,28147,21438,26712,44408,-5274,176910
2025-04-08,GOLD,GOLD,dis,269833,69118,69214,301397,200715,-232183,445468
2025-04-08,JPY,JAPANESE YEN,tff,52436,33203,5632,233795,19233,-228163,320758
2025-04-08,NZD,NEW ZEALAND DOLLAR,tff,8056,17994,47939,7088,-9938,40851,72109
2025-04-08,OIL,WTI CRUDE OIL,dis,36726,31632,64123,62168,5094,1955,137183
2025-04-08,SILVER,SILVER,dis,68426,21910,35320,99342,46516,-64022,154289
2025-04-08,USD,US DOLLAR INDEX,tff,11631,8097,1684,3662,3534,-1978,22770
2025-04-15,AUD,AUSTRALIAN DOLLAR,tff,12595,36909,73286,35406,-24314,37880,178747
2025-04-15,CAD,CANADIAN DOLLAR,tff,12380,63629,158622,41073,-51249,117549,249484
2025-04-15,CHF,SWISS FRANC,tff,2666,16542,46375,5277,-13876,41098,73479
2025-04-15,COPPER,COPPER,dis,75462,55985,67915,88087,19477,-20172,202997
2025-04-15,EUR,EURO FX,tff,80754,58948,29171,393749,21806,-364578,708122
2025-04-15,GBP,BRITISH POUND,tff,70443,36385,16658,23966,34058,-7308,177006
2025-04-15,GOLD,GOLD,dis,271707,69497,70568,302480,202210,-231912,456628
2025-04-15,JPY,JAPANESE YEN,tff,51122,33022,7590,255341,18100,-247751,338849
2025-04-15,NZD,NEW ZEALAND DOLLAR,tff,7524,16984,41553,9198,-9460,32355,66702
2025-04-15,OIL,WTI CRUDE OIL,dis,36061,32758,66626,63225,3303,3401,140738
2025-04-15,SILVER,SILVER,dis,65068,21119,40181,102931,43949,-62750,144400
2025-04-15,USD,US DOLLAR INDEX,tff,16141,8030,1514,3793,8111,-2279,27224
2025-04-22,AUD,AUSTRALIAN DOLLAR,tff,21486,44131,72708,52889,-22645,19819,190798
2025-04-22,CAD,CANADIAN DOLLAR,tff,11449,50568,156111,67544,-39119,88567,249643
2025-04-22,CHF,SWISS FRANC,tff,3031,12129,45172,10233,-9098,34939,72891
2025-04-22,COPPER,COPPER,dis,78607,53842,63199,86849,24765,-23650,196712
2025-04-22,EUR,EURO FX,tff,81269,66559,33861,403364,14710,-369503,719232
2025-04-22,GBP,BRITISH POUND,tff,67488,37721,10584,34346,29767,-23762,179555
2025-04-22,GOLD,GOLD,dis,258896,83518,91128,293396,175378,-202268,465351
2025-04-22,JPY,JAPANESE YEN,tff,50802,31359,8474,269048,19443,-260574,351226
2025-04-22,NZD,NEW ZEALAND DOLLAR,tff,8684,14983,37743,10430,-6299,27313,62689
2025-04-22,OIL,WTI CRUDE OIL,dis,37578,32928,69191,68617,4650,574,144652
2025-04-22,SILVER,SILVER,dis,64693,19967,40479,104853,44726,-64374,146923
2025-04-22,USD,US DOLLAR INDEX,tff,20902,11429,1896,1800,9473,96,32880
2025-04-29,AUD,AUSTRALIAN DOLLAR,tff,20451,38025,74149,52281,-17574,21868,184804
2025-04-29,CAD,CANADIAN DOLLAR,tff,11464,43678,156444,75155,-32214,81289,249257
2025-04-29,CHF,SWISS FRANC,tff,3637,11519,44936,12816,-7882,32120,71949
2025-04-29,COPPER,COPPER,dis,71612,52243,63420,83484,19369,-20064,191990
2025-04-29,EUR,EURO FX,tff,79893,62578,33550,410302,17315,-376752,730212
2025-04-29,GBP,BRITISH POUND,tff,62771,35223,10789,40109,27548,-29320,192312
2025-04-29,GOLD,GOLD,dis,240377,77059,92787,283548,163318,-190761,451868
2025-04-29,JPY,JAPANESE YEN,tff,50238,30627,10758,277672,19611,-266914,366246
2025-04-29,NZD,NEW ZEALAND DOLLAR,tff,9431,16618,33952,11249,-7187,22703,63075
2025-04-29,OIL,WTI CRUDE OIL,dis,39594,30893,69246,73422,8701,-4176,151431
2025-04-29,SILVER,SILVER,dis,70299,20356,41240,110504,49943,-69264,152669
2025-04-29,USD,US DOLLAR INDEX,tff,21178,10546,1889,1741,10632,148,32830
2025-05-06,AUD,AUSTRALIAN DOLLAR,tff,20750,36601,73758,48838,-15851,24920,183057
2025-05-06,CAD,CANADIAN DOLLAR,tff,12831,44974,157629,76023,-32143,81606,255101
2025-05-06,CHF,SWISS FRANC,tff,3986,9707,45014,12408,-5721,32606,70578
2025-05-06,COPPER,COPPER,dis,71777,50074,61510,83865,21703,-22355,192752
2025-05-06,EUR,EURO FX,tff,73085,67340,33157,415185,5745,-382028,737013
2025-05-06,GBP,BRITISH POUND,tff,66229,35698,13850,44929,30531,-31079,200214
2025-05-06,GOLD,GOLD,dis,237445,74948,87244,279347,162497,-192103,452414
2025-05-06,JPY,JAPANESE YEN,tff,54358,29708,15495,277678,24650,-262183,375546
2025-05-06,NZD,NEW ZEALAND DOLLAR,tff,7996,13444,33791,11893,-5448,21898,60509
2025-05-06,OIL,WTI CRUDE OIL,dis,40975,31053,60012,63158,9922,-3146,138664
2025-05-06,SILVER,SILVER,dis,70335,21083,32146,99949,49252,-67803,140261
2025-05-06,USD,US DOLLAR INDEX,tff,24122,12190,2015,484,11932,1531,35412
2025-05-13,AUD,AUSTRALIAN DOLLAR,tff,23738,30110,76445,44403,-6372,32042,180460
2025-05-13,CAD,CANADIAN DOLLAR,tff,21114,56458,163355,59573,-35344,103782,262803
2025-05-13,CHF,SWISS FRANC,tff,5456,9861,42769,12810,-4405,29959,73088
2025-05-13,COPPER,COPPER,dis,71926,50404,60805,85148,21522,-24343,195840
2025-05-13,EUR,EURO FX,tff,86340,66187,34250,423571,20153,-389321,750906
2025-05-13,GBP,BRITISH POUND,tff,65307,32921,12208,40898,32386,-28690,194861
2025-05-13,GOLD,GOLD,dis,238191,76982,88412,279619,161209,-191207,440842
2025-05-13,JPY,JAPANESE YEN,tff,55015,19972,11512,257899,35043,-246387,359521
2025-05-13,NZD,NEW ZEALAND DOLLAR,tff,9774,13306,34682,11184,-3532,23498,60757
2025-05-13,OIL,WTI CRUDE OIL,dis,44019,31174,63947,68727,12845,-4780,148144
2025-05-13,SILVER,SILVER,dis,67944,20190,33164,99344,47754,-66180,138262
2025-05-13,USD,US DOLLAR INDEX,tff,14645,6360,2215,403,8285,1812,27982
2025-05-20,AUD,AUSTRALIAN DOLLAR,tff,20400,27084,79404,38195,-6684,41209,177853
2025-05-20,CAD,CANADIAN DOLLAR,tff,19646,59860,167788,42859,-40214,124929,266748
2025-05-20,CHF,SWISS FRANC,tff,5321,8347,44080,11365,-3026,32715,73133
2025-05-20,COPPER,COPPER,dis,69015,47977,64580,88003,21038,-23423,205105
2025-05-20,EUR,EURO FX,tff,83874,76941,47230,421491,6933,-374261,759249
2025-05-20,GBP,BRITISH POUND,tff,64799,32603,10745,43147,32196,-32402,195326
2025-05-20,GOLD,GOLD,dis,238062,74081,90256,287904,163981,-197648,448000
2025-05-20,JPY,JAPANESE YEN,tff,55915,17418,10501,259716,38497,-249215,366865
2025-05-20,NZD,NEW ZEALAND DOLLAR,tff,7911,15778,37116,9071,-7867,28045,61056
2025-05-20,OIL,WTI CRUDE OIL,dis,49046,31689,69797,77136,17357,-7339,155636
2025-05-20,SILVER,SILVER,dis,70891,20849,33798,100577,50042,-66779,141451
2025-05-20,USD,US DOLLAR INDEX,tff,17660,7398,2204,356,10262,1848,30189
2025-05-27,AUD,AUSTRALIAN DOLLAR,tff,18161,34117,78036,36213,-15956,41823,179292
2025-05-27,CAD,CANADIAN DOLLAR,tff,16678,62383,162862,51585,-45705,111277,263232
2025-05-27,CHF,SWISS FRANC,tff,4465,7433,44522,11649,-2968,32873,73781
2025-05-27,COPPER,COPPER,dis,69944,47363,65108,91183,22581,-26075,208601
2025-05-27,EUR,EURO FX,tff,76556,77460,49826,424525,-904,-374699,760471
2025-05-27,GBP,BRITISH POUND,tff,71735,33001,9410,55431,38734,-46021,202990
2025-05-27,GOLD,GOLD,dis,234087,59903,87509,295096,174184,-207587,437538
2025-05-27,JPY,JAPANESE YEN,tff,49246,25171,11894,256512,24075,-244618,377011
2025-05-27,NZD,NEW ZEALAND DOLLAR,tff,6918,13917,35792,9819,-6999,25973,59262
2025-05-27,OIL,WTI CRUDE OIL,dis,54280,32546,71768,83164,21734,-11396,162523
2025-05-27,SILVER,SILVER,dis,73240,20228,34318,104595,53012,-70277,147555
2025-05-27,USD,US DOLLAR INDEX,tff,20000,7289,2091,356,12711,1735,30979
2025-06-03,AUD,AUSTRALIAN DOLLAR,tff,17018,36173,81757,38456,-19155,43301,202595
2025-06-03,CAD,CANADIAN DOLLAR,tff,15552,62849,164104,49692,-47297,114412,270041
2025-06-03,CHF,SWISS FRANC,tff,5857,7475,43269,9404,-1618,33865,81322
2025-06-03,COPPER,COPPER,dis,71249,47155,64639,91652,24094,-27013,211857
2025-06-03,EUR,EURO FX,tff,74113,76024,48503,438220,-1911,-389717,781284
2025-06-03,GBP,BRITISH POUND,tff,73098,33699,8546,62038,39399,-53492,233601
2025-06-03,GOLD,GOLD,dis,246982,59077,70905,291731,187905,-220826,415941
2025-06-03,JPY,JAPANESE YEN,tff,49497,23347,13257,250144,26150,-236887,366008
2025-06-03,NZD,NEW ZEALAND DOLLAR,tff,7410,15644,36075,10375,-8234,25700,67925
2025-06-03,OIL,WTI CRUDE OIL,dis,54144,28228,64362,77569,25916,-13207,151124
2025-06-03,SILVER,SILVER,dis,81981,21211,32689,111830,60770,-79141,163347
2025-06-03,USD,US DOLLAR INDEX,tff,17090,7332,2048,356,9758,1692,28007
2025-06-10,AUD,AUSTRALIAN DOLLAR,tff,19030,41339,86389,42993,-22309,43396,224272
2025-06-10,CAD,CANADIAN DOLLAR,tff,16625,56327,158972,64115,-39702,94857,288477
2025-06-10,CHF,SWISS FRANC,tff,8660,4172,42948,11067,4488,31881,86928
2025-06-10,COPPER,COPPER,dis,72101,45750,61691,91975,26351,-30284,207359
2025-06-10,EUR,EURO FX,tff,84861,72885,32680,439359,11976,-406679,810517
2025-06-10,GBP,BRITISH POUND,tff,65686,24156,15792,68088,41530,-52296,213940
2025-06-10,GOLD,GOLD,dis,245995,58514,68432,291150,187481,-222718,417143
2025-06-10,JPY,JAPANESE YEN,tff,44731,24112,11486,244029,20619,-232543,388263
2025-06-10,NZD,NEW ZEALAND DOLLAR,tff,7691,14851,36330,12934,-7160,23396,78867
2025-06-10,OIL,WTI CRUDE OIL,dis,53435,28877,67729,78672,24558,-10943,154155
2025-06-10,SILVER,SILVER,dis,85192,18542,34871,120532,66650,-85661,174281
2025-06-10,USD,US DOLLAR INDEX,tff,19331,6341,2043,0,12990,2043,30659
2025-06-17,AUD,AUSTRALIAN DOLLAR,tff,17911,33211,47890,8283,-15300,39607,147471
2025-06-17,CAD,CANADIAN DOLLAR,tff,19310,56275,162309,100912,-36965,61397,294801
2025-06-17,CHF,SWISS FRANC,tff,4922,4740,38360,4019,182,34341,67383
2025-06-17,COPPER,COPPER,dis,66538,42738,61788,90471,23800,-28683,202728
2025-06-17,EUR,EURO FX,tff,88119,72690,28746,453210,15429,-424464,755861
2025-06-17,GBP,BRITISH POUND,tff,64649,28801,5070,41822,35848,-36752,177026
2025-06-17,GOLD,GOLD,dis,260586,59938,71684,309411,200648,-237727,441214
2025-06-17,JPY,JAPANESE YEN,tff,45713,27930,7244,224439,17783,-217195,317523
2025-06-17,NZD,NEW ZEALAND DOLLAR,tff,3796,16056,14978,11098,-12260,3880,47833
2025-06-17,OIL,WTI CRUDE OIL,dis,60039,31578,74867,87051,28461,-12184,168777
2025-06-17,SILVER,SILVER,dis,88994,21820,39948,125896,67174,-85948,184831
2025-06-17,USD,US DOLLAR INDEX,tff,11452,9297,9274,0,2155,9274,30721
2025-06-24,AUD,AUSTRALIAN DOLLAR,tff,18889,41192,52870,688,-22303,52182,151032
2025-06-24,CAD,CANADIAN DOLLAR,tff,15736,47453,82380,36258,-31717,46122,201194
2025-06-24,CHF,SWISS FRANC,tff,6664,5441,38483,3692,1223,34791,69488
2025-06-24,COPPER,COPPER,dis,70781,41348,62511,94230,29433,-31719,203404
2025-06-24,EUR,EURO FX,tff,88638,67545,31477,458976,21093,-427499,762607
2025-06-24,GBP,BRITISH POUND,tff,63501,21817,9361,42599,41684,-33238,179898
2025-06-24,GOLD,GOLD,dis,256077,61073,73323,303883,195004,-230560,434958
2025-06-24,JPY,JAPANESE YEN,tff,48739,28981,5506,221813,19758,-216307,314767
2025-06-24,NZD,NEW ZEALAND DOLLAR,tff,2403,14384,6783,9283,-11981,-2500,44217
2025-06-24,OIL,WTI CRUDE OIL,dis,61430,34509,75941,89852,26921,-13911,172759
2025-06-24,SILVER,SILVER,dis,84491,21544,40422,122899,62947,-82477,174613
2025-06-24,USD,US DOLLAR INDEX,tff,10723,11113,9413,0,-390,9413,31225
2025-07-01,AUD,AUSTRALIAN DOLLAR,tff,17902,42190,50287,938,-24288,49349,151338
2025-07-01,CAD,CANADIAN DOLLAR,tff,16179,47298,88902,32566,-31119,56336,203485
2025-07-01,CHF,SWISS FRANC,tff,5350,6420,41333,5565,-1070,35768,72546
2025-07-01,COPPER,COPPER,dis,74625,40935,61269,98562,33690,-37293,212300
2025-07-01,EUR,EURO FX,tff,91623,76402,34128,468358,15221,-434230,779031
2025-07-01,GBP,BRITISH POUND,tff,64702,34596,6889,38674,30106,-31785,188689
2025-07-01,GOLD,GOLD,dis,258631,56651,68820,304889,201980,-236069,437662
2025-07-01,JPY,JAPANESE YEN,tff,43066,26420,5973,225947,16646,-219974,314251
2025-07-01,NZD,NEW ZEALAND DOLLAR,tff,4906,13330,5301,8314,-8424,-3013,42303
2025-07-01,OIL,WTI CRUDE OIL,dis,53447,31338,73099,86631,22109,-13532,159332
2025-07-01,SILVER,SILVER,dis,82747,19347,36203,120743,63400,-84540,163567
2025-07-01,USD,US DOLLAR INDEX,tff,14869,12117,9393,0,2752,9393,36286
2025-07-08,AUD,AUSTRALIAN DOLLAR,tff,21932,39382,48396,3355,-17450,45041,153390
2025-07-08,CAD,CANADIAN DOLLAR,tff,17728,46507,89992,27779,-28779,62213,201326
2025-07-08,CHF,SWISS FRANC,tff,6872,6535,40949,5715,337,35234,72761
2025-07-08,COPPER,COPPER,dis,80843,41239,64469,105571,39604,-41102,230251
2025-07-08,EUR,EURO FX,tff,105233,76110,41200,496248,29123,-455048,805847
2025-07-08,GBP,BRITISH POUND,tff,69294,32645,8829,39841,36649,-31012,191557
2025-07-08,GOLD,GOLD,dis,261685,58717,71875,310229,202968,-238354,443144
2025-07-08,JPY,JAPANESE YEN,tff,42605,32223,9523,203380,10382,-193857,308621
2025-07-08,NZD,NEW ZEALAND DOLLAR,tff,4986,13640,4672,9267,-8654,-4595,43037
2025-07-08,OIL,WTI CRUDE OIL,dis,56547,32752,76532,93194,23795,-16662,163670
2025-07-08,SILVER,SILVER,dis,80779,22258,37094,116689,58521,-79595,162803
2025-07-08,USD,US DOLLAR INDEX,tff,13952,12344,9400,0,1608,9400,35076
2025-07-15,AUD,AUSTRALIAN DOLLAR,tff,19728,37336,52164,2516,-17608,49648,150487
2025-07-15,CAD,CANADIAN DOLLAR,tff,18796,44516,94000,24896,-25720,69104,202720
2025-07-15,CHF,SWISS FRANC,tff,7129,8372,43716,8416,-1243,35300,74255
2025-07-15,COPPER,COPPER,dis,75423,34699,63262,105287,40724,-42025,224583
2025-07-15,EUR,EURO FX,tff,106430,67906,42464,515996,38524,-473532,820440
2025-07-15,GBP,BRITISH POUND,tff,72514,24991,10620,37878,47523,-27258,187275
2025-07-15,GOLD,GOLD,dis,270227,57112,75989,326677,213115,-250688,448531
2025-07-15,JPY,JAPANESE YEN,tff,42392,45751,36455,192890,-3359,-156435,321350
2025-07-15,NZD,NEW ZEALAND DOLLAR,tff,5697,12441,5958,8781,-6744,-2823,41959
2025-07-15,OIL,WTI CRUDE OIL,dis,56495,33079,79940,94746,23416,-14806,167890
2025-07-15,SILVER,SILVER,dis,85022,25574,35466,115114,59448,-79648,171474
2025-07-15,USD,US DOLLAR INDEX,tff,14235,10896,9808,0,3339,9808,35177
2025-07-22,AUD,AUSTRALIAN DOLLAR,tff,25713,37898,60092,1902,-12185,58190,161394
2025-07-22,CAD,CANADIAN DOLLAR,tff,19500,50125,94422,22297,-30625,72125,200895
2025-07-22,CHF,SWISS FRANC,tff,5962,9643,44953,7482,-3681,37471,75681
2025-07-22,COPPER,COPPER,dis,77637,37815,66215,106829,39822,-40614,228192
2025-07-22,EUR,EURO FX,tff,102310,73901,47272,522071,28409,-474799,843447
2025-07-22,GBP,BRITISH POUND,tff,72364,20847,31025,28718,51517,2307,195467
2025-07-22,GOLD,GOLD,dis,311949,58911,76726,359063,253038,-282337,489423
2025-07-22,JPY,JAPANESE YEN,tff,36995,43056,28423,192337,-6061,-163914,313040
2025-07-22,NZD,NEW ZEALAND DOLLAR,tff,5952,13280,10402,7823,-7328,2579,44100
2025-07-22,OIL,WTI CRUDE OIL,dis,59883,33892,84794,103048,25991,-18254,176243
2025-07-22,SILVER,SILVER,dis,85678,25058,36803,116030,60620,-79227,173679
2025-07-22,USD,US DOLLAR INDEX,tff,12807,11890,9854,400,917,9454,35725
2025-07-29,AUD,AUSTRALIAN DOLLAR,tff,23013,34399,56421,2827,-11386,53594,159680
2025-07-29,CAD,CANADIAN DOLLAR,tff,17555,47640,95832,19537,-30085,76295,201852
2025-07-29,CHF,SWISS FRANC,tff,6853,9115,48029,7573,-2262,40456,76905
2025-07-29,COPPER,COPPER,dis,74650,37303,67232,104308,37347,-37076,228444
2025-07-29,EUR,EURO FX,tff,110100,79238,47984,499338,30862,-451354,828577
2025-07-29,GBP,BRITISH POUND,tff,73071,25370,44612,23772,47701,20840,207879
2025-07-29,GOLD,GOLD,dis,281241,57645,79093,338172,223596,-259079,445259
2025-07-29,JPY,JAPANESE YEN,tff,37000,57878,46073,186961,-20878,-140888,329115
2025-07-29,NZD,NEW ZEALAND DOLLAR,tff,7542,13792,10215,9104,-6250,1111,46587
2025-07-29,OIL,WTI CRUDE OIL,dis,61302,33065,87596,107805,28237,-20209,182334
2025-07-29,SILVER,SILVER,dis,80493,21086,37879,116808,59407,-78929,170329
2025-07-29,USD,US DOLLAR INDEX,tff,8729,11594,9727,500,-2865,9227,32919
2025-08-05,AUD,AUSTRALIAN DOLLAR,tff,19628,30092,69127,2137,-10464,66990,163900
2025-08-05,CAD,CANADIAN DOLLAR,tff,21819,51711,112191,19502,-29892,92689,214849
2025-08-05,CHF,SWISS FRANC,tff,5286,9001,51220,7383,-3715,43837,79837
2025-08-05,COPPER,COPPER,dis,54929,34243,65903,98665,20686,-32762,197933
2025-08-05,EUR,EURO FX,tff,106098,71890,49171,488915,34208,-439744,818360
2025-08-05,GBP,BRITISH POUND,tff,64904,24932,63775,20155,39972,43620,206254
2025-08-05,GOLD,GOLD,dis,292194,55144,74075,344221,237050,-270146,449647
2025-08-05,JPY,JAPANESE YEN,tff,38441,60091,55228,190843,-21650,-135615,337378
2025-08-05,NZD,NEW ZEALAND DOLLAR,tff,6609,13387,17657,8289,-6778,9368,48090
2025-08-05,OIL,WTI CRUDE OIL,dis,61535,30715,70734,97805,30820,-27071,167430
2025-08-05,SILVER,SILVER,dis,71234,20576,37347,109575,50658,-72228,161262
2025-08-05,USD,US DOLLAR INDEX,tff,7706,13762,9940,500,-6056,9440,30064
2025-08-12,AUD,AUSTRALIAN DOLLAR,tff,20533,30231,71338,2024,-9698,69314,171294
2025-08-12,CAD,CANADIAN DOLLAR,tff,20286,51046,117374,18974,-30760,98400,221109
2025-08-12,CHF,SWISS FRANC,tff,4442,6587,51497,7163,-2145,44334,80415
2025-08-12,COPPER,COPPER,dis,58802,30591,63855,101888,28211,-38033,193751
2025-08-12,EUR,EURO FX,tff,100864,65926,50625,504801,34938,-454176,824972
2025-08-12,GBP,BRITISH POUND,tff,63204,35835,62143,20019,27369,42124,216082
2025-08-12,GOLD,GOLD,dis,288115,58630,63427,326492,229485,-263065,446152
2025-08-12,JPY,JAPANESE YEN,tff,38075,73481,67396,186279,-35406,-118883,351163
2025-08-12,NZD,NEW ZEALAND DOLLAR,tff,8959,13149,16614,8177,-4190,8437,48240
2025-08-12,OIL,WTI CRUDE OIL,dis,62855,30793,73047,97988,32062,-24941,169490
2025-08-12,SILVER,SILVER,dis,66252,21984,41331,107752,44268,-66421,156432
2025-08-12,USD,US DOLLAR INDEX,tff,7595,14215,9833,150,-6620,9683,30410
2025-08-19,AUD,AUSTRALIAN DOLLAR,tff,28954,33773,78308,1941,-4819,76367,185901
2025-08-19,CAD,CANADIAN DOLLAR,tff,18015,51927,120141,17983,-33912,102158,220859
2025-08-19,CHF,SWISS FRANC,tff,4913,4997,52129,6654,-84,45475,80039
2025-08-19,COPPER,COPPER,dis,56691,30659,68369,103734,26032,-35365,195080
2025-08-19,EUR,EURO FX,tff,104037,70811,51466,501044,33226,-449578,825219
2025-08-19,GBP,BRITISH POUND,tff,64243,41789,60669,20244,22454,40425,219831
2025-08-19,GOLD,GOLD,dis,275277,62687,66670,316635,212590,-249965,438541
2025-08-19,JPY,JAPANESE YEN,tff,33996,77350,61854,185866,-43354,-124012,348982
2025-08-19,NZD,NEW ZEALAND DOLLAR,tff,8920,12924,15569,8038,-4004,7531,47495
2025-08-19,OIL,WTI CRUDE OIL,dis,62900,30731,74688,100600,32169,-25912,170923
2025-08-19,SILVER,SILVER,dis,68102,21553,45127,111802,46549,-66675,158477
2025-08-19,USD,US DOLLAR INDEX,tff,8676,12483,9625,177,-3807,9448,28891
2025-08-26,AUD,AUSTRALIAN DOLLAR,tff,28298,32781,86248,2338,-4483,83910,191207
2025-08-26,CAD,CANADIAN DOLLAR,tff,19521,55664,122393,18011,-36143,104382,227180
2025-08-26,CHF,SWISS FRANC,tff,5184,5121,51679,6714,63,44965,78933
2025-08-26,COPPER,COPPER,dis,56762,30532,66222,101216,26230,-34994,190049
2025-08-26,EUR,EURO FX,tff,109029,74822,47052,507819,34207,-460767,842215
2025-08-26,GBP,BRITISH POUND,tff,64127,40473,67648,21472,23654,46176,219906
2025-08-26,GOLD,GOLD,dis,275767,61456,72908,323873,214311,-250965,443760
2025-08-26,JPY,JAPANESE YEN,tff,37627,79015,56818,191493,-41388,-134675,357366
2025-08-26,NZD,NEW ZEALAND DOLLAR,tff,13515,13740,16253,9024,-225,7229,53094
2025-08-26,OIL,WTI CRUDE OIL,dis,61965,31135,77983,103432,30830,-25449,173323
2025-08-26,SILVER,SILVER,dis,68227,21761,46134,114419,46466,-68285,158630
2025-08-26,USD,US DOLLAR INDEX,tff,12375,14295,9231,177,-1920,9054,31488
2025-09-02,AUD,AUSTRALIAN DOLLAR,tff,23431,33784,75618,3250,-10353,72368,185048
2025-09-02,CAD,CANADIAN DOLLAR,tff,14546,58575,125458,16974,-44029,108484,225322
2025-09-02,CHF,SWISS FRANC,tff,7112,5697,51711,6780,1415,44931,80906
2025-09-02,COPPER,COPPER,dis,61044,35386,63120,97070,25658,-33950,195673
2025-09-02,EUR,EURO FX,tff,107011,77338,46785,506665,29673,-459880,845820
2025-09-02,GBP,BRITISH POUND,tff,65228,43549,78680,20162,21679,58518,226437
2025-09-02,GOLD,GOLD,dis,315796,66266,73919,347817,249530,-273898,492908
2025-09-02,JPY,JAPANESE YEN,tff,37470,93913,68189,188404,-56443,-120215,414249
2025-09-02,NZD,NEW ZEALAND DOLLAR,tff,13816,13531,15161,8788,285,6373,55035
2025-09-02,OIL,WTI CRUDE OIL,dis,58785,29466,69390,91903,29319,-22513,155964
2025-09-02,SILVER,SILVER,dis,74466,18543,40121,114318,55923,-74197,158368
2025-09-02,USD,US DOLLAR INDEX,tff,11357,12114,9182,177,-757,9005,31502
2025-09-09,AUD,AUSTRALIAN DOLLAR,tff,28332,33086,70167,4505,-4754,65662,208092
2025-09-09,CAD,CANADIAN DOLLAR,tff,16785,64132,125775,15069,-47347,110706,249304
2025-09-09,CHF,SWISS FRANC,tff,6407,6915,51383,7592,-508,43791,105100
2025-09-09,COPPER,COPPER,dis,64293,37052,65052,101067,27241,-36015,208356
2025-09-09,EUR,EURO FX,tff,103962,71350,47377,513816,32612,-466439,878104
2025-09-09,GBP,BRITISH POUND,tff,57669,40714,76502,25168,16955,51334,322879
2025-09-09,GOLD,GOLD,dis,324875,63135,73850,347225,261740,-273375,509625
2025-09-09,JPY,JAPANESE YEN,tff,41473,83135,53701,204972,-41662,-151271,410799
2025-09-09,NZD,NEW ZEALAND DOLLAR,tff,12116,13990,17791,10955,-1874,6836,71602
2025-09-09,OIL,WTI CRUDE OIL,dis,56542,29331,71910,91275,27211,-19365,159482
2025-09-09,SILVER,SILVER,dis,72450,18513,40163,113565,53937,-73402,156703
2025-09-09,USD,US DOLLAR INDEX,tff,18991,15755,9792,150,3236,9642,38029
2025-09-16,AUD,AUSTRALIAN DOLLAR,tff,34848,37929,39276,9485,-3081,29791,154790
2025-09-16,CAD,CANADIAN DOLLAR,tff,16778,65022,117369,10090,-48244,107279,266847
2025-09-16,CHF,SWISS FRANC,tff,6282,8691,42299,2941,-2409,39358,71730
2025-09-16,COPPER,COPPER,dis,69370,39022,69990,108414,30348,-38424,221011
2025-09-16,EUR,EURO FX,tff,108039,81802,72918,538082,26237,-465164,855448
2025-09-16,GBP,BRITISH POUND,tff,60280,38667,78299,67506,21613,10793,234531
2025-09-16,GOLD,GOLD,dis,326778,60368,77867,380238,266410,-302371,516221
2025-09-16,JPY,JAPANESE YEN,tff,39642,90432,8833,130963,-50790,-122130,299620
2025-09-16,NZD,NEW ZEALAND DOLLAR,tff,8315,13642,20572,2139,-5327,18433,49146
2025-09-16,OIL,WTI CRUDE OIL,dis,58643,29552,72909,94735,29091,-21826,163603
2025-09-16,SILVER,SILVER,dis,71623,20085,43118,114507,51538,-71389,162954
2025-09-16,USD,US DOLLAR INDEX,tff,10373,16279,18832,0,-5906,18832,38526
2025-09-23,AUD,AUSTRALIAN DOLLAR,tff,35376,40922,48137,7902,-5546,40235,160854
2025-09-23,CAD,CANADIAN DOLLAR,tff,17289,66045,118769,6552,-48756,112217,212186
2025-09-23,CHF,SWISS FRANC,tff,7435,8142,42868,2637,-707,40231,72030
2025-09-23,COPPER,COPPER,dis,72751,42521,71826,110079,30230,-38253,227318
2025-09-23,EUR,EURO FX,tff,106658,86855,71331,540385,19803,-469054,859215
2025-09-23,GBP,BRITISH POUND,tff,61382,33720,78072,68281,27662,9791,233166
2025-09-23,GOLD,GOLD,dis,332808,66059,82971,381374,266749,-298403,528789
2025-09-23,JPY,JAPANESE YEN,tff,42138,95108,6833,136088,-52970,-129255,309893
2025-09-23,NZD,NEW ZEALAND DOLLAR,tff,11825,14675,23283,2380,-2850,20903,56346
2025-09-23,OIL,WTI CRUDE OIL,dis,59522,29871,73509,95566,29651,-22057,165725
2025-09-23,SILVER,SILVER,dis,72318,20042,42281,115036,52276,-72755,165805
2025-09-23,USD,US DOLLAR INDEX,tff,11700,16912,18675,0,-5212,18675,40441
2025-09-30,AUD,AUSTRALIAN DOLLAR,tff,33684,45330,56851,7778,-11646,49073,167976
2025-09-30,CAD,CANADIAN DOLLAR,tff,31804,77392,131850,6793,-45588,125057,240191
2025-09-30,CHF,SWISS FRANC,tff,7341,7306,43636,2756,35,40880,71950
2025-09-30,COPPER,COPPER,dis,79411,46845,71180,113730,32566,-42550,230658
2025-09-30,EUR,EURO FX,tff,105007,82730,69839,531933,22277,-462094,845775
2025-09-30,GBP,BRITISH POUND,tff,61279,29168,81926,59926,32111,22000,226426
2025-09-30,GOLD,GOLD,dis,318804,65896,68872,357108,252908,-288236,493748
2025-09-30,JPY,JAPANESE YEN,tff,43974,94506,13749,115046,-50532,-101297,305711
2025-09-30,NZD,NEW ZEALAND DOLLAR,tff,24477,17612,28968,354,6865,28614,68651
2025-09-30,OIL,WTI CRUDE OIL,dis,60435,32058,81085,105867,28377,-24782,173720
2025-09-30,SILVER,SILVER,dis,70062,20323,41780,112870,49739,-71090,163837
2025-09-30,USD,US DOLLAR INDEX,tff,5597,16928,18238,0,-11331,18238,35699
2025-10-07,AUD,AUSTRALIAN DOLLAR,tff,35234,38271,49119,14383,-3037,34736,170970
2025-10-07,CAD,CANADIAN DOLLAR,tff,32413,80155,153779,5739,-47742,148040,261636
2025-10-07,CHF,SWISS FRANC,tff,5883,6420,44683,2175,-537,42508,72046
2025-10-07,COPPER,COPPER,dis,92520,53451,75512,126384,39069,-50872,250850
2025-10-07,EUR,EURO FX,tff,107423,86038,70410,536696,21385,-466286,855286
2025-10-07,GBP,BRITISH POUND,tff,73987,39125,80871,69537,34862,11334,247550
2025-10-07,GOLD,GOLD,dis,300798,68842,77599,341371,231956,-263772,485559
2025-10-07,JPY,JAPANESE YEN,tff,36311,91943,23906,110497,-55632,-86591,305134
2025-10-07,NZD,NEW ZEALAND DOLLAR,tff,23740,18173,35165,355,5567,34810,72345
2025-10-07,OIL,WTI CRUDE OIL,dis,53756,28859,75026,94760,24897,-19734,159722
2025-10-07,SILVER,SILVER,dis,67668,21451,44862,113548,46217,-68686,166474
2025-10-07,USD,US DOLLAR INDEX,tff,6309,18760,18107,0,-12451,18107,38717
2025-10-14,AUD,AUSTRALIAN DOLLAR,tff,36497,31074,50332,9660,5423,40672,170002
2025-10-14,CAD,CANADIAN DOLLAR,tff,27050,76837,164113,5882,-49787,158231,269924
2025-10-14,CHF,SWISS FRANC,tff,5082,7423,45530,1236,-2341,44294,73172
2025-10-14,COPPER,COPPER,dis,93543,50916,75208,128451,42627,-53243,252089
2025-10-14,EUR,EURO FX,tff,103080,80802,73898,512555,22278,-438657,841079
2025-10-14,GBP,BRITISH POUND,tff,72347,33253,86841,61020,39094,25821,237520
2025-10-14,GOLD,GOLD,dis,278405,74489,92027,328894,203916,-236867,485788
2025-10-14,JPY,JAPANESE YEN,tff,43389,95490,19688,106832,-52101,-87144,305003
2025-10-14,NZD,NEW ZEALAND DOLLAR,tff,28437,22723,39471,355,5714,39116,82509
2025-10-14,OIL,WTI CRUDE OIL,dis,50952,30215,78358,95384,20737,-17026,160571
2025-10-14,SILVER,SILVER,dis,67041,23860,46432,111087,43181,-64655,172415
2025-10-14,USD,US DOLLAR INDEX,tff,4026,20562,17434,0,-16536,17434,37137
2025-10-21,AUD,AUSTRALIAN DOLLAR,tff,40003,39657,57342,4512,346,52830,173878
2025-10-21,CAD,CANADIAN DOLLAR,tff,25431,80276,165712,7147,-54845,158565,272419
2025-10-21,CHF,SWISS FRANC,tff,6171,8349,45190,3071,-2178,42119,74034
2025-10-21,COPPER,COPPER,dis,89766,48555,83340,135473,41211,-52133,258680
2025-10-21,EUR,EURO FX,tff,102054,79590,70561,514275,22464,-443714,835887
2025-10-21,GBP,BRITISH POUND,tff,69452,29795,88115,60346,39657,27769,233484
2025-10-21,GOLD,GOLD,dis,253851,77242,107847,317964,176609,-210117,472421
2025-10-21,JPY,JAPANESE YEN,tff,41771,88186,7230,126483,-46415,-119253,307569
2025-10-21,NZD,NEW ZEALAND DOLLAR,tff,28061,21536,46861,354,6525,46507,89666
2025-10-21,OIL,WTI CRUDE OIL,dis,51687,28681,79492,97122,23006,-17630,162577
2025-10-21,SILVER,SILVER,dis,60904,23645,45199,102436,37259,-57237,169418
2025-10-21,USD,US DOLLAR INDEX,tff,3992,21822,17246,0,-17830,17246,35369
2025-10-28,AUD,AUSTRALIAN DOLLAR,tff,30047,42481,66646,5248,-12434,61398,173436
2025-10-28,CAD,CANADIAN DOLLAR,tff,25850,84858,174768,8884,-59008,165884,278750
2025-10-28,CHF,SWISS FRANC,tff,7709,9329,45234,2689,-1620,42545,74922
2025-10-28,COPPER,COPPER,dis,97902,48808,86829,147632,49094,-60803,272068
2025-10-28,EUR,EURO FX,tff,108266,90923,74144,506454,17343,-432310,843717
2025-10-28,GBP,BRITISH POUND,tff,80902,40509,100955,53656,40393,47299,248118
2025-10-28,GOLD,GOLD,dis,266308,61644,89653,326680,204664,-237027,457122
2025-10-28,JPY,JAPANESE YEN,tff,42455,92580,9731,131984,-50125,-122253,321889
2025-10-28,NZD,NEW ZEALAND DOLLAR,tff,26912,21866,46471,354,5046,46117,88049
2025-10-28,OIL,WTI CRUDE OIL,dis,55810,27619,82777,102457,28191,-19680,170277
2025-10-28,SILVER,SILVER,dis,55959,18840,43371,98956,37119,-55585,158187
2025-10-28,USD,US DOLLAR INDEX,tff,5884,21166,17509,0,-15282,17509,34998
2025-11-04,AUD,AUSTRALIAN DOLLAR,tff,40803,48291,64025,5527,-7488,58498,180801
2025-11-04,CAD,CANADIAN DOLLAR,tff,25088,98033,186990,9685,-72945,177305,292964
2025-11-04,CHF,SWISS FRANC,tff,7138,10067,53368,1231,-2929,52137,81378
2025-11-04,COPPER,COPPER,dis,103012,46637,79986,148570,56375,-68584,269926
2025-11-04,EUR,EURO FX,tff,98873,93691,75329,467770,5182,-392441,835176
2025-11-04,GBP,BRITISH POUND,tff,67560,41637,146562,46601,25923,99961,270917
2025-11-04,GOLD,GOLD,dis,256572,54265,88355,324897,202307,-236542,450399
2025-11-04,JPY,JAPANESE YEN,tff,39743,96359,15262,109156,-56616,-93894,314190
2025-11-04,NZD,NEW ZEALAND DOLLAR,tff,27760,25524,46359,354,2236,46005,91568
2025-11-04,OIL,WTI CRUDE OIL,dis,51620,22145,76375,99947,29475,-23572,162671
2025-11-04,SILVER,SILVER,dis,54166,20945,42218,94882,33221,-52664,155257
2025-11-04,USD,US DOLLAR INDEX,tff,8077,28935,17352,0,-20858,17352,43439
2025-11-10,AUD,AUSTRALIAN DOLLAR,tff,31113,46644,67787,2440,-15531,65347,179467
2025-11-10,CAD,CANADIAN DOLLAR,tff,18784,90878,191834,10510,-72094,181324,289605
2025-11-10,CHF,SWISS FRANC,tff,6050,9601,55971,1228,-3551,54743,82840
2025-11-10,COPPER,COPPER,dis,102708,47182,76206,145062,55526,-68856,265474
2025-11-10,EUR,EURO FX,tff,84211,89872,75317,467071,-5661,-391754,831275
2025-11-10,GBP,BRITISH POUND,tff,55627,43073,162908,46929,12554,115979,272612
2025-11-10,GOLD,GOLD,dis,265916,58847,87076,331899,207069,-244823,459997
2025-11-10,JPY,JAPANESE YEN,tff,41045,98659,13828,108835,-57614,-95007,312845
2025-11-10,NZD,NEW ZEALAND DOLLAR,tff,31776,26767,54932,354,5009,54578,102883
2025-11-10,OIL,WTI CRUDE OIL,dis,52457,19475,72520,102499,32982,-29979,163973
2025-11-10,SILVER,SILVER,dis,55038,22052,45569,97785,32986,-52216,159649
2025-11-10,USD,US DOLLAR INDEX,tff,7930,28072,17606,0,-20142,17606,42792
2025-11-18,AUD,AUSTRALIAN DOLLAR,tff,33257,45684,64142,5524,-12427,58618,179341
2025-11-18,CAD,CANADIAN DOLLAR,tff,21358,93726,178732,9866,-72368,168866,278400
2025-11-18,CHF,SWISS FRANC,tff,6819,8530,47276,2457,-1711,44819,76329
2025-11-18,COPPER,COPPER,dis,99639,47680,76398,139518,51959,-63120,251537
2025-11-18,EUR,EURO FX,tff,87561,75140,75473,489196,12421,-413723,827015
2025-11-18,GBP,BRITISH POUND,tff,57629,48904,169419,47121,8725,122298,279341
2025-11-18,GOLD,GOLD,dis,269556,59217,97001,342586,210339,-245585,471953
2025-11-18,JPY,JAPANESE YEN,tff,44380,107516,27917,103735,-63136,-75818,329456
2025-11-18,NZD,NEW ZEALAND DOLLAR,tff,26356,24239,61718,354,2117,61364,103502
2025-11-18,OIL,WTI CRUDE OIL,dis,52162,21230,77593,106131,30932,-28538,171541
2025-11-18,SILVER,SILVER,dis,54535,20519,47076,100502,34016,-53426,153295
2025-11-18,USD,US DOLLAR INDEX,tff,7427,30763,18095,0,-23336,18095,44403
2025-11-25,AUD,AUSTRALIAN DOLLAR,tff,32135,49693,77673,4923,-17558,72750,192678
2025-11-25,CAD,CANADIAN DOLLAR,tff,20320,92799,178903,9346,-72479,169557,280112
2025-11-25,CHF,SWISS FRANC,tff,6919,7522,50282,1747,-603,48535,77509
2025-11-25,COPPER,COPPER,dis,92120,48483,71992,125993,43637,-54001,233461
2025-11-25,EUR,EURO FX,tff,90941,76217,73064,484010,14724,-410946,830589
2025-11-25,GBP,BRITISH POUND,tff,51338,52667,182507,49061,-1329,133446,315550
2025-11-25,GOLD,GOLD,dis,253266,48678,82657,324060,204588,-241403,432946
2025-11-25,JPY,JAPANESE YEN,tff,48541,102135,17364,103853,-53594,-86489,344420
2025-11-25,NZD,NEW ZEALAND DOLLAR,tff,25496,25058,65777,363,438,65414,107180
2025-11-25,OIL,WTI CRUDE OIL,dis,55133,22045,82024,111866,33088,-29842,176638
2025-11-25,SILVER,SILVER,dis,52002,19814,45480,98748,32188,-53268,144541
2025-11-25,USD,US DOLLAR INDEX,tff,8860,33645,18234,0,-24785,18234,47161
2025-12-02,AUD,AUSTRALIAN DOLLAR,tff,31459,49128,71440,6506,-17669,64934,202574
2025-12-02,CAD,CANADIAN DOLLAR,tff,14900,90624,179574,8419,-75724,171155,274997
2025-12-02,CHF,SWISS FRANC,tff,5302,8541,49892,1796,-3239,48096,77275
2025-12-02,COPPER,COPPER,dis,98832,45419,68541,135057,53413,-66516,242931
2025-12-02,EUR,EURO FX,tff,90775,71503,70809,505736,19272,-434927,851184
2025-12-02,GBP,BRITISH POUND,tff,52318,47453,166826,48339,4865,118487,299768
2025-12-02,GOLD,GOLD,dis,261331,43771,60147,315495,217560,-255348,418490
2025-12-02,JPY,JAPANESE YEN,tff,51732,113207,19516,111032,-61475,-91516,394859
2025-12-02,NZD,NEW ZEALAND DOLLAR,tff,21104,23040,66759,593,-1936,66166,104251
2025-12-02,OIL,WTI CRUDE OIL,dis,55384,19348,68595,102017,36036,-33422,159976
2025-12-02,SILVER,SILVER,dis,59575,21056,44313,100952,38519,-56639,150832
2025-12-02,USD,US DOLLAR INDEX,tff,6466,29734,18313,52,-23268,18261,43781
2025-12-09,AUD,AUSTRALIAN DOLLAR,tff,57563,39000,50575,30631,18563,19944,296662
2025-12-09,CAD,CANADIAN DOLLAR,tff,12559,86949,154470,6367,-74390,148103,251868
2025-12-09,CHF,SWISS FRANC,tff,7223,9441,55691,2173,-2218,53518,92395
2025-12-09,COPPER,COPPER,dis,106848,44369,66138,142321,62479,-76183,250821
2025-12-09,EUR,EURO FX,tff,102769,61164,74207,548612,41605,-474405,942794
2025-12-09,GBP,BRITISH POUND,tff,54229,47761,155669,47816,6468,107853,332405
2025-12-09,GOLD,GOLD,dis,268485,44599,63707,326286,223886,-262579,432569
2025-12-09,JPY,JAPANESE YEN,tff,43313,132007,34533,103549,-88694,-69016,465416
2025-12-09,NZD,NEW ZEALAND DOLLAR,tff,14176,22030,68123,418,-7854,67705,114432
2025-12-09,OIL,WTI CRUDE OIL,dis,55529,17212,69330,104777,38317,-35447,163099
2025-12-09,SILVER,SILVER,dis,65958,21249,42995,103822,44709,-60827,154762
2025-12-09,USD,US DOLLAR INDEX,tff,6908,28168,18483,62,-21260,18421,42972
2025-12-16,AUD,AUSTRALIAN DOLLAR,tff,64914,25437,41956,67724,39477,-25768,293796
2025-12-16,CAD,CANADIAN DOLLAR,tff,11073,88091,110471,12032,-77018,98439,244427
2025-12-16,CHF,SWISS FRANC,tff,6985,11334,55709,5415,-4349,50294,103436
2025-12-16,COPPER,COPPER,dis,108316,43490,69115,147994,64826,-78879,256887
2025-12-16,EUR,EURO FX,tff,116937,65636,36836,520690,51301,-483854,986986
2025-12-16,GBP,BRITISH POUND,tff,51009,36461,74074,3699,14548,70375,282031
2025-12-16,GOLD,GOLD,dis,280920,46942,74655,349013,233978,-274358,471093
2025-12-16,JPY,JAPANESE YEN,tff,40103,122743,7840,64591,-82640,-56751,379679
2025-12-16,NZD,NEW ZEALAND DOLLAR,tff,10608,22614,56003,536,-12006,55467,103974
2025-12-16,OIL,WTI CRUDE OIL,dis,55638,16087,71192,104235,39551,-33043,166861
2025-12-16,SILVER,SILVER,dis,56034,19682,45998,101189,36352,-55191,152921
2025-12-16,USD,US DOLLAR INDEX,tff,11803,14010,3621,765,-2207,2856,26994
2025-12-23,AUD,AUSTRALIAN DOLLAR,tff,66955,25473,41941,67798,41482,-25857,217163
2025-12-23,CAD,CANADIAN DOLLAR,tff,13824,71543,76428,22944,-57719,53484,197138
2025-12-23,CHF,SWISS FRANC,tff,7403,11283,58161,5012,-3880,53149,88305
2025-12-23,COPPER,COPPER,dis,108078,40990,79729,160175,67088,-80446,267343
2025-12-23,EUR,EURO FX,tff,120823,64716,40444,544642,56107,-504198,866951
2025-12-23,GBP,BRITISH POUND,tff,52895,34060,68609,5322,18835,63287,198132
2025-12-23,GOLD,GOLD,dis,290161,49461,75835,359361,240700,-283526,492103
2025-12-23,JPY,JAPANESE YEN,tff,33828,111984,8792,62550,-78156,-53758,285084
2025-12-23,NZD,NEW ZEALAND DOLLAR,tff,11570,21914,54162,2663,-10344,51499,82159
2025-12-23,OIL,WTI CRUDE OIL,dis,56367,14345,77450,110932,42022,-33482,174882
2025-12-23,SILVER,SILVER,dis,55243,19359,46775,101042,35884,-54267,155710
2025-12-23,USD,US DOLLAR INDEX,tff,13485,14811,3663,767,-1326,2896,28181
2025-12-30,AUD,AUSTRALIAN DOLLAR,tff,66902,33231,40385,71381,33671,-30996,223804
2025-12-30,CAD,CANADIAN DOLLAR,tff,14314,72992,74959,44514,-58678,30445,211171
2025-12-30,CHF,SWISS FRANC,tff,7179,12012,57783,6126,-4833,51657,89124
2025-12-30,COPPER,COPPER,dis,102775,42936,78728,151436,59839,-72708,260139
2025-12-30,EUR,EURO FX,tff,121459,68797,40071,547387,52662,-507316,869169
2025-12-30,GBP,BRITISH POUND,tff,56342,30651,60835,9396,25691,51439,196003
2025-12-30,GOLD,GOLD,dis,275592,44419,82254,357500,231173,-275246,481866
2025-12-30,JPY,JAPANESE YEN,tff,33087,107234,6813,71916,-74147,-65103,286132
2025-12-30,NZD,NEW ZEALAND DOLLAR,tff,9309,23789,53459,2441,-14480,51018,79352
2025-12-30,OIL,WTI CRUDE OIL,dis,56389,14217,80802,114482,42172,-33680,180123
2025-12-30,SILVER,SILVER,dis,50506,20443,50323,100585,30063,-50262,157391
2025-12-30,USD,US DOLLAR INDEX,tff,14671,14673,3485,763,-2,2722,28984
2026-01-06,AUD,AUSTRALIAN DOLLAR,tff,68439,33324,41249,75619,35115,-34370,230926
2026-01-06,CAD,CANADIAN DOLLAR,tff,16030,73126,76500,43434,-57096,33066,218740
2026-01-06,CHF,SWISS FRANC,tff,8549,9789,58688,6958,-1240,51730,90378
2026-01-06,COPPER,COPPER,dis,101724,43866,81594,153608,57858,-72014,267027
2026-01-06,EUR,EURO FX,tff,119570,68970,45159,556172,50600,-511013,881815
2026-01-06,GBP,BRITISH POUND,tff,60134,31187,58260,11097,28947,47163,206314
2026-01-06,GOLD,GOLD,dis,274435,46803,80218,352253,227632,-272035,488116
2026-01-06,JPY,JAPANESE YEN,tff,47898,111128,8340,61414,-63230,-53074,287715
2026-01-06,NZD,NEW ZEALAND DOLLAR,tff,13802,24407,52956,2648,-10605,50308,84556
2026-01-06,OIL,WTI CRUDE OIL,dis,54137,7006,54256,98398,47131,-44142,153565
2026-01-06,SILVER,SILVER,dis,47384,18113,47989,99680,29271,-51691,153240
2026-01-06,USD,US DOLLAR INDEX,tff,15398,14632,3450,767,766,2683,30078
2026-01-13,AUD,AUSTRALIAN DOLLAR,tff,68678,38461,43038,70101,30217,-27063,229456
2026-01-13,CAD,CANADIAN DOLLAR,tff,22400,78099,71205,32900,-55699,38305,219263
2026-01-13,CHF,SWISS FRANC,tff,10064,10635,63154,6318,-571,56836,96220
2026-01-13,COPPER,COPPER,dis,97415,43974,82378,151340,53441,-68962,269813
2026-01-13,EUR,EURO FX,tff,103621,78229,52405,536979,25392,-484574,883672
2026-01-13,GBP,BRITISH POUND,tff,66540,28450,56853,15052,38090,41801,207867
2026-01-13,GOLD,GOLD,dis,296183,44945,83382,380488,251238,-297106,527455
2026-01-13,JPY,JAPANESE YEN,tff,43869,142519,31644,17254,-98650,14390,294242
2026-01-13,NZD,NEW ZEALAND DOLLAR,tff,12239,22372,56544,1728,-10133,54816,85211
2026-01-13,OIL,WTI CRUDE OIL,dis,48385,7479,65595,105597,40906,-40002,163182
2026-01-13,SILVER,SILVER,dis,47337,15277,42595,97887,32060,-55292,151513
2026-01-13,USD,US DOLLAR INDEX,tff,11659,14968,3455,793,-3309,2662,29868
2026-01-20,AUD,AUSTRALIAN DOLLAR,tff,73064,45506,41610,72314,27558,-30704,230657
2026-01-20,CAD,CANADIAN DOLLAR,tff,15588,72945,70494,28528,-57357,41966,213597
2026-01-20,CHF,SWISS FRANC,tff,9120,9155,65533,5578,-35,59955,98085
2026-01-20,COPPER,COPPER,dis,101631,49056,86077,155263,52575,-69186,278431
2026-01-20,EUR,EURO FX,tff,100073,89837,61094,512366,10236,-451272,880948
2026-01-20,GBP,BRITISH POUND,tff,66435,25657,56377,15421,40778,40956,207612
2026-01-20,GOLD,GOLD,dis,295772,51002,85869,375558,244770,-289689,528004
2026-01-20,JPY,JAPANESE YEN,tff,52959,137696,38466,21339,-84737,17127,292607
2026-01-20,NZD,NEW ZEALAND DOLLAR,tff,19594,24713,57769,927,-5119,56842,92661
2026-01-20,OIL,WTI CRUDE OIL,dis,48746,10053,77817,110953,38693,-33136,170314
2026-01-20,SILVER,SILVER,dis,42965,17751,43723,90112,25214,-46389,152020
2026-01-20,USD,US DOLLAR INDEX,tff,10984,15106,3942,791,-4122,3151,29579
2026-01-27,AUD,AUSTRALIAN DOLLAR,tff,92979,48253,36367,92590,44726,-56223,252055
2026-01-27,CAD,CANADIAN DOLLAR,tff,25930,78146,66088,56253,-52216,9835,227204
2026-01-27,CHF,SWISS FRANC,tff,8819,9544,60669,7726,-725,52943,96111
2026-01-27,COPPER,COPPER,dis,101400,53010,87989,152801,48390,-64812,278219
2026-01-27,EUR,EURO FX,tff,115423,89062,57593,548117,26361,-490524,919284
2026-01-27,GBP,BRITISH POUND,tff,72408,35265,54693,27407,37143,27286,224459
2026-01-27,GOLD,GOLD,dis,252100,46704,96200,344485,205396,-248285,488463
2026-01-27,JPY,JAPANESE YEN,tff,52084,123850,44498,52506,-71766,-8008,300726
2026-01-27,NZD,NEW ZEALAND DOLLAR,tff,15757,27415,54020,1737,-11658,52283,85552
2026-01-27,OIL,WTI CRUDE OIL,dis,51209,10151,81973,115256,41058,-33283,177483
2026-01-27,SILVER,SILVER,dis,43475,19772,44788,88844,23703,-44056,156637
2026-01-27,USD,US DOLLAR INDEX,tff,16061,15686,3975,798,375,3177,31746
2026-02-03,AUD,AUSTRALIAN DOLLAR,tff,98448,39039,33794,108417,59409,-74623,254240
2026-02-03,CAD,CANADIAN DOLLAR,tff,18431,71286,47653,63932,-52855,-16279,216252
2026-02-03,CHF,SWISS FRANC,tff,7633,7272,56308,7945,361,48363,93555
2026-02-03,COPPER,COPPER,dis,97407,49593,87240,149791,47814,-62551,278845
2026-02-03,EUR,EURO FX,tff,123767,81712,56077,570104,42055,-514027,910464
2026-02-03,GBP,BRITISH POUND,tff,73446,38035,52696,29351,35411,23345,227888
2026-02-03,GOLD,GOLD,dis,214508,48904,87964,295742,165604,-207778,409694
2026-02-03,JPY,JAPANESE YEN,tff,58399,112851,40636,71572,-54452,-30936,303673
2026-02-03,NZD,NEW ZEALAND DOLLAR,tff,11848,22445,40798,2613,-10597,38185,71304
2026-02-03,OIL,WTI CRUDE OIL,dis,55713,11590,74730,107211,44123,-32481,167458
2026-02-03,SILVER,SILVER,dis,38883,13006,35248,80973,25877,-45725,143180
2026-02-03,USD,US DOLLAR INDEX,tff,14169,13412,3504,810,757,2694,28190
2026-02-10,AUD,AUSTRALIAN DOLLAR,tff,97357,32453,27635,112708,64904,-85073,247194
2026-02-10,CAD,CANADIAN DOLLAR,tff,18949,69957,38434,67649,-51008,-29215,215037
2026-02-10,CHF,SWISS FRANC,tff,7398,8198,56002,7995,-800,48007,95799
2026-02-10,COPPER,COPPER,dis,94440,48567,85237,146029,45873,-60792,270792
2026-02-10,EUR,EURO FX,tff,132693,82489,55900,586035,50204,-530135,926273
2026-02-10,GBP,BRITISH POUND,tff,73525,30046,53365,29402,43479,23963,227574
2026-02-10,GOLD,GOLD,dis,212808,52796,88738,286476,160012,-197738,404391
2026-02-10,JPY,JAPANESE YEN,tff,69883,123750,38386,74423,-53867,-36037,334948
2026-02-10,NZD,NEW ZEALAND DOLLAR,tff,10313,21098,39731,2519,-10785,37212,71848
2026-02-10,OIL,WTI CRUDE OIL,dis,54334,19765,82476,111505,34569,-29029,172532
2026-02-10,SILVER,SILVER,dis,36660,13705,37295,79458,22955,-42163,133641
2026-02-10,USD,US DOLLAR INDEX,tff,14696,12047,3659,913,2649,2746,27789
2026-02-17,AUD,AUSTRALIAN DOLLAR,tff,103196,32936,17675,125763,70260,-108088,256213
2026-02-17,CAD,CANADIAN DOLLAR,tff,22004,64038,31674,79347,-42034,-47673,218415
2026-02-17,CHF,SWISS FRANC,tff,7841,5386,56518,8658,2455,47860,95743
2026-02-17,COPPER,COPPER,dis,89699,30368,91573,165459,59331,-73886,272967
2026-02-17,EUR,EURO FX,tff,126502,82953,54606,579530,43549,-524924,916813
2026-02-17,GBP,BRITISH POUND,tff,74888,32522,63206,17673,42366,45533,238845
2026-02-17,GOLD,GOLD,dis,213432,53517,88237,285019,159915,-196782,407078
2026-02-17,JPY,JAPANESE YEN,tff,82783,112104,29223,110160,-29321,-80937,354328
2026-02-17,NZD,NEW ZEALAND DOLLAR,tff,9443,21908,39909,4284,-12465,35625,73004
2026-02-17,OIL,WTI CRUDE OIL,dis,53952,21089,86681,115084,32863,-28403,176823
2026-02-17,SILVER,SILVER,dis,36626,12623,36729,79076,24003,-42347,131496
2026-02-17,USD,US DOLLAR INDEX,tff,12894,11002,3459,893,1892,2566,26596
2026-02-24,AUD,AUSTRALIAN DOLLAR,tff,92751,28098,17713,124938,64653,-107225,248697
2026-02-24,CAD,CANADIAN DOLLAR,tff,24880,58981,34705,82041,-34101,-47336,222562
2026-02-24,CHF,SWISS FRANC,tff,10272,6409,57804,8185,3863,49619,96835
2026-02-24,COPPER,COPPER,dis,88073,29633,90248,162596,58440,-72348,261235
2026-02-24,EUR,EURO FX,tff,120964,84167,55362,555121,36797,-499759,911287
2026-02-24,GBP,BRITISH POUND,tff,69164,29013,78154,9188,40151,68966,245891
2026-02-24,GOLD,GOLD,dis,211649,52472,86198,287004,159177,-200806,420182
2026-02-24,JPY,JAPANESE YEN,tff,87174,113491,36865,107263,-26317,-70398,369721
2026-02-24,NZD,NEW ZEALAND DOLLAR,tff,9811,20073,37025,4328,-10262,32697,71503
2026-02-24,OIL,WTI CRUDE OIL,dis,55456,19577,96583,126033,35879,-29450,189804
2026-02-24,SILVER,SILVER,dis,32500,10240,35475,76555,22260,-41080,125454
2026-02-24,USD,US DOLLAR INDEX,tff,12120,11270,3419,896,850,2523,26218
2026-03-03,AUD,AUSTRALIAN DOLLAR,tff,82669,28034,18858,132127,54635,-113269,267280
2026-03-03,CAD,CANADIAN DOLLAR,tff,24944,66315,39154,75066,-41371,-35912,232433
2026-03-03,CHF,SWISS FRANC,tff,11434,6978,60812,8312,4456,52500,105413
2026-03-03,COPPER,COPPER,dis,89103,31422,85481,155225,57681,-69744,244932
2026-03-03,EUR,EURO FX,tff,128443,98811,56431,511111,29632,-454680,913289
2026-03-03,GBP,BRITISH POUND,tff,68080,33574,105382,9867,34506,95515,269696
2026-03-03,GOLD,GOLD,dis,213752,53607,84834,285417,160145,-200583,409789
2026-03-03,JPY,JAPANESE YEN,tff,88766,122991,56389,90527,-34225,-34138,416977
2026-03-03,NZD,NEW ZEALAND DOLLAR,tff,11169,21464,41277,2803,-10295,38474,79462
2026-03-03,OIL,WTI CRUDE OIL,dis,54146,21247,93548,126201,32899,-32653,188874
2026-03-03,SILVER,SILVER,dis,34226,10888,30893,70859,23338,-39966,113326
2026-03-03,USD,US DOLLAR INDEX,tff,10139,14686,3402,897,-4547,2505,29871
2026-03-10,AUD,AUSTRALIAN DOLLAR,tff,69980,23412,27336,133072,46568,-105736,315898
2026-03-10,CAD,CANADIAN DOLLAR,tff,28252,65411,34267,86568,-37159,-52301,288392
2026-03-10,CHF,SWISS FRANC,tff,10750,6470,60041,6601,4280,53440,110897
2026-03-10,COPPER,COPPER,dis,82373,30707,87652,150285,51666,-62633,235322
2026-03-10,EUR,EURO FX,tff,105592,100361,62742,481320,5231,-418578,969374
2026-03-10,GBP,BRITISH POUND,tff,48818,28716,110682,7567,20102,103115,392591
2026-03-10,GOLD,GOLD,dis,215445,52313,85280,288256,163132,-202976,413956
2026-03-10,JPY,JAPANESE YEN,tff,77546,126765,88905,81349,-49219,7556,427718
2026-03-10,NZD,NEW ZEALAND DOLLAR,tff,11699,15865,42017,1523,-4166,40494,84215
2026-03-10,OIL,WTI CRUDE OIL,dis,56076,25712,107852,132501,30364,-24649,206658
2026-03-10,SILVER,SILVER,dis,33306,8728,31789,73366,24578,-41577,115458
2026-03-10,USD,US DOLLAR INDEX,tff,8867,20550,2823,778,-11683,2045,32012
2026-03-17,AUD,AUSTRALIAN DOLLAR,tff,69124,23765,34233,154928,45359,-120695,265675
2026-03-17,CAD,CANADIAN DOLLAR,tff,26293,64145,44757,54576,-37852,-9819,247753
2026-03-17,CHF,SWISS FRANC,tff,7358,6845,45770,7339,513,38431,74101
2026-03-17,COPPER,COPPER,dis,78514,30470,87339,146773,48044,-59434,231319
2026-03-17,EUR,EURO FX,tff,106918,113870,29602,360018,-6952,-330416,755789
2026-03-17,GBP,BRITISH POUND,tff,46706,34938,130725,41223,11768,89502,243434
2026-03-17,GOLD,GOLD,dis,215961,56092,86184,284832,159869,-198648,411388
2026-03-17,JPY,JAPANESE YEN,tff,69103,134532,61703,31604,-65429,30099,326688
2026-03-17,NZD,NEW ZEALAND DOLLAR,tff,5644,21561,42325,6281,-15917,36044,64084
2026-03-17,OIL,WTI CRUDE OIL,dis,58391,26889,112354,139723,31502,-27369,213364
2026-03-17,SILVER,SILVER,dis,31125,9244,31938,70296,21881,-38358,114758
2026-03-17,USD,US DOLLAR INDEX,tff,11169,16784,3007,10548,-5615,-7541,35456
2026-03-24,AUD,AUSTRALIAN DOLLAR,tff,68577,19432,32930,152299,49145,-119369,257694
2026-03-24,CAD,CANADIAN DOLLAR,tff,26751,58451,30119,37684,-31700,-7565,182798
2026-03-24,CHF,SWISS FRANC,tff,7950,7715,47188,6284,235,40904,76518
2026-03-24,COPPER,COPPER,dis,68491,30954,90872,137160,37537,-46288,221772
2026-03-24,EUR,EURO FX,tff,97985,111523,39995,357133,-13538,-317138,764691
2026-03-24,GBP,BRITISH POUND,tff,47450,31734,128153,46144,15716,82009,238862
2026-03-24,GOLD,GOLD,dis,220861,52534,76997,280825,168327,-203828,403925
2026-03-24,JPY,JAPANESE YEN,tff,67921,122773,60117,42836,-54852,17281,328210
2026-03-24,NZD,NEW ZEALAND DOLLAR,tff,7461,24191,43769,4053,-16730,39716,65011
2026-03-24,OIL,WTI CRUDE OIL,dis,58169,33069,121639,146135,25100,-24496,225742
2026-03-24,SILVER,SILVER,dis,33938,9265,29511,69799,24673,-40288,113164
2026-03-24,USD,US DOLLAR INDEX,tff,10923,17844,3236,10543,-6921,-7307,36113
2026-03-31,AUD,AUSTRALIAN DOLLAR,tff,76188,23619,30591,158593,52569,-128002,263962
2026-03-31,CAD,CANADIAN DOLLAR,tff,28325,71235,64103,36157,-42910,27946,217085
2026-03-31,CHF,SWISS FRANC,tff,10695,9205,48430,4780,1490,43650,79740
2026-03-31,COPPER,COPPER,dis,71107,31003,84546,134355,40104,-49809,220756
2026-03-31,EUR,EURO FX,tff,106291,102344,48543,357954,3947,-309411,774237
2026-03-31,GBP,BRITISH POUND,tff,58402,28470,132294,51454,29932,80840,243461
2026-03-31,GOLD,GOLD,dis,207602,44400,58697,260337,163202,-201640,361409
2026-03-31,JPY,JAPANESE YEN,tff,77232,123414,65995,52624,-46182,13371,345276
2026-03-31,NZD,NEW ZEALAND DOLLAR,tff,5752,23550,50305,6700,-17798,43605,70805
2026-03-31,OIL,WTI CRUDE OIL,dis,58919,31801,131234,153352,27118,-22118,235004
2026-03-31,SILVER,SILVER,dis,33463,9559,29892,68749,23904,-38857,115169
2026-03-31,USD,US DOLLAR INDEX,tff,11243,20075,3142,10538,-8832,-7396,38735
2026-04-07,AUD,AUSTRALIAN DOLLAR,tff,70748,24847,36181,153851,45901,-117670,264658
2026-04-07,CAD,CANADIAN DOLLAR,tff,31961,76105,82871,32290,-44144,50581,240735
2026-04-07,CHF,SWISS FRANC,tff,9990,10087,55237,5623,-97,49614,86646
2026-04-07,COPPER,COPPER,dis,72637,32410,84019,135634,40227,-51615,224634
2026-04-07,EUR,EURO FX,tff,104662,103780,52663,356091,882,-303428,775043
2026-04-07,GBP,BRITISH POUND,tff,55779,29246,133276,53508,26533,79768,244191
2026-04-07,GOLD,GOLD,dis,205368,49063,57729,251480,156305,-193751,354877
2026-04-07,JPY,JAPANESE YEN,tff,76763,127873,67943,36075,-51110,31868,349373
2026-04-07,NZD,NEW ZEALAND DOLLAR,tff,9015,24840,51879,2781,-15825,49098,76952
2026-04-07,OIL,WTI CRUDE OIL,dis,57291,31208,118116,140106,26083,-21990,220157
2026-04-07,SILVER,SILVER,dis,32810,9393,28211,67126,23417,-38915,115138
2026-04-07,USD,US DOLLAR INDEX,tff,9727,18368,3069,10539,-8641,-7470,36573
2026-04-14,AUD,AUSTRALIAN DOLLAR,tff,67142,23500,41049,151875,43642,-110826,263918
2026-04-14,CAD,CANADIAN DOLLAR,tff,22623,84027,108148,32711,-61404,75437,259258
2026-04-14,CHF,SWISS FRANC,tff,8828,12249,61171,10574,-3421,50597,93376
2026-04-14,COPPER,COPPER,dis,86302,31193,88954,153095,55109,-64141,245595
2026-04-14,EUR,EURO FX,tff,117694,92312,47901,385359,25382,-337458,788828
2026-04-14,GBP,BRITISH POUND,tff,54047,31716,125770,56230,22331,69540,250053
2026-04-14,GOLD,GOLD,dis,210009,47483,55757,256839,162526,-201082,362274
2026-04-14,JPY,JAPANESE YEN,tff,77737,132182,66562,43133,-54445,23429,354344
2026-04-14,NZD,NEW ZEALAND DOLLAR,tff,6512,23603,59616,5118,-17091,54498,80727
2026-04-14,OIL,WTI CRUDE OIL,dis,57348,30140,122867,145098,27208,-22231,226616
2026-04-14,SILVER,SILVER,dis,32391,8829,32338,72471,23562,-40133,116983
2026-04-14,USD,US DOLLAR INDEX,tff,10581,13676,3301,10473,-3095,-7172,32911
2026-04-21,AUD,AUSTRALIAN DOLLAR,tff,73641,25316,45664,164358,48325,-118694,275415
2026-04-21,CAD,CANADIAN DOLLAR,tff,17875,82090,100907,45590,-64215,55317,255128
2026-04-21,CHF,SWISS FRANC,tff,8282,12048,60125,10088,-3766,50037,91532
2026-04-21,COPPER,COPPER,dis,90142,30938,87855,157190,59204,-69335,250504
2026-04-21,EUR,EURO FX,tff,113259,92942,46504,401195,20317,-354691,790622
2026-04-21,GBP,BRITISH POUND,tff,60536,31399,126045,68234,29137,57811,263523
2026-04-21,GOLD,GOLD,dis,212893,48887,56261,259201,164006,-202940,365842
2026-04-21,JPY,JAPANESE YEN,tff,80220,148717,71654,27261,-68497,44393,351782
2026-04-21,NZD,NEW ZEALAND DOLLAR,tff,5291,23353,62235,3510,-18062,58725,82508
2026-04-21,OIL,WTI CRUDE OIL,dis,58605,29781,129327,151827,28824,-22500,232833
2026-04-21,SILVER,SILVER,dis,33233,9513,32357,73342,23720,-40985,115462
2026-04-21,USD,US DOLLAR INDEX,tff,9556,11965,3584,10635,-2409,-7051,30651
2026-04-28,AUD,AUSTRALIAN DOLLAR,tff,73808,25953,41534,166752,47855,-125218,277370
2026-04-28,CAD,CANADIAN DOLLAR,tff,25239,79067,83444,60192,-53828,23252,252679
2026-04-28,CHF,SWISS FRANC,tff,7107,12281,62055,12371,-5174,49684,94111
2026-04-28,COPPER,COPPER,dis,92519,29238,86236,158265,63281,-72029,230596
2026-04-28,EUR,EURO FX,tff,111857,100263,48682,396571,11594,-347889,801430
2026-04-28,GBP,BRITISH POUND,tff,58489,29607,131315,63446,28882,67869,263635
2026-04-28,GOLD,GOLD,dis,211818,52247,60553,255366,159571,-194813,369530
2026-04-28,JPY,JAPANESE YEN,tff,81800,157602,84091,25315,-75802,58776,372780
2026-04-28,NZD,NEW ZEALAND DOLLAR,tff,7160,23993,61264,3960,-16833,57304,83529
2026-04-28,OIL,WTI CRUDE OIL,dis,60490,33782,135081,151842,26708,-16761,239741
2026-04-28,SILVER,SILVER,dis,31314,7154,29676,70128,24160,-40452,101275
2026-04-28,USD,US DOLLAR INDEX,tff,8782,11943,3461,10473,-3161,-7012,30611
2026-05-05,AUD,AUSTRALIAN DOLLAR,tff,82075,25475,37538,171134,56600,-133596,279532
2026-05-05,CAD,CANADIAN DOLLAR,tff,25741,73499,69498,66476,-47758,3022,243793
2026-05-05,CHF,SWISS FRANC,tff,6389,13023,65311,12450,-6634,52861,94468
2026-05-05,COPPER,COPPER,dis,96261,33412,82829,154846,62849,-72017,232609
2026-05-05,EUR,EURO FX,tff,110859,99013,50574,393749,11846,-343175,815942
2026-05-05,GBP,BRITISH POUND,tff,63113,37064,131954,53597,26049,78357,276143
2026-05-05,GOLD,GOLD,dis,211814,48511,58230,257165,163303,-198935,367932
2026-05-05,JPY,JAPANESE YEN,tff,86085,138982,68788,46946,-52897,21842,354005
2026-05-05,NZD,NEW ZEALAND DOLLAR,tff,5654,24948,64678,3663,-19294,61015,85340
2026-05-05,OIL,WTI CRUDE OIL,dis,53816,29352,117273,131719,24464,-14446,217942
2026-05-05,SILVER,SILVER,dis,32965,9073,26094,66629,23892,-40535,96932
2026-05-05,USD,US DOLLAR INDEX,tff,7407,13212,3503,10473,-5805,-6970,32496
2026-05-12,AUD,AUSTRALIAN DOLLAR,tff,87122,31271,38739,174431,55851,-135692,289244
2026-05-12,CAD,CANADIAN DOLLAR,tff,29032,66695,69818,72243,-37663,-2425,251467
2026-05-12,CHF,SWISS FRANC,tff,5389,13097,66537,12680,-7708,53857,94743
2026-05-12,COPPER,COPPER,dis,108768,32459,84538,171681,76309,-87143,259808
2026-05-12,EUR,EURO FX,tff,115836,97833,50756,403974,18003,-353218,829377
2026-05-12,GBP,BRITISH POUND,tff,70179,32877,121666,64792,37302,56874,283643
2026-05-12,GOLD,GOLD,dis,219793,48171,57725,267983,171622,-210258,376496
2026-05-12,JPY,JAPANESE YEN,tff,75029,137469,85065,42886,-62440,42179,362042
2026-05-12,NZD,NEW ZEALAND DOLLAR,tff,7792,27227,62602,5662,-19435,56940,86227
2026-05-12,OIL,WTI CRUDE OIL,dis,53334,29986,120909,134605,23348,-13696,222402
2026-05-12,SILVER,SILVER,dis,36569,10458,27341,70987,26111,-43646,103800
2026-05-12,USD,US DOLLAR INDEX,tff,9720,14471,3552,10473,-4751,-6921,32108
2026-05-19,AUD,AUSTRALIAN DOLLAR,tff,92064,30886,41467,170711,61178,-129244,301269
2026-05-19,CAD,CANADIAN DOLLAR,tff,28159,66813,97005,79565,-38654,17440,292877
2026-05-19,CHF,SWISS FRANC,tff,6894,11739,69321,13308,-4845,56013,104225
2026-05-19,COPPER,COPPER,dis,107483,31597,83511,169010,75886,-85499,257964
2026-05-19,EUR,EURO FX,tff,121171,104854,48932,377144,16317,-328212,826019
2026-05-19,GBP,BRITISH POUND,tff,68279,36910,131699,46364,31369,85335,285647
2026-05-19,GOLD,GOLD,dis,211018,51185,69520,261149,159833,-191629,379325
2026-05-19,JPY,JAPANESE YEN,tff,81097,146042,101621,42935,-64945,58686,396573
2026-05-19,NZD,NEW ZEALAND DOLLAR,tff,9929,25265,65820,13008,-15336,52812,92545
2026-05-19,OIL,WTI CRUDE OIL,dis,54361,29776,123710,137718,24585,-14008,225508
2026-05-19,SILVER,SILVER,dis,34591,9920,27108,69776,24671,-42668,100751
2026-05-19,USD,US DOLLAR INDEX,tff,11286,23002,3601,10473,-11716,-6872,40626
2026-05-26,AUD,AUSTRALIAN DOLLAR,tff,89665,29431,40470,143426,60234,-102956,302802
2026-05-26,CAD,CANADIAN DOLLAR,tff,33148,71243,109183,56159,-38095,53024,297944
2026-05-26,CHF,SWISS FRANC,tff,6164,10987,68558,13761,-4823,54797,105594
2026-05-26,COPPER,COPPER,dis,105673,32633,88083,171795,73040,-83712,266243
2026-05-26,EUR,EURO FX,tff,110985,103689,46277,368386,7296,-322109,824224
2026-05-26,GBP,BRITISH POUND,tff,62625,33796,129679,47033,28829,82646,282065
2026-05-26,GOLD,GOLD,dis,200704,46444,74641,260407,154260,-185766,353489
2026-05-26,JPY,JAPANESE YEN,tff,87395,157903,107851,34422,-70508,73429,427294
2026-05-26,NZD,NEW ZEALAND DOLLAR,tff,10160,23830,60276,12910,-13670,47366,91414
2026-05-26,OIL,WTI CRUDE OIL,dis,55228,29562,124890,139742,25666,-14852,228086
2026-05-26,SILVER,SILVER,dis,32758,10535,27605,68498,22223,-40893,101744
2026-05-26,USD,US DOLLAR INDEX,tff,11356,23886,3791,10773,-12530,-6982,42278
2026-06-02,AUD,AUSTRALIAN DOLLAR,tff,86862,28062,41912,124164,58800,-82252,305391
2026-06-02,CAD,CANADIAN DOLLAR,tff,34541,79142,130802,40950,-44601,89852,305869
2026-06-02,CHF,SWISS FRANC,tff,5604,15553,67421,12787,-9949,54634,111432
2026-06-02,COPPER,COPPER,dis,111525,32692,84829,173474,78833,-88645,276892
2026-06-02,EUR,EURO FX,tff,109583,97556,45480,374951,12027,-329471,842424
2026-06-02,GBP,BRITISH POUND,tff,58403,31050,128483,46003,27353,82480,271147
2026-06-02,GOLD,GOLD,dis,206096,30076,53851,260196,176020,-206345,326052
2026-06-02,JPY,JAPANESE YEN,tff,88645,176708,133277,32649,-88063,100628,505555
2026-06-02,NZD,NEW ZEALAND DOLLAR,tff,6068,33793,68522,15869,-27725,52653,136648
2026-06-02,OIL,WTI CRUDE OIL,dis,46998,28785,109313,110456,18213,-1143,200211
2026-06-02,SILVER,SILVER,dis,33933,10007,25782,68443,23926,-42661,102809
2026-06-02,USD,US DOLLAR INDEX,tff,13727,24839,3794,10773,-11112,-6979,43090
2026-06-09,AUD,AUSTRALIAN DOLLAR,tff,71653,29361,66025,115933,42292,-49908,314177
2026-06-09,CAD,CANADIAN DOLLAR,tff,29832,88455,167783,36802,-58623,130981,383773
2026-06-09,CHF,SWISS FRANC,tff,6830,17615,72498,12633,-10785,59865,115412
2026-06-09,COPPER,COPPER,dis,108035,33585,86211,170146,74450,-83935,274331
2026-06-09,EUR,EURO FX,tff,91856,109244,67752,367097,-17388,-299345,871507
2026-06-09,GBP,BRITISH POUND,tff,58647,36335,147387,48386,22312,99001,291371
2026-06-09,GOLD,GOLD,dis,207984,34147,58986,260022,173837,-201036,332709
2026-06-09,JPY,JAPANESE YEN,tff,91168,191012,154259,30713,-99844,123546,505075
2026-06-09,NZD,NEW ZEALAND DOLLAR,tff,10258,32512,71848,17895,-22254,53953,149185
2026-06-09,OIL,WTI CRUDE OIL,dis,47589,28089,122221,128137,19500,-5916,209220
2026-06-09,SILVER,SILVER,dis,32487,10273,26660,67028,22214,-40368,103440
2026-06-09,USD,US DOLLAR INDEX,tff,15886,29542,4005,10962,-13656,-6957,50285
2026-06-16,AUD,AUSTRALIAN DOLLAR,tff,68177,26639,38032,67834,41538,-29802,295545
2026-06-16,CAD,CANADIAN DOLLAR,tff,31107,96160,183012,34365,-65053,148647,492468
2026-06-16,CHF,SWISS FRANC,tff,7480,19846,72838,8447,-12366,64391,145747
2026-06-16,COPPER,COPPER,dis,106794,31444,91951,176359,75350,-84408,270752
2026-06-16,EUR,EURO FX,tff,94228,103154,32449,331417,-8926,-298968,894671
2026-06-16,GBP,BRITISH POUND,tff,54078,37242,138529,33557,16836,104972,323315
2026-06-16,GOLD,GOLD,dis,211127,30907,58220,265783,180220,-207563,339330
2026-06-16,JPY,JAPANESE YEN,tff,93889,190661,138219,8369,-96772,129850,520825
2026-06-16,NZD,NEW ZEALAND DOLLAR,tff,6535,28722,75045,12099,-22187,62946,135171
2026-06-16,OIL,WTI CRUDE OIL,dis,48399,28316,128433,134271,20083,-5838,216548
2026-06-16,SILVER,SILVER,dis,35611,11067,30683,73001,24544,-42318,107721
2026-06-16,USD,US DOLLAR INDEX,tff,16240,18110,4077,24969,-1870,-20892,49411
2026-06-23,AUD,AUSTRALIAN DOLLAR,tff,69043,29932,45523,64268,39111,-18745,214349
2026-06-23,CAD,CANADIAN DOLLAR,tff,32530,115907,201839,35689,-83377,166150,342860
2026-06-23,CHF,SWISS FRANC,tff,7454,21270,77272,8121,-13816,69151,108626
2026-06-23,COPPER,COPPER,dis,104205,32585,92377,172855,71620,-80478,268800
2026-06-23,EUR,EURO FX,tff,108150,123560,36965,312295,-15410,-275330,785477
2026-06-23,GBP,BRITISH POUND,tff,54224,46657,194695,34703,7567,159992,297226
2026-06-23,GOLD,GOLD,dis,217028,35689,64579,269983,181339,-205404,352167
2026-06-23,JPY,JAPANESE YEN,tff,90764,187856,132757,14367,-97092,118390,431030
2026-06-23,NZD,NEW ZEALAND DOLLAR,tff,8776,31598,79228,4633,-22822,74595,103297
2026-06-23,OIL,WTI CRUDE OIL,dis,49333,28359,129216,136429,20974,-7213,218740
2026-06-23,SILVER,SILVER,dis,35139,11388,30501,70741,23751,-40240,108944
2026-06-23,USD,US DOLLAR INDEX,tff,17440,22792,4095,24692,-5352,-20597,54908
2026-06-30,AUD,AUSTRALIAN DOLLAR,tff,64136,32359,52629,64020,31777,-11391,215837
2026-06-30,CAD,CANADIAN DOLLAR,tff,36456,124557,200285,33043,-88101,167242,346500
2026-06-30,CHF,SWISS FRANC,tff,8199,17865,74658,8702,-9666,65956,105912
2026-06-30,COPPER,COPPER,dis,97411,32623,91661,164755,64788,-73094,254335
2026-06-30,EUR,EURO FX,tff,102267,134911,39903,293368,-32644,-253465,790076
2026-06-30,GBP,BRITISH POUND,tff,52097,35824,193859,33934,16273,159925,295062
2026-06-30,GOLD,GOLD,dis,229619,35600,59118,280188,194019,-221070,369541
2026-06-30,JPY,JAPANESE YEN,tff,87437,202837,142623,13205,-115400,129418,438825
2026-06-30,NZD,NEW ZEALAND DOLLAR,tff,8260,33545,88473,2344,-25285,86129,110331
2026-06-30,OIL,WTI CRUDE OIL,dis,51055,27339,131048,136566,23716,-5518,222308
2026-06-30,SILVER,SILVER,dis,37805,10437,32133,73458,27368,-41325,108964
2026-06-30,USD,US DOLLAR INDEX,tff,15604,21184,4520,25890,-5580,-21370,54306
2026-07-07,AUD,AUSTRALIAN DOLLAR,tff,59300,29617,43854,52266,29683,-8412,204837
2026-07-07,CAD,CANADIAN DOLLAR,tff,38249,124206,221959,30220,-85957,191739,363847
2026-07-07,CHF,SWISS FRANC,tff,10944,18162,74273,8817,-7218,65456,107672
2026-07-07,COPPER,COPPER,dis,96440,32168,88070,161240,64272,-73170,250948
2026-07-07,EUR,EURO FX,tff,87460,132921,43012,289135,-45461,-246123,794833
2026-07-07,GBP,BRITISH POUND,tff,57660,39681,169290,33983,17979,135307,282969
2026-07-07,GOLD,GOLD,dis,233713,39467,59564,281846,194246,-222282,371776
2026-07-07,JPY,JAPANESE YEN,tff,84990,175073,108938,21659,-90083,87279,398103
2026-07-07,NZD,NEW ZEALAND DOLLAR,tff,7769,34970,90950,2886,-27201,88064,113535
2026-07-07,OIL,WTI CRUDE OIL,dis,47516,26594,108306,107739,20922,567,193493
2026-07-07,SILVER,SILVER,dis,39446,11431,31337,74432,28015,-43095,104859
2026-07-07,USD,US DOLLAR INDEX,tff,14930,19384,4258,28046,-4454,-23788,53384
2026-07-14,AUD,AUSTRALIAN DOLLAR,tff,55916,28694,49977,57484,27222,-7507,208457
2026-07-14,CAD,CANADIAN DOLLAR,tff,33997,126768,229160,30200,-92771,198960,368792
2026-07-14,CHF,SWISS FRANC,tff,9951,19451,73626,8817,-9500,64809,108412
2026-07-14,COPPER,COPPER,dis,99236,34851,87545,161161,64385,-73616,259873
2026-07-14,EUR,EURO FX,tff,89976,143667,45006,277174,-53691,-232168,799495
2026-07-14,GBP,BRITISH POUND,tff,62437,33896,146132,36902,28541,109230,265153
2026-07-14,GOLD,GOLD,dis,227310,40628,79639,294427,186682,-214788,383689
2026-07-14,JPY,JAPANESE YEN,tff,80938,171399,112781,20607,-90461,92174,396514
2026-07-14,NZD,NEW ZEALAND DOLLAR,tff,6653,35655,95901,10544,-29002,85357,118190
2026-07-14,OIL,WTI CRUDE OIL,dis,47382,27599,110394,110909,19783,-515,196892
2026-07-14,SILVER,SILVER,dis,36246,11172,32919,75516,25074,-42597,105023
2026-07-14,USD,US DOLLAR INDEX,tff,13066,17932,4538,28155,-4866,-23617,53293
2026-07-21,AUD,AUSTRALIAN DOLLAR,tff,53631,28843,60663,74288,24788,-13625,225153
2026-07-21,CAD,CANADIAN DOLLAR,tff,31615,129992,227422,30009,-98377,197413,365599
2026-07-21,CHF,SWISS FRANC,tff,9588,18485,69972,8817,-8897,61155,107866
2026-07-21,COPPER,COPPER,dis,108034,34057,84122,166234,73977,-82112,270048
2026-07-21,EUR,EURO FX,tff,91110,147781,51686,259905,-56671,-208219,800061
2026-07-21,GBP,BRITISH POUND,tff,68394,35158,128196,42218,33236,85978,262281
2026-07-21,GOLD,GOLD,dis,224785,40875,80457,293656,183910,-213199,383368
2026-07-21,JPY,JAPANESE YEN,tff,81033,177218,147939,14240,-96185,133699,423796
2026-07-21,NZD,NEW ZEALAND DOLLAR,tff,5103,36189,89242,13176,-31086,76066,108800
2026-07-21,OIL,WTI CRUDE OIL,dis,47830,27791,114332,114031,20039,301,202975
2026-07-21,SILVER,SILVER,dis,36741,13276,32050,72503,23465,-40453,106410
2026-07-21,USD,US DOLLAR INDEX,tff,16361,18299,4260,28759,-1938,-24499,53953
2026-07-28,AUD,AUSTRALIAN DOLLAR,tff,57490,29872,61155,75324,27618,-14169,229784
2026-07-28,CAD,CANADIAN DOLLAR,tff,26391,128886,236930,31423,-102495,205507,372447
2026-07-28,CHF,SWISS FRANC,tff,10272,19919,73539,8817,-9647,64722,111939
2026-07-28,COPPER,COPPER,dis,103023,35742,87762,163923,67281,-76161,274552
2026-07-28,EUR,EURO FX,tff,92672,157870,76674,252190,-65198,-175516,819806
2026-07-28,GBP,BRITISH POUND,tff,74612,33515,143700,36350,41097,107350,267426
2026-07-28,GOLD,GOLD,dis,219622,37552,75460,287769,182070,-212309,384603
2026-07-28,JPY,JAPANESE YEN,tff,76752,178742,155239,15902,-101990,139337,432366
2026-07-28,NZD,NEW ZEALAND DOLLAR,tff,3676,33703,87547,12067,-30027,75480,105128
2026-07-28,OIL,WTI CRUDE OIL,dis,47887,28129,123417,122025,19758,1392,212110
2026-07-28,SILVER,SILVER,dis,35314,13097,32507,71316,22217,-38809,106719
2026-07-28,USD,US DOLLAR INDEX,tff,17528,19129,5347,32488,-1601,-27141,58251
2026-08-04,AUD,AUSTRALIAN DOLLAR,tff,64639,24002,61335,91656,40637,-30321,240482
2026-08-04,CAD,CANADIAN DOLLAR,tff,24786,126534,231493,30673,-101748,200820,365083
2026-08-04,CHF,SWISS FRANC,tff,11408,21492,72581,8817,-10084,63764,109573
2026-08-04,COPPER,COPPER,dis,114304,37181,84671,170840,77123,-86169,289395
2026-08-04,EUR,EURO FX,tff,95389,147594,51250,255728,-52205,-204478,799909
2026-08-04,GBP,BRITISH POUND,tff,67175,29001,127348,35337,38174,92011,246577
2026-08-04,GOLD,GOLD,dis,227013,29379,71832,298323,197634,-226491,371551
2026-08-04,JPY,JAPANESE YEN,tff,75758,136583,112779,81356,-60825,31423,419393
2026-08-04,NZD,NEW ZEALAND DOLLAR,tff,3647,33937,84946,19456,-30290,65490,101908
2026-08-04,OIL,WTI CRUDE OIL,dis,45051,22018,105892,108792,23033,-2900,189613
2026-08-04,SILVER,SILVER,dis,36454,14174,33118,73540,22280,-40422,111999
2026-08-04,USD,US DOLLAR INDEX,tff,16271,12422,5756,32826,3849,-27070,52154
